customer_id,transaction_id,age,gender,account_type,branch,account_open_date,transaction_date,balance_amount,currency,transaction_amount,transaction_type,credit_score,loan_amount,loan_status,loan_approved,occupation,annual_income,email,notes,income_flag,has_negative_income
CUST-2723,TXN802843,27.0,Male,Savings,Los Angeles,2018-04-17,2018-11-15,1752.31,GBP,300.42,Deposit,676.0,4527.56,Default,No,Lawyer,4645.03,chris.davis@gmail.com,Auto-debit setup confirmed,Normal,False
CUST-2134,TXN845682,39.0,Male,Savings,Los Angeles,2020-04-04,2022-11-14,989.62,USD,358.67,ATM,522.0,78990.79,Active,No,Doctor,6180.67,alex.jones@bank.org,Customer flagged for review,Normal,False
CUST-1534,TXN886476,43.0,Female,Current,New York,2019-03-22,2020-04-13,7367.11,NGN,779.27,Withdrawal,636.0,8441.53,Default,No,Engineer,6180.67,lee.taylor@bank.org,Account dormant >6 months,Normal,False
CUST-1595,TXN608013,45.0,Female,Checking,New York,2022-06-30,2024-02-02,1312.88,USD,510.31,Wire Transfer,783.0,30960.3,Default,Yes,Engineer,6180.67,alex.smith@outlook.com,Customer flagged for review,Normal,False
CUST-1852,TXN132011,37.0,Unknown,Fixed Deposit,Phoenix,2022-11-21,2024-04-29,5808.98,EUR,1440.72,Wire Transfer,661.0,11662.58,Closed,No,Accountant,11324.65,mikejonesgmail.com,Loan disbursed to account,Normal,False
CUST-2086,TXN920256,67.0,Female,Savings,New York,2018-01-05,2024-01-05,8923.45,GBP,2564.82,Wire Transfer,482.0,-416.13,Default,No,unknown,4688.24,chris.wilson@yahoo.com,Loan disbursed to account,Normal,False
CUST-2681,TXN964990,51.0,Female,Savings,Phoenix,2020-02-23,2024-06-30,145.13,GBP,123.86,ATM,626.0,3503.44,Closed,Yes,Engineer,6180.67,jane.jones@bank.org,KYC documents pending,Normal,False
CUST-2104,TXN145011,54.0,Male,Fixed Deposit,Los Angeles,2024-01-22,2024-05-27,460.9,USD,177.08,Wire Transfer,647.0,2938.11,Closed,No,Teacher,6180.67,pat.anderson@,KYC documents pending,Normal,False
CUST-2588,TXN347011,64.0,Male,Current,New York,2021-04-14,2023-10-06,219.46,NGN,307.07,Deposit,468.0,6606.9,Default,No,Lawyer,15837.14,jane.miller@outlook.com,Unknown,Normal,False
CUST-1719,TXN560359,48.0,Female,Current,Chicago,2023-07-29,2024-12-03,1470.43,USD,311.42,Wire Transfer,756.0,2236.88,Default,Yes,Teacher,6180.67,Unknown,Unknown,Normal,False
CUST-1359,TXN682324,48.0,Male,Fixed Deposit,New York,2020-05-20,2022-12-25,2741.74,USD,566.78,Wire Transfer,656.0,13887.66,Default,Yes,Accountant,6180.67,taylor.jackson@yahoo.com,Loan disb,Normal,False
CUST-1724,TXN988168,60.0,Male,Fixed Deposit,Chicago,2024-04-22,2024-06-06,683.04,NGN,618.64,Withdrawal,685.0,5752.85,Closed,No,Engineer,1988.57,jane.davis@bank.org,Unknown,Normal,False
CUST-2677,TXN942032,52.0,Female,Fixed Deposit,Chicago,2022-11-29,2024-06-18,6149.86,NGN,548.87,ATM,623.0,37047.35,Default,No,Lawyer,6180.67,john.jones@outlook.com,Unknown,Normal,False
CUST-2023,TXN961337,34.0,Male,Fixed Deposit,Los Angeles,2023-02-09,2023-08-04,-99999.0,EUR,-39847.58,Withdrawal,647.0,1644.59,Default,Yes,unknown,6180.67,Unknown,Auto-debit setup confirmed,Normal,False
CUST-2061,TXN462573,74.0,Female,Savings,New York,2018-01-15,2024-04-09,8757.15,USD,1701.42,Deposit,598.0,42845.33,Default,No,Engineer,4688.24,morgan.smith@gmail.com,Account dormant >6 months,Normal,False
CUST-2092,TXN905528,56.0,Male,Fixed Deposit,Chicago,2020-06-09,2023-06-19,4726.87,EUR,1783.28,Withdrawal,755.0,3379.77,Unknown,Unknown,Teacher,6660.57,taylor.moore@gmail.com,Loan disbursed to account,Normal,False
CUST-1809,TXN968015,48.0,Female,Fixed Deposit,Chicago,2022-05-19,2022-09-06,431.62,USD,94.63,Deposit,661.0,4384.7,Unknown,Yes,Teacher,925.08,mike.jackson@yahoo.com,KYC documents pending,Normal,False
CUST-1658,TXN855608,26.0,Male,Savings,New York,2018-07-23,2022-10-14,1759.66,USD,621.65,Wire Transfer,584.0,7580.255,Active,Yes,Lawyer,4688.24,john.smith@yahoo.com,Unknown,Normal,False
CUST-1531,TXN218124,52.0,Male,Fixed Deposit,Los Angeles,2021-05-05,2021-12-15,14166.96,USD,2830.1,Wire Transfer,703.0,2774.27,Default,Yes,Lawyer,6156.41,pat.davis@bank.org,Loan disbursed to account,Normal,False
CUST-2784,TXN403696,21.0,Unknown,Checking,New York,2018-01-22,2020-06-03,963.14,EUR,79.4,Deposit,606.0,28677.15,Default,No,Teacher,2990.38,Unknown,Auto-debit setup confirmed,Normal,False
CUST-3037,TXN850702,35.0,Female,Savings,Los Angeles,2019-02-22,2022-12-13,6891.49,EUR,1724.23,Withdrawal,647.0,3318.36,Closed,Yes,Doctor,11009.02,morgan.brown@gmail.com,Transaction verified by branch None,Normal,False
CUST-2726,TXN192462,31.0,Male,Checking,Los Angeles,2019-09-02,2024-02-27,3827.46,USD,905.39,Withdrawal,647.0,2943.5,Active,Unknown,unknown,6180.67,john.taylor@yahoo.com,Transaction verified by branch los angeles,Normal,False
CUST-2779,TXN827013,66.0,Female,Savings,Chicago,2018-04-28,2021-12-15,15165.08,EUR,-500.0,Wire Transfer,647.0,7580.255,Closed,No,unknown,30832.54,lee.brown@yahoo.com,Account dormant >6 months,Normal,False
CUST-2943,TXN312571,41.0,Male,Fixed Deposit,Los Angeles,2023-09-26,2024-09-05,4257.61,EUR,1781.99,Deposit,574.0,4691.9,Closed,Yes,Teacher,3584.65,sara.davis@bank.org,KYC documents pending,Normal,False
CUST-2982,TXN844624,47.0,Female,Savings,New York,2019-01-18,2020-12-10,2285.29,GBP,137.16,ATM,618.0,7580.255,Default,Yes,Engineer,6180.67,chris.brown@,Unknown,Normal,False
CUST-2621,TXN838659,46.0,Female,Savings,Los Angeles,2020-08-11,2022-04-25,5407.65,EUR,1767.2,ATM,681.0,5927.29,Default,Yes,Teacher,1194.46,Unknown,Loan disbursed to account,Normal,False
CUST-2840,TXN870629,67.0,Male,Savings,Los Angeles,2021-03-11,2023-10-14,2090.57,GBP,-178.66,Deposit,665.0,3459.29,Closed,No,Engineer,4688.24,chris.anderson@bank.org,Unknown,Normal,False
cust2008,TXN502697,45.0,Female,Savings,Los Angeles,2021-12-24,2022-08-15,866.31,EUR,9999999.0,Withdrawal,647.0,6996.37,Active,Yes,Accountant,6180.67,jane.jones@outlook.com,Customer flagged for review,Normal,False
cust1750,TXN354471,48.0,Male,Checking,Los Angeles,2018-09-19,2021-10-03,2061.9,GBP,810.61,Wire Transfer,434.0,7674.86,Active,No,Accountant,1403.72,taylor.smith@bank.org,Transaction verified by branch los angeles,Normal,False
CUST-3156,TXN767992,48.0,Male,Savings,Los Angeles,2018-09-29,2020-11-20,207.69,USD,-145.2,Deposit,588.0,33983.32,Active,No,Engineer,1218.86,chris.jones@outlook.com,Unknown,Normal,False
CUST-1068,TXN820221,65.0,Female,Checking,New York,2019-05-26,2023-02-19,1012.56,EUR,13.18,Wire Transfer,734.0,11425.67,Active,Yes,Engineer,6180.67,mike.jones@outlook.com,Loan disbursed to account,Normal,False
CUST-2901,TXN408889,63.0,Male,Checking,Chicago,2021-06-06,2024-03-13,29147.88,USD,9940.85,ATM,720.0,63022.49,Default,Yes,Teacher,13600.54,morgan.moore@bank.org,Account dormant >6 months,Normal,False
cust6084,TXN618510,22.0,Male,Checking,Los Angeles,2023-07-08,2023-11-28,22658.81,USD,11254.02,Wire Transfer,653.0,1927.71,Default,Yes,Accountant,31235.02,morgantaylorgmail.com,Account dormant >6 months,Normal,False
CUST-1433,TXN975761,47.0,Female,Checking,Los Angeles,2019-01-12,2023-07-21,4666.34,EUR,1979.13,Withdrawal,615.0,25551.36,Active,No,Engineer,8370.19,pat.wilson@bank.org,Customer flagged for review,Normal,False
CUST-1501,TXN326735,67.0,Female,Fixed Deposit,Los Angeles,2021-11-27,2024-05-14,2759.79,USD,987.84,Withdrawal,750.0,3275.64,Closed,Yes,Engineer,777.69,john.miller@bank.org,Transaction verified by branch None,Normal,False
CUST-1496,TXN956505,28.0,Female,Savings,Los Angeles,,2024-02-15,750.64,USD,-287.29,Wire Transfer,627.0,7580.255,Default,No,Lawyer,11064.36,john.smith@outlook.com,Transaction verified by branch LA,Normal,False
CUST-2060,TXN404562,65.0,Unknown,Fixed Deposit,Los Angeles,2018-03-29,2018-06-04,894.78,EUR,534.34,Deposit,647.0,4602.82,Active,Yes,Teacher,4688.24,pat.jones@yahoo.com,KYC documents pending,Normal,False
CUST-2019,TXN130719,48.0,Female,Checking,New York,2018-01-23,2024-04-08,1248.85,EUR,3.09,ATM,718.0,12304.01,Default,Yes,Teacher,1160.95,taylor.brown@yahoo.com,Unknown,Normal,False
CUST-1933,TXN514250,74.0,Male,Current,Houston,2024-03-19,2024-04-01,12072.1,GBP,938.3,Deposit,706.0,135219.47,Active,Yes,Doctor,16480.59,john.wilson@gmail.com,Loan disbursed to account,Normal,False
CUST-1381,TXN170060,44.0,Female,Savings,Los Angeles,2022-09-13,2023-05-25,2350.08,EUR,480.31,Wire Transfer,575.0,5201.58,Active,No,Teacher,6180.67,chris.davis@outlook.com,Unknown,Normal,False
CUST-2636,TXN331265,24.0,Male,Checking,Houston,2023-06-15,2023-08-27,604.84,GBP,312.01,Withdrawal,565.0,2835.42,Closed,No,unknown,6180.67,sara.jackson@bank.org,KYC documents pending,Normal,False
CUST-1181,TXN674765,31.0,Female,Savings,New York,2019-03-29,2020-01-28,228.22,USD,284.38,Deposit,640.0,27940.05,Active,Yes,Doctor,6180.67,mike.miller@outlook.com,Customer flagged for review,Normal,False
CUST-1407,TXN718312,32.0,Male,Checking,Chicago,2023-09-17,2023-12-03,-1.0,EUR,511.45,Deposit,604.0,9745.41,Active,No,Doctor,7710.07,sara.wilson@outlook.com,Loan disbursed to account,Normal,False
CUST-2836,TXN403446,28.0,Male,Checking,New York,2021-01-29,2024-05-26,1215.1,GBP,147.61,Wire Transfer,647.0,7843.94,Default,Yes,Lawyer,5700.18,morgan.miller@bank.org,KYC documents pending,Normal,False
CUST-1730,TXN463688,22.0,Male,Savings,New York,2018-04-27,2022-06-02,2591.31,USD,666.35,Deposit,528.0,11176.77,Closed,Yes,Engineer,10576.58,john.taylor@gmail.com,Account dormant >6 months,Normal,False
CUST-1366,TXN581498,56.0,Female,Fixed Deposit,New York,2021-09-18,2023-09-27,-99999.0,GBP,-49613.0,Withdrawal,656.0,7340.12,Active,No,Doctor,6180.67,lee.moore@outlook.com,Customer flagged for review,Normal,False
CUST-3090,TXN782977,36.0,Female,Savings,Los Angeles,2022-03-20,2023-03-22,744.42,EUR,117.66,Withdrawal,664.0,11949.26,Closed,Yes,Lawyer,6180.67,morgan.brown@yahoo.com,Auto-debit setup confirmed,Normal,False
CUST-2177,TXN352327,30.0,Male,Fixed Deposit,New York,2021-04-14,2024-05-02,7334.32,GBP,1022.28,ATM,794.0,7580.255,Active,Yes,Lawyer,4688.24,alex.davis@outlook.com,Loan disbursed to account,Normal,False
CUST-1568,TXN849005,42.0,Male,Savings,Houston,2021-09-13,2021-12-14,-99999.0,USD,-14665.72,Withdrawal,652.0,2731.9,Closed,Yes,Doctor,6180.67,jane.brown@bank.org,Account dormant >6 months,Normal,False
CUST-2885,TXN225738,32.0,Female,Fixed Deposit,Los Angeles,2019-03-06,2024-02-08,36169.79,USD,17306.76,Wire Transfer,718.0,-541.74,Default,Yes,Engineer,32033.69,john.jackson@outlook.com,Unknown,Normal,False
CUST-2475,TXN216353,48.0,Female,Checking,New York,2020-09-11,2023-03-10,12137.85,USD,5376.36,Wire Transfer,652.0,3303.53,Default,No,Accountant,20337.35,chris.brown@bank.org,Transaction verified by branch N.Y.,Normal,False
CUST-1489,TXN970049,57.0,Female,Checking,Los Angeles,2019-03-02,2024-01-22,6764.38,USD,3068.6,Wire Transfer,615.0,7261.85,Active,No,Engineer,6766.12,jane.smith@outlook.com,Customer flagged for review,Normal,False
CUST-1211,TXN817999,23.0,Male,Checking,Houston,2018-04-10,2022-03-12,10441.44,USD,2132.02,Deposit,692.0,7580.255,Active,Yes,Accountant,0.0,morgan.wilson@outlook.com,Auto-debit setup confirmed,Normal,False
CUST-2760,TXN673372,46.0,Female,Fixed Deposit,New York,2018-12-17,2022-04-06,1330.13,USD,407.74,Wire Transfer,656.0,6074.43,Default,Yes,Doctor,4688.24,Unknown,Account dormant >6 months,Normal,False
cust6937,TXN759062,57.0,Female,Fixed Deposit,New York,2021-07-17,2023-11-02,1495.49,USD,180.02,Wire Transfer,545.0,5276.51,Active,Yes,Accountant,6033.21,taylor.smith@outlook.com,Unknown,Normal,False
CUST-2425,TXN519511,69.0,Male,Savings,Los Angeles,2022-04-26,2024-01-24,1955.21,EUR,405.07,Deposit,647.0,7580.255,Default,No,Teacher,2353.16,lee.smith@gmail.com,Unknown,Normal,False
CUST-3008,TXN677092,23.0,Male,Current,Los Angeles,2018-01-22,2021-01-31,20285.31,USD,618.64,ATM,647.0,4224.08,Default,Yes,Accountant,14380.15,taylor.miller@bank.org,Unknown,Normal,False
CUST-2724,TXN663140,75.0,Male,Current,New York,2020-10-10,2022-08-16,411.53,USD,73.57,Deposit,752.0,7653.66,Default,Yes,Engineer,1008.7,Unknown,Auto-debit setup confirmed,Normal,False
CUST-1811,TXN463674,44.0,Male,Fixed Deposit,Chicago,2023-07-17,2023-12-15,1666.45,EUR,29.28,ATM,611.0,2309.68,Active,Yes,Lawyer,1112.08,pat.moore@bank.org,Unknown,Normal,False
CUST-1169,TXN594596,67.0,Female,Checking,Houston,2020-12-27,2021-04-20,864.16,GBP,299.72,Wire Transfer,683.0,4611.35,Closed,Yes,Teacher,6180.67,john.anderson@yahoo.com,Account dormant >6 months,Normal,False
CUST-2792,TXN569270,63.0,Male,Fixed Deposit,Los Angeles,,2021-11-27,7468.17,NGN,1629.03,Withdrawal,563.0,11420.42,Closed,No,Lawyer,4688.24,jane.moore@outlook.com,Customer flagged for review,Normal,False
CUST-1452,TXN155994,41.0,Male,Savings,New York,2024-05-01,2024-06-21,2488.48,NGN,461.77,Withdrawal,717.0,4744.17,Default,Yes,Accountant,3449.85,lee.jones@outlook.com,Loan disbursed to account,Normal,False
CUST-1664,TXN782841,26.0,Female,Fixed Deposit,Phoenix,2021-08-30,2022-03-06,30676.15,EUR,10448.51,Wire Transfer,683.0,12878.17,Default,Yes,Engineer,29279.83,morgan.anderson@yahoo.com,KYC documents pending,Normal,False
CUST-1603,TXN467411,36.0,Male,Current,Los Angeles,2019-11-19,2021-12-17,23675.15,USD,8092.05,Deposit,705.0,4900.17,Unknown,Yes,Teacher,13695.73,janemillergmail.com,Loan disbursed to account,Normal,False
CUST-1632,TXN525155,70.0,Female,Fixed Deposit,Chicago,2021-05-16,2022-11-04,5209.08,USD,410.28,Wire Transfer,645.0,27544.8,Active,No,unknown,7996.46,taylor.smith@yahoo.com,KYC documents pending,Normal,False
CUST-2262,TXN744925,65.0,Male,Fixed Deposit,New York,2022-09-05,2024-04-07,9327.84,EUR,3662.22,Withdrawal,601.0,38877.95,Active,No,Teacher,12953.88,morgan.taylor@gmail.com,Customer flagged for review,Normal,False
CUST-3135,TXN353585,60.0,Male,Checking,Los Angeles,2020-01-02,2022-01-25,577.24,USD,66.0,Deposit,623.0,7580.255,Active,Yes,Lawyer,4688.24,morgan.jones@yahoo.com,Loan disbursed to account,Normal,False
cust7273,TXN779642,60.0,Female,Fixed Deposit,Los Angeles,2022-01-27,2022-08-20,12540.11,EUR,1505.72,Wire Transfer,674.0,2709.39,Active,Yes,Teacher,1259.41,pat.jones@bank.org,Loan disbursed to account,Normal,False
CUST-2391,TXN805723,31.0,Male,Savings,Chicago,2020-07-20,2021-02-22,1731.04,GBP,225.25,Deposit,642.0,2746.51,Closed,No,unknown,1229.55,leemillergmail.com,Loan disbursed to account,Normal,False
CUST-3062,TXN647175,55.0,Male,Checking,Los Angeles,2023-04-23,2024-01-04,302.33,USD,-80.76,Wire Transfer,715.0,5075.91,Active,Yes,Teacher,6180.67,mike.anderson@yahoo.com,Transaction verif,Normal,False
CUST-1369,TXN663849,69.0,Female,Savings,Houston,2023-02-12,2023-12-20,2940.46,USD,1303.19,Wire Transfer,647.0,7902.81,Default,No,Doctor,5957.71,sara.jackson@bank.org,Customer flagged for review,Normal,False
CUST-1641,TXN574320,41.0,Male,Checking,Chicago,2019-01-17,2022-09-03,5511.79,USD,849.01,ATM,762.0,16283.43,Default,Yes,Teacher,6180.67,mike.wilson@yahoo.com,Transaction verified by branch Chicago,Normal,False
CUST-2960,TXN652997,75.0,Male,Checking,Chicago,2023-05-21,2024-03-06,2852.56,USD,1493.14,Deposit,652.0,31161.58,Active,Yes,Lawyer,6696.87,taylor.brown@bank.org,Loan disbursed to account,Normal,False
CUST-1373,TXN899840,53.0,Male,Savings,Los Angeles,2021-07-09,2024-01-08,2401.55,NGN,50.0,Deposit,697.0,7580.255,Closed,Yes,Lawyer,9123.88,morgan.miller@outlook.com,Customer flagged for review,Normal,False
CUST-2956,TXN750600,68.0,Unknown,Checking,New York,2019-04-05,2023-10-07,2162.69,USD,142.34,Deposit,513.0,3886.47,Active,Unknown,Engineer,331.35,taylor.brown@bank.org,Loan disbursed to account,Normal,False
CUST-2853,TXN399335,30.0,Male,Fixed Deposit,Houston,2019-11-30,2019-12-16,1884.75,GBP,951.11,ATM,647.0,4445.56,Default,Yes,Accountant,5084.31,sara.wilson@gmail.com,KYC documents pending,Normal,False
CUST-2478,TXN509224,46.0,Male,Savings,New York,,2024-06-10,1050.77,USD,537.84,ATM,593.0,6388.11,Unknown,No,Engineer,2737.34,lee.jones@yahoo.com,Unknown,Normal,False
CUST--4279,TXN796860,23.0,Female,Fixed Deposit,New York,2020-11-11,2023-01-24,4789.12,GBP,321.88,Deposit,752.0,1795.02,Default,Yes,Accountant,320.9,morgan.moore@,Customer flagged for review,Normal,False
CUST-1935,TXN427432,19.0,Female,Checking,New York,2020-06-23,2022-11-21,645.78,NGN,134.37,ATM,766.0,7580.255,Closed,Yes,Teacher,4688.24,chris.smith@gmail.com,Account dormant >6 months,Normal,False
CUST-3011,TXN546314,31.0,Male,Savings,Phoenix,2020-08-12,2022-01-26,5667.65,USD,2482.41,ATM,651.0,19765.64,Closed,Yes,Engineer,3455.51,taylor.taylor@bank.org,KYC documents pending,Normal,False
CUST-1519,TXN598235,44.0,Female,Fixed Deposit,Phoenix,2019-01-11,2020-01-31,187117.13,EUR,618.64,Withdrawal,609.0,7898.48,Active,No,Accountant,6180.67,morgan.taylor@bank.org,KYC documents pending,Normal,False
CUST-1451,TXN478873,74.0,Male,Fixed Deposit,Los Angeles,2020-05-21,2021-08-11,8175.2,EUR,2183.42,Wire Transfer,639.0,3057.86,Default,No,Engineer,19020.23,sara.miller@yahoo.com,Loan disbursed to account,Normal,False
CUST-3171,TXN413775,69.0,Male,Fixed Deposit,Houston,2019-10-26,2020-12-31,11252.73,USD,4218.88,Deposit,540.0,7580.255,Default,No,Engineer,19558.9,chris.jones@bank.org,Loan disbursed to account,Normal,False
CUST-1630,TXN527527,58.0,Female,Savings,Phoenix,2022-05-10,2022-10-11,3156.94,USD,733.34,Wire Transfer,626.0,7706.31,Active,Yes,Accountant,17086.01,sara.jackson@gmail.com,Account dormant >6 months,Normal,False
CUST-2127,TXN215715,72.0,Unknown,Savings,Los Angeles,2024-05-15,2024-06-26,2139.73,USD,467.23,Wire Transfer,665.0,88619.72,Unknown,Yes,Teacher,6180.67,john.miller@gmail.com,Transaction verified by branch None,Normal,False
CUST-1492,TXN903664,59.0,Female,Fixed Deposit,New York,,2021-08-29,5834.68,USD,2075.91,Wire Transfer,647.0,2455.47,Default,Yes,Doctor,3360.76,sara.davis@,Account dormant >6 months,Normal,False
CUST-2873,TXN801252,65.0,Female,Savings,Chicago,2019-05-22,2024-03-21,7479.33,GBP,3518.55,ATM,536.0,46737.02,Closed,No,unknown,6180.67,lee.jones@gmail.com,Unknown,Normal,False
CUST-2920,TXN944890,48.0,Female,Fixed Deposit,Chicago,2024-03-07,2024-06-11,2896.67,EUR,590.32,Wire Transfer,542.0,7580.255,Active,No,unknown,5857.59,mike.davis@yahoo.com,Customer flagged for review,Normal,False
CUST-2595,TXN400844,58.0,Male,Checking,New York,2018-03-11,2022-11-03,8767.03,GBP,4169.71,Withdrawal,643.0,15504.44,Active,No,Engineer,4688.24,mike.brown@outlook.com,Unknown,Normal,False
CUST-3058,TXN226422,48.0,Male,Fixed Deposit,Houston,2024-05-17,2024-07-06,4069.65,USD,1712.3,Deposit,797.0,26649.61,Default,Yes,Accountant,1766.41,john.taylor@bank.org,Unknown,Normal,False
CUST-1516,TXN117707,66.0,Male,Checking,New York,2024-05-07,2024-06-18,3261.36,NGN,1619.6,Wire Transfer,758.0,2188.96,Active,Yes,Teacher,4688.24,pat.taylor@gmail.com,Account dormant >6 months,Normal,False
CUST-2959,TXN249449,51.0,Male,Fixed Deposit,New York,2019-10-20,2023-03-29,1075.81,NGN,225.51,Withdrawal,630.0,13215.93,Default,Yes,Lawyer,6180.67,pat.moore@yahoo.com,Unknown,Normal,False
CUST-2269,TXN681698,51.0,Female,Checking,Phoenix,2019-12-09,2020-06-15,1410.99,GBP,-0.01,ATM,573.0,5757.04,Active,No,Doctor,6180.67,chris.smith@outlook.com,Customer flagged for review,Normal,False
CUST-2410,TXN698826,56.0,Female,Savings,Los Angeles,2023-11-27,2024-01-13,1381.76,USD,281.81,ATM,761.0,48404.42,Active,Yes,Engineer,6180.67,mike.taylor@yahoo.com,Loan disbursed to account,Normal,False
CUST--9696,TXN199355,72.0,Female,Current,Houston,2019-12-06,2021-10-15,2713.59,USD,92.0,Wire Transfer,656.0,17997.62,Active,Yes,Accountant,6314.71,mike.miller@bank.org,Unknown,Normal,False
CUST-2468,TXN426683,52.0,Female,Checking,Los Angeles,2019-12-30,2022-05-10,44134.53,NGN,4790.0,Withdrawal,596.0,3046.33,Default,Yes,Lawyer,76435.35,alex.wilson@bank.org,Auto-debit setup confirmed,Normal,False
CUST-1213,TXN130897,35.0,Female,Savings,Los Angeles,2023-11-03,2024-04-26,1204.74,NGN,213.77,ATM,637.0,26050.23,Default,No,Doctor,3544.43,chris.jones@gmail.com,Auto-debit setup confirmed,Normal,False
CUST-3051,TXN711417,72.0,Female,Savings,New York,2018-05-07,2024-03-14,1551.73,USD,69.29,Withdrawal,672.0,7580.255,Active,Unknown,unknown,7426.11,taylor.taylor@bank.org,Unknown,Normal,False
CUST-1473,TXN339980,25.0,Female,Checking,New York,2022-02-10,2022-06-23,33467.53,EUR,15078.11,Deposit,628.0,3323.61,Default,Yes,Accountant,23815.47,john.moore@outlook.com,Customer flagged for review,Normal,False
cust1507,TXN125680,48.0,Female,Fixed Deposit,Los Angeles,2018-04-26,2019-10-22,15806.1,EUR,3941.91,Withdrawal,762.0,5985.62,Default,Yes,Teacher,29189.87,lee.anderson@gmail.com,Unknown,Normal,False
CUST-1367,TXN248845,68.0,Male,Checking,Los Angeles,2023-07-07,2023-12-29,1928.67,EUR,733.88,Deposit,675.0,4154.34,Closed,Yes,Accountant,7977.32,Unknown,Loan disbursed to account,Normal,False
CUST-1938,TXN160005,35.0,Female,Checking,Los Angeles,2021-07-14,2022-09-19,14486.59,USD,628.28,Withdrawal,593.0,1741.35,Default,Unknown,Accountant,20560.19,morgan.moore@yahoo.com,KYC documents pending,Normal,False
CUST-1208,TXN206142,52.0,Female,Savings,Chicago,2020-01-03,2022-05-02,198.88,EUR,-255.06,Withdrawal,653.0,10506.22,Default,No,Engineer,6180.67,sara.jackson@outlook.com,Unknown,Normal,False
CUST-2805,TXN292239,29.0,Female,Fixed Deposit,Houston,2020-02-27,2022-09-01,14569.73,EUR,1094.34,Deposit,618.0,2633.64,Active,No,Doctor,15766.45,taylor.miller@yahoo.com,Transaction verified by branch Houston,Normal,False
CUST-2811,TXN935579,21.0,Male,Checking,Chicago,2021-08-10,2022-12-29,14030.46,EUR,5564.73,Withdrawal,611.0,7580.255,Closed,No,Lawyer,9325.83,pat.brown@bank.org,Loan disbursed to account,Normal,False
CUST-2016,TXN970370,48.0,Male,Checking,New York,2021-07-17,2022-03-04,1413.24,GBP,911.71,Deposit,673.0,28786.2,Default,Yes,Lawyer,4688.24,alex.brown@outlook.com,Unknown,Normal,False
CUST-2179,TXN737690,33.0,Male,Checking,Los Angeles,2020-02-15,2022-08-27,3904.45,GBP,2081.04,Wire Transfer,647.0,3489.69,Unknown,Yes,unknown,9191.68,taylor.miller@bank.org,Account dormant >6 months,Normal,False
CUST-2411,TXN893913,68.0,Male,Checking,Los Angeles,2021-02-01,2021-10-22,94.42,USD,-127.94,Withdrawal,615.0,7580.255,Active,No,Doctor,6180.67,lee.taylor@bank.org,Account dormant >6 months,Normal,False
CUST-2961,TXN941538,43.0,Male,Current,Chicago,2022-02-28,2023-05-06,2947.7,NGN,954.67,Withdrawal,673.0,12128.33,Active,Yes,Accountant,6180.67,pat.davis@yahoo.com,Auto-debit setup confirmed,Normal,False
CUST-2741,TXN611482,62.0,Male,Current,New York,2022-06-04,2023-11-23,8981.34,USD,-500.0,Deposit,647.0,5113.78,Closed,No,Engineer,17931.28,sara.brown@yahoo.com,Loan disbursed to account,Normal,False
CUST-3157,TXN109558,23.0,Male,Checking,Chicago,2024-05-29,2024-06-29,8048.6,GBP,403.88,Withdrawal,745.0,29765.4,Active,Yes,Teacher,1965.73,alex.smith@gmail.com,Loan disbursed to account,Normal,False
CUST-1718,TXN704116,37.0,Female,Checking,Los Angeles,2019-09-06,2022-03-27,6869.38,GBP,938.81,Deposit,688.0,1724.51,Closed,Yes,Accountant,15064.4,Unknown,Unknown,Normal,False
CUST-1825,TXN898335,59.0,Male,Savings,New York,2023-10-21,2024-02-08,20318.32,USD,8497.59,ATM,647.0,669.63,Active,No,Doctor,22826.89,alex.davis@outlook.com,Loan di,Normal,False
CUST-1952,TXN693475,30.0,Unknown,Checking,Chicago,2024-04-12,2024-05-23,4948.98,NGN,2318.05,Deposit,650.0,15046.28,Closed,No,Doctor,14991.31,alex.jackson@outlook.com,Unknown,Normal,False
CUST-2974,TXN480130,21.0,Male,Checking,Houston,2021-07-11,2023-01-17,13807.19,EUR,1362.09,Deposit,760.0,3009.04,Active,Yes,Doctor,12525.75,morganandersongmail.com,Auto-debit setup confirmed,Normal,False
CUST-2815,TXN901852,27.0,Female,Fixed Deposit,Phoenix,2022-08-18,2022-01-09,864.42,GBP,-80.81,Withdrawal,489.0,2156.08,Closed,No,Engineer,10289.05,sara.moore@,Unknown,Normal,False
CUST-1271,TXN120742,61.0,Female,Fixed Deposit,Phoenix,2020-06-24,2022-07-07,2829.83,GBP,9999999.0,Withdrawal,668.0,38196.55,Unknown,Yes,Accountant,6180.67,Unknown,Unknown,Normal,False
CUST-1542,TXN230874,44.0,Female,Savings,New York,2020-01-17,2022-12-02,27855.76,NGN,7558.54,Wire Transfer,647.0,7308.15,Closed,Yes,Lawyer,38298.19,jane.anderson@bank.org,Loan disbursed to account,Normal,False
CUST-1505,TXN865806,38.0,Female,Fixed Deposit,Chicago,2019-01-21,2019-04-22,2375.8,EUR,542.11,Deposit,740.0,14669.95,Default,Yes,Accountant,6180.67,lee.brown@,Loan disbursed to account,Normal,False
CUST-2870,TXN391483,24.0,Female,Current,Los Angeles,2021-11-14,2022-01-28,2177.51,GBP,523.48,Withdrawal,519.0,56154.44,Default,No,Lawyer,2462.75,morgan.miller@outlook.com,Account dormant >6 months,Normal,False
CUST-3177,TXN332561,30.0,Female,Checking,Los Angeles,2023-09-11,2024-01-10,74.65,GBP,-172.63,Deposit,640.0,7580.255,Active,Yes,Lawyer,4688.24,sara.anderson@bank.org,Account dormant >6 months,Normal,False
CUST-2146,TXN765299,48.0,Male,Checking,Los Angeles,2018-02-25,2021-12-19,27367.4,GBP,-0.01,Withdrawal,570.0,9282.86,Active,Yes,Doctor,54434.45,chris.wilson@bank.org,KYC documents pending,Normal,False
CUST-2080,TXN373061,29.0,Female,Checking,Phoenix,2019-09-09,2020-01-17,315.49,EUR,359.71,Withdrawal,596.0,16678.96,Closed,Yes,Lawyer,6180.67,taylor.jackson@gmail.com,Account dormant >6 months,Normal,False
CUST-2226,TXN316014,45.0,Male,Fixed Deposit,Los Angeles,2022-03-24,2024-04-01,4333.48,EUR,122.91,Deposit,659.0,36880.74,Active,Yes,Accountant,3697.78,john.smith@gmail.com,Transaction verified by branch los angeles,Normal,False
CUST-2644,TXN329392,53.0,Female,Savings,Chicago,2023-03-15,2024-02-16,1207.21,GBP,412.34,Withdrawal,565.0,4913.49,Closed,Unknown,Doctor,6180.67,pat.anderson@bank.org,KYC documents pending,Normal,False
CUST-1150,TXN623555,61.0,Female,Fixed Deposit,Los Angeles,2021-12-13,2023-06-25,1804.88,USD,769.63,Withdrawal,597.0,47356.26,Unknown,Yes,Engineer,5366.96,john.smith@gmail.com,KYC documents pending,Normal,False
CUST-1215,TXN358771,48.0,Male,Current,Chicago,2024-05-31,2024-06-20,1585.29,USD,428.72,Deposit,816.0,19363.1,Active,Yes,Accountant,6180.67,mike.taylor@gmail.com,Auto-debit setup confirmed,Normal,False
CUST-1676,TXN730157,52.0,Female,Current,Phoenix,2020-10-22,2023-10-30,1738.11,USD,867.08,ATM,647.0,119734.69,Active,Yes,Accountant,5092.1,taylor.jones@gmail.com,Loan disbursed to account,Normal,False
CUST-1361,TXN896509,61.0,Male,Fixed Deposit,Phoenix,2023-02-07,2023-01-07,19037.0,USD,875.72,Wire Transfer,698.0,2718.1,Default,Yes,Engineer,28034.89,jane.anderson@bank.org,KYC documents pending,Normal,False
CUST-3099,TXN421110,63.0,Male,Checking,New York,2018-05-28,2022-06-18,433.94,USD,2.86,Wire Transfer,686.0,7584.29,Active,Yes,Teacher,1586.97,lee.miller@outlook.com,Transaction verified by branch new york,Normal,False
CUST-1987,TXN309606,31.0,Male,Current,Chicago,2022-04-19,2022-11-17,1484.94,EUR,304.82,Deposit,510.0,13289.18,Active,Yes,Doctor,4688.24,Unknown,Customer flagged for review,Normal,False
CUST-1152,TXN790077,72.0,Female,Current,Los Angeles,2024-04-28,2024-06-16,1441.8,EUR,790.42,Withdrawal,593.0,12629.86,Closed,No,unknown,5177.82,pat.brown@gmail.com,KYC documents pending,Normal,False
CUST-1669,TXN346280,56.0,Female,Fixed Deposit,New York,2018-05-14,2024-02-06,1155.9,NGN,460.87,Deposit,715.0,7835.25,Active,Yes,Engineer,3912.62,john.brown@bank.org,Transaction verified by branch New York,Normal,False
CUST-2727,TXN314840,48.0,Female,Savings,Phoenix,2022-10-30,2024-06-26,1308.01,USD,435.3,Wire Transfer,640.0,7580.255,Closed,Yes,unknown,9999999999.0,alex.smith@gmail.com,Customer flagged for review,Suspicious - Extreme,False
CUST-1429,TXN476178,37.0,Male,Savings,Phoenix,2020-05-12,2024-04-21,7545.69,USD,922.21,ATM,651.0,3912.76,Active,Yes,Lawyer,12837.56,Unknown,KYC documents pending,Normal,False
CUST-2808,TXN290183,50.0,Male,Fixed Deposit,Los Angeles,2021-04-10,2021-10-27,12290.45,GBP,3787.71,Wire Transfer,647.0,-727.23,Active,Yes,Engineer,7830.62,chris.jones@gmail.com,KYC documents pending,Normal,False
CUST-2541,TXN746020,33.0,Female,Checking,Los Angeles,2018-04-29,2020-04-25,12626.05,USD,1408.28,Wire Transfer,735.0,7580.255,Default,Yes,Doctor,22841.07,chris.taylor@bank.org,Auto-debit setup confirmed,Normal,False
CUST-2568,TXN538083,19.0,Male,Savings,Houston,2022-01-27,2024-04-08,1455.7,USD,524.91,Wire Transfer,757.0,7580.255,Active,Yes,Lawyer,800.27,alex.moore@yahoo.com,Unknown,Normal,False
CUST-1572,TXN284616,59.0,Female,Checking,Los Angeles,2023-07-01,2024-08-03,40471.35,USD,3726.13,Wire Transfer,656.0,3610.98,Closed,Yes,Engineer,10024.87,patjacksongmail.com,KYC documents pending,Normal,False
CUST-2650,TXN252288,18.0,Female,Fixed Deposit,Chicago,2022-11-07,2024-01-13,13070.32,EUR,4315.94,Deposit,664.0,12723.76,Active,Yes,Engineer,4688.24,mike.smith@bank.org,Customer flagged for review,Normal,False
CUST-2839,TXN631073,35.0,Female,Fixed Deposit,Chicago,2022-12-22,2022-12-23,3993.54,NGN,406.12,Deposit,690.0,3656.8,Active,No,Doctor,13318.09,john.wilson@gmail.com,Loan disbursed to account,Normal,False
CUST-2768,TXN616053,48.0,Female,Checking,Chicago,2020-12-17,2024-03-17,2552.44,GBP,618.64,Wire Transfer,653.0,113172.57,Closed,No,Doctor,9287.42,Unknown,KYC documents pending,Normal,False
CUST-1784,TXN451329,18.0,Female,Fixed Deposit,New York,2019-08-03,2021-06-24,4000.59,EUR,79.86,Withdrawal,526.0,10487.88,Default,No,Lawyer,10545.76,mike.wilson@yahoo.com,Unknown,Normal,False
CUST-2589,TXN894468,72.0,Female,Checking,New York,2022-06-18,2022-09-12,2927.59,USD,726.36,ATM,645.0,7580.255,Active,No,Accountant,3869.53,pat.jackson@yahoo.com,Unknown,Normal,False
CUST-1372,TXN124829,68.0,Female,Fixed Deposit,New York,2021-01-27,2021-12-21,2681.82,USD,1368.18,Wire Transfer,655.0,1123.87,Unknown,Yes,Engineer,123.75,pat.brown@yahoo.com,Unknown,Normal,False
CUST-1012,TXN931621,72.0,Female,Savings,Los Angeles,2023-02-01,2023-05-09,1400.78,EUR,-191.36,Withdrawal,655.0,2800.9,Default,Yes,Doctor,3795.35,john.davis@yahoo.com,Unknown,Normal,False
CUST-1071,TXN665158,55.0,Male,Savings,New York,2018-12-07,2020-04-27,1487.53,USD,356.07,Withdrawal,647.0,1195.98,Active,Yes,unknown,6180.67,alex.anderson@yahoo.com,Transaction verified by branch N.Y.,Normal,False
CUST-3198,TXN186743,46.0,Female,Current,Los Angeles,2019-06-07,2021-11-26,6963.58,USD,949.33,Wire Transfer,732.0,7580.255,Default,Yes,Doctor,11494.63,taylor.taylor@,Auto-debit setup confirmed,Normal,False
CUST-1317,TXN218887,47.0,Male,Savings,New York,2021-03-13,2021-02-10,1088.51,USD,14.54,Withdrawal,743.0,13955.1,Active,Yes,Teacher,232.45,Unknown,Account dormant >6 months,Normal,False
CUST-2349,TXN598675,31.0,Male,Checking,Los Angeles,2022-04-09,2022-07-20,1979.5,EUR,1.41,Withdrawal,737.0,19287.02,Unknown,No,Engineer,4688.24,jane.smith@yahoo.com,Unknown,Normal,False
CUST-2989,TXN249040,26.0,Unknown,Current,Los Angeles,2024-05-22,2024-05-22,19661.54,NGN,1959.27,Withdrawal,647.0,5124.88,Default,No,Doctor,14931.24,sara.anderson@bank.org,Customer flagged for review,Normal,False
CUST-1413,TXN611126,23.0,Female,Checking,Los Angeles,2021-10-13,2023-05-02,641.44,USD,645.85,Wire Transfer,747.0,7580.255,Unknown,Yes,Doctor,6180.67,Unknown,Account dormant >6 months,Normal,False
CUST-2463,TXN555200,37.0,Unknown,Fixed Deposit,Phoenix,2021-12-20,2023-09-20,344.44,USD,76.25,Withdrawal,459.0,-344.54,Closed,No,Accountant,0.0,sara.anderson@outlook.com,Customer flagged for review,Normal,False
CUST-2407,TXN338212,29.0,Male,Checking,New York,2024-03-08,2024-05-25,20112.0,NGN,7503.59,ATM,592.0,130609.03,Default,No,Engineer,10225.22,taylor.miller@yahoo.com,Account dormant >6 months,Normal,False
CUST-1450,TXN127657,66.0,Female,Savings,Houston,2023-09-03,2024-04-21,6209.16,GBP,618.64,Withdrawal,738.0,12207.66,Active,Yes,Doctor,7978.72,mikemooregmail.com,Loan disbursed to account,Normal,False
CUST-2276,TXN788180,72.0,Male,Checking,Los Angeles,2022-05-19,2023-11-15,5415.78,GBP,2364.03,Wire Transfer,615.0,7580.255,Active,Yes,Lawyer,4688.24,john.jackson@bank.org,Customer flagged for review,Normal,False
CUST-1901,TXN104400,40.0,Male,Savings,Los Angeles,2019-07-11,2023-11-08,8427.76,EUR,2861.63,Withdrawal,586.0,1202.31,Default,No,Lawyer,13339.33,mike.davis@,Loan disbursed to account,Normal,False
CUST-3186,TXN124082,28.0,Female,Fixed Deposit,New York,2022-03-22,2022-12-04,1460.74,GBP,-80.96,Wire Transfer,503.0,22425.57,Default,Yes,unknown,6180.67,john.brown@bank.org,Loan disbursed to account,Normal,False
CUST-1740,TXN508656,48.0,Male,Fixed Deposit,Chicago,2018-08-12,2018-01-12,180.42,USD,-175.9,ATM,627.0,5997.75,Default,No,Doctor,6180.67,lee.miller@gmail.com,Unknown,Normal,False
CUST-1954,TXN672234,25.0,Male,Current,New York,2020-03-14,2023-07-21,2585.73,USD,129.72,ATM,669.0,7628.12,Active,Yes,Teacher,6558.43,mike.anderson@,Unknown,Normal,False
CUST-1660,TXN138100,61.0,Female,Savings,New York,2022-11-08,2024-02-09,1225.94,NGN,388.1,Withdrawal,806.0,4886.61,Closed,Yes,Teacher,6180.67,mike.anderson@bank.org,Unknown,Normal,False
CUST-2676,TXN969787,29.0,Female,Savings,Los Angeles,2019-09-10,2022-04-15,667.91,USD,1.31,ATM,738.0,5516.57,Unknown,Yes,Engineer,114.88,lee.moore@outlook.com,Customer flagged for review,Normal,False
CUST-1854,TXN834842,73.0,Male,Fixed Deposit,New York,2021-11-04,2022-07-02,5218.8,EUR,162.41,ATM,745.0,7580.255,Active,Yes,Lawyer,14077.55,sara.jackson@yahoo.com,Customer flagged for review,Normal,False
CUST-2643,TXN805861,53.0,Male,Savings,Phoenix,2023-07-15,2024-03-17,5952.8,EUR,1916.77,Deposit,714.0,6220.74,Closed,Yes,Teacher,6180.67,mikedavisgmail.com,Unknown,Normal,False
CUST-1253,TXN601602,26.0,Female,Savings,Los Angeles,2020-01-16,2023-03-29,959.99,USD,191.69,Withdrawal,537.0,3218.81,Default,Yes,Accountant,6180.67,lee.jones@outlook.com,Unknown,Normal,False
cust7449,TXN328026,59.0,Male,Fixed Deposit,Los Angeles,2018-01-25,2021-05-31,10519.28,EUR,934.21,Withdrawal,614.0,1224.71,Unknown,No,Doctor,10487.06,Unknown,Loan disbursed to account,Normal,False
CUST-1186,TXN844618,65.0,Male,Current,New York,2018-04-14,2018-01-12,41481.85,NGN,14255.69,Deposit,727.0,-186.79,Closed,Yes,Lawyer,64761.82,john.moore@outlook.com,Transaction v,Normal,False
CUST-2669,TXN976668,54.0,Male,Checking,Los Angeles,2021-09-18,2022-03-18,28498.11,GBP,8878.43,Withdrawal,663.0,36135.47,Default,Yes,Lawyer,17707.9,lee.wilson@,Transaction verified by branch Los Angeles,Normal,False
CUST-2580,TXN772364,47.0,Female,Fixed Deposit,Chicago,2022-10-31,2023-10-24,4777.47,EUR,2045.46,Deposit,708.0,3193.9,Default,Yes,Accountant,3354.3,pat.jones@gmail.com,Auto-debit setup confirmed,Normal,False
cust1215,TXN269409,22.0,Female,Fixed Deposit,Los Angeles,2021-03-20,2022-11-24,6858.67,GBP,81.7,ATM,616.0,-4.77,Default,Yes,unknown,11795.83,john.jackson@yahoo.com,Loan disbursed to account,Normal,False
CUST--7479,TXN143829,46.0,Female,Checking,Los Angeles,2023-06-25,2023-09-12,4459.93,EUR,1912.88,Withdrawal,690.0,7580.255,Active,Yes,Lawyer,8434.08,mike.jones@yahoo.com,Account dormant >6 months,Normal,False
CUST-1725,TXN930174,29.0,Female,Fixed Deposit,Los Angeles,2019-06-18,2022-05-12,703.38,USD,190.82,ATM,698.0,9480.32,Default,Yes,Accountant,6180.67,lee.brown@outlook.com,Account dormant >6 months,Normal,False
CUST-2740,TXN567396,72.0,Male,Savings,Los Angeles,2018-12-16,2018-12-24,3418.55,GBP,225.32,Withdrawal,599.0,41651.07,Default,Yes,Doctor,6180.67,sara.anderson@bank.org,Auto-debit setup confirmed,Normal,False
CUST-2641,TXN730742,42.0,Male,Fixed Deposit,Los Angeles,2019-07-02,2021-02-19,3996.22,GBP,702.82,Wire Transfer,621.0,6467.25,Active,Yes,Engineer,5324.97,sara.taylor@bank.org,Account dormant >6 months,Normal,False
CUST-1353,TXN776153,39.0,Male,Fixed Deposit,Los Angeles,2018-01-11,2019-01-20,82107.49,NGN,719.51,Deposit,540.0,7418.39,Closed,No,Engineer,160822.21,mike.davis@bank.org,KYC documents pending,Normal,False
CUST-3164,TXN828062,65.0,Female,Fixed Deposit,New York,2018-11-06,2024-07-03,2032.9,GBP,618.64,Wire Transfer,643.0,7580.255,Default,Unknown,Accountant,7090.19,jane.moore@yahoo.com,Auto-debit setup confirmed,Normal,False
CUST-2803,TXN878439,48.0,Male,Fixed Deposit,New York,2019-10-08,2022-03-15,39243.69,NGN,16977.09,Wire Transfer,643.0,883.75,Unknown,Unknown,Teacher,77291.87,morgan.brown@yahoo.com,Account dormant >6 months,Normal,False
CUST-1822,TXN840843,19.0,Male,Savings,Los Angeles,2020-08-01,2023-11-04,3218.91,EUR,668.86,Withdrawal,540.0,11192.22,Active,No,Lawyer,1270.58,john.jackson@gmail.com,Transaction verified by branch LA,Normal,False
CUST-1800,TXN406850,67.0,Female,Fixed Deposit,Los Angeles,2021-12-04,2023-12-06,2661.12,EUR,1064.95,Deposit,539.0,13434.61,Closed,No,Doctor,9109.7,alex.taylor@yahoo.com,KYC documents pending,Normal,False
CUST-2892,TXN390265,31.0,Female,Checking,Los Angeles,2018-12-11,2022-12-30,100552.6,USD,37441.66,Wire Transfer,641.0,7580.255,Default,No,Lawyer,143293.78,alex.miller@gmail.com,Unknown,Normal,False
CUST-2615,TXN227686,35.0,Male,Savings,New York,2022-05-21,2024-06-16,755.05,GBP,342.83,ATM,609.0,26340.58,Closed,Yes,Accountant,6865.87,lee.smith@gmail.com,Account dormant >6 months,Normal,False
CUST-2895,TXN493019,18.0,Female,Fixed Deposit,New York,2023-10-20,2024-01-25,1511.66,USD,-36.6,Wire Transfer,623.0,24531.69,Active,No,Accountant,5386.09,chris.miller@yahoo.com,Auto-debit setup confirmed,Normal,False
CUST-1072,TXN418594,33.0,Male,Fixed Deposit,Houston,2022-04-08,2023-02-06,2144.14,EUR,156.14,Withdrawal,768.0,4825.79,Default,Yes,unknown,6180.67,jane.wilson@yahoo.com,Loan disbursed to account,Normal,False
CUST-2141,TXN258685,21.0,Male,Savings,Phoenix,2020-07-01,2022-05-30,8638.88,EUR,3781.39,Withdrawal,638.0,5303.43,Closed,Yes,Accountant,6180.67,lee.moore@gmail.com,Unknown,Normal,False
CUST-2660,TXN815407,22.0,Male,Savings,Los Angeles,2018-07-30,2021-10-21,1241.92,NGN,-100.46,Wire Transfer,652.0,7580.255,Default,Yes,Accountant,8311.48,taylor.miller@outlook.com,Loan disbursed to account,Normal,False
CUST-1246,TXN254532,24.0,Female,Savings,New York,2018-05-08,2018-11-22,5424.63,EUR,1699.95,Withdrawal,738.0,9083.62,Default,Yes,Lawyer,6348.05,Unknown,Auto-debit setup confirmed,Normal,False
CUST-2296,TXN756733,26.0,Female,Checking,Los Angeles,2018-12-19,2019-06-29,9999999.0,USD,4825457.51,Deposit,631.0,24421.46,Default,Yes,Engineer,4541064.11,mike.jones@gmail.com,Transaction verified by branch LA,Normal,False
CUST-1236,TXN410158,48.0,Male,Fixed Deposit,Chicago,2018-04-10,2019-10-29,1023.24,EUR,618.64,Withdrawal,629.0,36460.8,Active,Yes,Engineer,6180.67,lee.jackson@gmail.com,Loan disbursed to account,Normal,False
CUST-2852,TXN849754,64.0,Female,Fixed Deposit,Los Angeles,2021-04-06,2023-07-12,127793.81,NGN,7143.02,Deposit,801.0,6228.18,Default,Yes,Teacher,172725.8,chris.miller@bank.org,KYC documents pending,Normal,False
CUST-2776,TXN100164,59.0,Male,Savings,Los Angeles,2019-09-15,2023-07-27,1979.28,USD,721.9,ATM,672.0,50643.25,Active,Yes,Doctor,6180.67,alex.smith@outlook.com,Account dormant >6 months,Normal,False
CUST-2775,TXN435434,48.0,Female,Savings,Phoenix,2020-10-13,2021-08-03,11142.49,USD,9999999.0,Deposit,574.0,6753.66,Closed,No,Engineer,18522.22,lee.moore@bank.org,Account dormant >6 months,Normal,False
CUST-1946,TXN855708,19.0,Female,Checking,Los Angeles,2022-07-26,2023-01-13,22808.19,EUR,10813.66,Deposit,668.0,25489.71,Default,Yes,Teacher,4692.8,taylor.smith@outlook.com,Account,Normal,False
CUST-1841,TXN359850,44.0,Unknown,Fixed Deposit,New York,2020-03-03,2020-06-19,13503.44,USD,993.08,Withdrawal,631.0,7580.255,Unknown,No,Doctor,14743.18,sara.wilson@bank.org,Account dormant >6 months,Normal,False
CUST-2782,TXN948964,48.0,Unknown,Savings,Houston,2019-07-02,2020-01-18,5732.58,USD,266.93,ATM,638.0,19493.3,Active,Yes,Accountant,12816.5,morgan.jones@gmail.com,Auto-debit setup confirmed,Normal,False
CUST-3085,TXN606264,34.0,Unknown,Fixed Deposit,New York,2019-02-02,2024-02-09,3279.85,GBP,822.35,Deposit,647.0,13385.14,Default,No,Engineer,5873.82,jane.davis@bank.org,Customer flagged for review,Normal,False
CUST-3162,TXN690380,65.0,Female,Fixed Deposit,Houston,2021-02-20,2024-01-13,5928.21,EUR,2704.15,ATM,793.0,37981.01,Active,Yes,Lawyer,8617.66,morgan.taylor@outlook.com,Unknown,Normal,False
CUST-1318,TXN790677,71.0,Male,Savings,Los Angeles,2018-04-18,2024-02-11,9485.77,EUR,2184.69,ATM,741.0,1422.66,Default,Yes,Engineer,13953.07,taylor.moore@outlook.com,Auto-debit setup confirmed,Normal,False
CUST-1638,TXN216728,73.0,Male,Savings,New York,2019-12-18,2020-01-13,20177.28,EUR,5532.66,Withdrawal,558.0,6624.36,Closed,No,unknown,32580.25,lee.brown@yahoo.com,Transaction verified by branch N.Y.,Normal,False
CUST-3026,TXN630676,48.0,Female,Current,Houston,,2019-10-28,4738.95,GBP,927.72,ATM,763.0,7580.255,Closed,Yes,Teacher,2844.29,chris.anderson@gmail.com,Auto-debit setup confirmed,Normal,False
CUST-1696,TXN726997,27.0,Male,Fixed Deposit,Los Angeles,2019-03-05,2021-04-22,39618.24,USD,14971.3,ATM,672.0,7580.255,Default,Yes,Doctor,36846.7,Unknown,Loan disbursed to account,Normal,False
CUST-1026,TXN802258,33.0,Male,Checking,Los Angeles,2018-10-25,2019-08-12,1208.87,USD,935.36,Deposit,648.0,2813.79,Active,Yes,Teacher,4794.84,sara.miller@outlook.com,KYC documents pending,Normal,False
CUST-1267,TXN256219,38.0,Male,Current,New York,2022-12-20,2023-06-07,4449.63,EUR,492.31,Deposit,656.0,23517.04,Default,Yes,Teacher,5024.53,taylor.taylor@outlook.com,Transaction verified by branch new york,Normal,False
CUST-2984,TXN258504,68.0,Female,Current,Chicago,2018-10-29,2023-10-29,4222.96,EUR,1859.93,Withdrawal,696.0,6032.66,Active,Yes,Doctor,4688.24,lee.moore@yahoo.com,Transaction verified by branch CHI,Normal,False
CUST-2330,TXN949838,65.0,Female,Checking,Los Angeles,2022-05-07,2023-05-18,8339.74,USD,618.64,Wire Transfer,685.0,4278.74,Default,No,Doctor,12157.26,chris.brown@outlook.com,Transaction verified by branch None,Normal,False
cust6707,TXN155786,37.0,Unknown,Savings,Chicago,2018-09-07,2021-08-10,469.28,GBP,-73.07,Wire Transfer,686.0,66053.58,Active,No,unknown,116.83,jane.wilson@outlook.com,KYC documents pending,Normal,False
CUST-1563,TXN549875,32.0,Male,Fixed Deposit,Chicago,2023-12-04,2024-06-26,405.26,GBP,618.64,Withdrawal,723.0,7132.74,Active,Yes,unknown,7712.46,morgan.moore@,Unknown,Normal,False
cust7550,TXN740069,64.0,Male,Fixed Deposit,Phoenix,2018-03-18,2020-05-24,80416.05,USD,37129.64,Withdrawal,649.0,7580.255,Closed,No,Teacher,132738.35,alex.taylor@bank.org,Customer flagged for review,Normal,False
CUST-2523,TXN146009,50.0,Female,Savings,Phoenix,2024-03-21,2024-04-02,1718.48,GBP,544.82,Wire Transfer,647.0,5664.7,Closed,Yes,Accountant,6180.67,morgan.brown@gmail.com,Loan disbursed to account,Normal,False
CUST-1820,TXN496888,48.0,Male,Savings,Los Angeles,2023-07-26,2023-05-11,1335.45,USD,694.79,Wire Transfer,804.0,18315.46,Default,Yes,Teacher,1997.17,lee.davis@yahoo.com,Account dormant >6 months,Normal,False
CUST-1836,TXN102232,40.0,Male,Fixed Deposit,Los Angeles,2020-11-12,2023-10-03,3988.13,USD,-4.31,Wire Transfer,672.0,3526.44,Closed,Yes,Doctor,6180.67,taylor.anderson@gmail.com,Unknown,Normal,False
CUST-2239,TXN623847,21.0,Female,Fixed Deposit,Phoenix,2018-06-01,2020-02-18,968.98,USD,618.64,Withdrawal,666.0,-902.71,Active,Yes,unknown,81.75,taylor.smith@outlook.com,Unknown,Normal,False
CUST-2869,TXN929678,21.0,Female,Checking,Los Angeles,2018-01-10,2019-12-10,2000.43,GBP,848.29,ATM,647.0,7580.255,Closed,No,Engineer,6180.67,john.davis@bank.org,Transaction verified by branch LA,Normal,False
CUST-1970,TXN522931,51.0,Female,Checking,Los Angeles,2024-03-11,2024-06-19,49179.24,USD,618.64,ATM,672.0,8172.71,Default,Yes,Teacher,7830.32,john.davis@gmail.com,Auto-debit setup confirmed,Normal,False
CUST-2201,TXN335305,38.0,Female,Fixed Deposit,Los Angeles,2023-06-02,2024-06-11,36764.56,USD,15591.69,ATM,473.0,1097.85,Unknown,No,Doctor,4688.24,morganjonesgmail.com,Unknown,Normal,False
CUST-2502,TXN103959,68.0,Female,Fixed Deposit,New York,2022-07-27,2024-03-03,36654.9,GBP,10472.85,Wire Transfer,639.0,3260.63,Default,No,Teacher,53661.75,lee.jackson@yahoo.com,Transaction verified by branch N.Y.,Normal,False
CUST-2139,TXN285324,21.0,Male,Fixed Deposit,New York,2022-10-04,2024-06-29,132.72,USD,26.27,Withdrawal,739.0,6723.21,Closed,Yes,Lawyer,3884.41,lee.wilson@gmail.com,Unknown,Normal,False
CUST-1624,TXN992827,41.0,Male,Current,New York,2022-04-21,2022-08-30,451.35,EUR,103.28,Wire Transfer,625.0,91740.25,Active,Unknown,Lawyer,4688.24,sara.davis@outlook.com,Unknown,Normal,False
CUST--8760,TXN457900,28.0,Female,Current,New York,2020-10-02,2023-09-21,2809.23,NGN,733.46,ATM,652.0,8347.82,Active,Yes,Engineer,4688.24,mike.jackson@outlook.com,KYC documents pending,Normal,False
CUST-1095,TXN677124,62.0,Male,Checking,Houston,2024-01-04,2024-05-06,10227.69,USD,5033.58,Withdrawal,647.0,8881.81,Active,Yes,Engineer,4688.24,lee.jones@gmail.com,Transaction verified by branch Houston,Normal,False
cust4534,TXN141761,68.0,Male,Fixed Deposit,Los Angeles,2022-06-07,2024-01-07,1227.39,USD,429.2,Wire Transfer,633.0,6517.97,Closed,Yes,Doctor,5976.92,mike.jones@,Transaction verified by branch LA,Normal,False
cust6644,TXN783097,48.0,Female,Savings,Los Angeles,2024-05-26,2024-04-06,885.3,EUR,544.71,Deposit,647.0,6493.04,Active,Yes,Engineer,401.19,morgan.wilson@gmail.com,Account dormant >6 months,Normal,False
CUST-1625,TXN661977,18.0,Female,Checking,Phoenix,2021-02-04,2021-07-25,377.5,EUR,-72.56,Withdrawal,731.0,65410.81,Closed,Unknown,Engineer,6180.67,morgan.wilson@outlook.com,Transaction verified by branch Phoenix,Normal,False
CUST-3192,TXN407402,48.0,Male,Savings,Chicago,2019-01-28,2020-12-07,6321.01,EUR,2707.29,Deposit,659.0,7580.255,Closed,Yes,Teacher,1488.32,john.taylor@bank.org,Loan ,Normal,False
CUST-2587,TXN242936,48.0,Male,Fixed Deposit,Phoenix,2022-05-31,2023-10-24,3044.24,USD,427.77,ATM,602.0,38376.42,Active,Yes,Accountant,6180.67,sara.brown@outlook.com,Customer flagged for review,Normal,False
CUST-1813,TXN992645,32.0,Male,Fixed Deposit,Chicago,2023-03-30,2024-04-17,3066.31,EUR,249.38,Wire Transfer,785.0,54029.67,Closed,Yes,unknown,6553.21,jane.miller@outlook.com,Unknown,Normal,False
CUST-2937,TXN911040,69.0,Male,Savings,Los Angeles,2019-07-19,2019-10-12,37233.79,EUR,9012.05,Wire Transfer,562.0,7158.87,Closed,No,Lawyer,33381.56,alex.davis@bank.org,Auto-debit setup confirmed,Normal,False
CUST-2246,TXN642855,64.0,Female,Fixed Deposit,New York,2018-01-24,2022-04-06,3125.15,EUR,324.94,Withdrawal,737.0,16181.41,Default,Yes,Teacher,6791.9,morgan.davis@gmail.com,KYC documents pending,Normal,False
CUST-1308,TXN188923,56.0,Male,Fixed Deposit,Chicago,2019-09-08,2021-04-17,4009.41,EUR,1755.19,Withdrawal,594.0,7580.255,Default,No,Doctor,2808.86,mike.moore@bank.org,Unknown,Normal,False
CUST-2886,TXN158850,50.0,Female,Fixed Deposit,Phoenix,2023-04-07,2023-05-14,1064.12,USD,449.21,ATM,713.0,24858.04,Active,Yes,Lawyer,9813.59,taylor.brown@yahoo.com,KYC documents pending,Normal,False
CUST-2418,TXN489204,61.0,Female,Fixed Deposit,Chicago,2022-05-05,2023-04-05,1722.42,EUR,175.36,Deposit,691.0,30852.38,Closed,No,unknown,1030.79,john.moore@gmail.com,Transaction verified by branch CHI,Normal,False
CUST-1144,TXN138105,43.0,Male,Checking,Los Angeles,2024-05-15,2024-06-05,9306.36,USD,3993.63,ATM,631.0,4987.23,Active,Yes,Accountant,13306.44,pat.anderson@gmail.com,Auto-debit setup confirmed,Normal,False
CUST-2496,TXN891039,75.0,Female,Current,Los Angeles,2019-03-13,2020-07-29,575.18,EUR,441.63,Wire Transfer,719.0,11204.12,Default,Yes,Lawyer,5251.77,pat.moore@outlook.com,Unknown,Normal,False
CUST-1564,TXN773039,42.0,Male,Savings,Houston,2023-01-04,2023-02-23,338.06,EUR,3.15,ATM,549.0,7580.255,Default,No,Doctor,4625.27,chris.jackson@outlook.com,KYC documents pending,Normal,False
CUST-2553,TXN373750,23.0,Female,Checking,New York,2022-05-19,2023-08-28,5423.45,GBP,1351.69,Wire Transfer,675.0,-816.56,Closed,Yes,Teacher,11341.03,jane.brown@bank.org,KYC documents pending,Normal,False
CUST-1241,TXN192744,0.0,Female,Savings,Houston,2022-04-13,2022-05-26,5804.54,EUR,2090.17,Deposit,742.0,7580.255,Active,Yes,Engineer,5479.46,taylor.taylor@bank.org,Customer flagged for review,Normal,False
CUST-2371,TXN892169,73.0,Male,Checking,Chicago,2024-06-21,2024-06-26,3636.39,GBP,1556.88,Wire Transfer,544.0,11355.78,Default,No,Doctor,446.88,pat.wilson@gmail.com,Customer flagged for review,Normal,False
CUST-2932,TXN775253,44.0,Male,Checking,Los Angeles,2024-03-07,2024-06-06,64118.09,EUR,21710.36,Wire Transfer,674.0,2814.35,Closed,Unknown,Teacher,52289.55,morgan.miller@,Loan disbursed to account,Normal,False
CUST-2695,TXN435843,45.0,Female,Savings,Los Angeles,2019-09-21,2021-08-25,8639.64,GBP,4244.08,ATM,599.0,14756.67,Closed,No,Engineer,14230.32,pat.wilson@gmail.com,Unknown,Normal,False
CUST-2307,TXN851450,75.0,Male,Current,Houston,2024-03-28,2024-07-04,19246.97,USD,9861.63,ATM,623.0,1347.6,Default,Yes,unknown,12741.71,pat.miller@yahoo.com,Auto-debit setup confirmed,Normal,False
CUST-2823,TXN693211,50.0,Male,Fixed Deposit,Los Angeles,2020-10-10,2024-01-30,783.95,EUR,618.64,Withdrawal,647.0,15603.24,Active,No,Engineer,2550.62,alex.smith@outlook.com,Customer flagged for review,Normal,False
CUST-1974,TXN782608,50.0,Male,Checking,New York,2019-09-12,2022-07-09,3814.03,USD,618.64,Withdrawal,647.0,7650.16,Active,Unknown,Doctor,8746.68,pat.moore@gmail.com,Unknown,Normal,False
CUST--7756,TXN812410,40.0,Male,Checking,New York,2023-07-29,2023-10-23,7194.61,EUR,570.74,Withdrawal,685.0,4908.71,Closed,Yes,Doctor,3599.86,john.brown@yahoo.com,Unknown,Normal,False
CUST-1807,TXN967901,47.0,Male,Fixed Deposit,Houston,2024-02-16,2024-02-26,5803.97,EUR,685.2,Deposit,687.0,31139.29,Default,No,Lawyer,5196.79,chris.wilson@outlook.com,Unknown,Normal,False
CUST-1224,TXN100193,60.0,Male,Fixed Deposit,Los Angeles,2021-07-20,2023-04-04,5542.23,EUR,2013.29,ATM,588.0,2334.02,Unknown,No,Accountant,6180.67,pat.moore@yahoo.com,Loan disbursed to account,Normal,False
CUST-1132,TXN908320,65.0,Male,Fixed Deposit,Chicago,2019-09-24,2023-08-12,499.22,NGN,146.99,Deposit,572.0,17802.33,Active,No,Lawyer,6334.56,pat.anderson@yahoo.com,Auto-debit setup confirmed,Normal,False
CUST-3067,TXN573123,27.0,Unknown,Savings,New York,2024-01-01,2024-05-31,327.49,GBP,248.53,Wire Transfer,604.0,5791.93,Default,No,Lawyer,6180.67,taylor.taylor@yahoo.com,Unknown,Normal,False
CUST-3035,TXN965817,48.0,Female,Fixed Deposit,New York,2019-03-06,2020-03-18,275.67,USD,45.48,Wire Transfer,699.0,49287.06,Closed,Yes,unknown,6180.67,jane.brown@bank.org,Customer flagged for review,Normal,False
CUST-1177,TXN492408,56.0,Male,Fixed Deposit,Los Angeles,2021-02-06,2022-07-25,11031.18,EUR,2943.1,Deposit,825.0,3610.86,Active,No,unknown,9838.26,sara.anderson@outlook.com,Auto-debit setup confirmed,Normal,False
CUST-2070,TXN780500,62.0,Female,Fixed Deposit,Los Angeles,2022-01-30,2023-12-05,24597.55,USD,561.1,Deposit,647.0,7795.15,Closed,Yes,Engineer,4938.46,alexandersongmail.com,Loan disbursed to account,Normal,False
CUST-1302,TXN960471,48.0,Female,Fixed Deposit,Chicago,2019-09-02,2021-01-12,698.92,GBP,143.44,Withdrawal,649.0,2544.36,Active,Yes,Engineer,8143.74,chrissmithgmail.com,Account dormant >6 months,Normal,False
CUST-2591,TXN527545,65.0,Female,Fixed Deposit,New York,2020-12-26,2023-10-20,1161.86,EUR,757.55,Wire Transfer,629.0,7580.255,Default,No,Accountant,6180.67,pat.anderson@yahoo.com,Customer flagged for review,Normal,False
CUST-1737,TXN989199,24.0,Female,Fixed Deposit,Chicago,2020-10-12,2024-06-20,815.81,USD,268.84,Wire Transfer,733.0,14523.8,Default,Yes,Accountant,49.81,taylor.miller@outlook.com,Auto-de,Normal,False
CUST-2093,TXN995246,70.0,Unknown,Checking,New York,2023-04-29,2023-08-22,1960.08,USD,858.95,Withdrawal,635.0,7580.255,Default,Yes,Lawyer,3788.26,lee.taylor@bank.org,Unknown,Normal,False
CUST-2346,TXN174132,49.0,Male,Savings,Chicago,2023-12-10,2024-02-07,23523.88,NGN,10515.48,Wire Transfer,620.0,19041.99,Default,Yes,Teacher,37912.36,jane.taylor@bank.org,Unknown,Normal,False
CUST-1460,TXN135558,62.0,Male,Fixed Deposit,Phoenix,2021-04-10,2023-03-02,51.68,USD,152.48,ATM,597.0,7580.255,Default,No,Doctor,2656.92,taylor.taylor@gmail.com,Unknown,Normal,False
CUST-2335,TXN642532,41.0,Female,Checking,Chicago,2020-01-01,2020-04-05,480.05,USD,292.19,Wire Transfer,556.0,2659.57,Default,Yes,Lawyer,6180.67,sara.davis@yahoo.com,Account dormant >6 months,Normal,False
CUST-1462,TXN954827,29.0,Male,Fixed Deposit,Phoenix,2020-06-29,2023-09-14,21426.24,NGN,7728.4,Wire Transfer,709.0,8737.97,Closed,No,Accountant,20561.93,jane.wilson@gmail.com,Unknown,Normal,False
CUST-2458,TXN105812,53.0,Female,Fixed Deposit,Chicago,2019-11-07,2022-02-13,188.59,USD,320.87,Deposit,609.0,4412.41,Active,No,Doctor,6180.67,john.davis@bank.org,KYC documents pending,Normal,False
CUST-1619,TXN328610,39.0,Male,Checking,Los Angeles,2018-05-15,2019-06-02,2111.81,GBP,586.48,Deposit,664.0,7580.255,Closed,Yes,Doctor,5318.88,sara.moore@outlook.com,Unknown,Normal,False
CUST-2685,TXN676026,32.0,Female,Savings,Houston,2022-01-24,2022-07-12,1217.44,GBP,488.12,ATM,637.0,15038.38,Active,Yes,Accountant,8226.8,morgan.anderson@gmail.com,Account dormant >6 months,Normal,False
CUST-1237,TXN780566,66.0,Female,Savings,New York,2020-12-31,2022-07-21,15325.3,EUR,4168.06,ATM,484.0,5752.05,Closed,No,Teacher,9929.52,lee.brown@gmail.com,Auto-debit setup confirmed,Normal,False
CUST-1982,TXN200491,24.0,Male,Savings,Chicago,2019-07-08,2020-03-08,926.45,USD,384.75,Wire Transfer,647.0,9756.5,Active,Yes,Lawyer,4688.24,pat.moore@,Auto-debit setup confirmed,Normal,False
CUST-2366,TXN678529,65.0,Female,Checking,Los Angeles,2018-01-06,2019-12-16,324.92,USD,165.76,Wire Transfer,801.0,3348.54,Active,Yes,Lawyer,6180.67,sara.jones@gmail.com,KYC documents pending,Normal,False
CUST-1348,TXN958285,46.0,Male,Checking,Chicago,2019-06-14,2023-02-07,3207.64,USD,564.04,ATM,647.0,4175.96,Default,Yes,Engineer,6180.67,morgan.jones@gmail.com,KYC docume,Normal,False
cust3597,TXN629621,48.0,Male,Savings,Phoenix,2024-02-18,2024-03-14,1060.69,USD,278.52,Deposit,711.0,1610.2,Default,Yes,Lawyer,2761.04,morgan.brown@outlook.com,Auto-debit setup confirmed,Normal,False
CUST-3194,TXN932463,22.0,Male,Fixed Deposit,Houston,2024-02-29,2024-05-18,2206.46,USD,988.42,Wire Transfer,693.0,36640.85,Closed,Yes,Doctor,8744.98,jane.smith@bank.org,Unknown,Normal,False
CUST-2558,TXN441379,25.0,Male,Fixed Deposit,New York,2022-01-17,2023-07-04,8936.03,NGN,1385.54,Withdrawal,714.0,63566.7,Default,Yes,Teacher,13625.97,alex.wilson@bank.org,Loan disbursed to account,Normal,False
CUST-2306,TXN316277,41.0,Male,Fixed Deposit,Los Angeles,2021-06-28,2021-08-12,200.87,USD,-432.52,ATM,608.0,5997.03,Default,No,Lawyer,6180.67,john.wilson@outlook.com,Unknown,Normal,False
CUST--1893,TXN874773,58.0,Female,Fixed Deposit,Phoenix,2021-11-19,2022-11-10,754.1,GBP,-61.19,Deposit,638.0,11021.6,Default,Yes,Accountant,6180.67,jane.smith@yahoo.com,Transaction verified by branch Phoenix,Normal,False
CUST-1178,TXN202344,65.0,Male,Checking,Los Angeles,2020-07-03,2022-05-12,1213.07,EUR,618.64,Withdrawal,607.0,3792.83,Unknown,No,Engineer,2059.5,mike.jones@yahoo.com,Transaction v,Normal,False
CUST-2594,TXN122716,65.0,Male,Savings,Los Angeles,2019-10-11,2021-12-15,328.1,EUR,130.91,Deposit,591.0,23312.03,Default,Yes,Engineer,5115.58,john.moore@outlook.com,Unknown,Normal,False
CUST-2441,TXN537889,48.0,Male,Savings,Los Angeles,2023-02-11,2023-06-11,1883.67,EUR,290.43,Wire Transfer,593.0,44017.68,Unknown,No,Accountant,2011.84,chris.jones@outlook.com,KYC documents pending,Normal,False
CUST-1416,TXN272734,66.0,Female,Checking,Los Angeles,2022-04-11,2023-12-13,4840.39,EUR,1457.22,Wire Transfer,612.0,1644.67,Default,No,Doctor,9817.0,john.miller@outlook.com,Account dormant >6 months,Normal,False
CUST-1512,TXN580140,61.0,Male,Checking,Los Angeles,2021-12-30,2022-02-05,2400.0,USD,942.91,Wire Transfer,625.0,1219.73,Default,Yes,unknown,4430.74,john.anderson@yahoo.com,Unknown,Normal,False
CUST-1662,TXN498649,53.0,Female,Fixed Deposit,New York,2018-10-24,2023-03-10,978.75,GBP,177.19,Withdrawal,748.0,43696.11,Closed,Yes,Doctor,3201.34,john.smith@outlook.com,Auto-debit setup confirmed,Normal,False
CUST-1252,TXN415504,70.0,Male,Savings,Los Angeles,2022-07-23,2022-10-13,1167.68,GBP,207.27,Withdrawal,691.0,3921.6,Closed,Yes,Teacher,2079.47,chris.jackson@yahoo.com,Unknown,Normal,False
CUST-1816,TXN689741,51.0,Male,Savings,Phoenix,2018-04-30,2023-07-28,607.34,USD,-131.68,Deposit,547.0,21543.2,Closed,No,Lawyer,6180.67,sara.taylor@gmail.com,Unknown,Normal,False
CUST-3193,TXN211266,42.0,Female,Fixed Deposit,New York,2019-08-09,2022-12-18,42398.56,NGN,13398.71,Wire Transfer,701.0,11572.8,Default,Unknown,Engineer,38585.62,john.wilson@yahoo.com,Account dormant >6 months,Normal,False
CUST-1311,TXN231211,43.0,Female,Fixed Deposit,Chicago,2023-04-03,2024-02-25,3155.82,NGN,630.0,Withdrawal,647.0,7580.255,Active,Yes,Accountant,949.24,taylor.jackson@bank.org,Account dormant >6 months,Normal,False
CUST-1856,TXN496240,63.0,Male,Savings,New York,2021-08-25,2023-02-02,536.72,EUR,214.45,Wire Transfer,644.0,7580.255,Closed,Yes,Lawyer,1169.35,john.jackson@gmail.com,Unknown,Normal,False
CUST-1994,TXN443461,60.0,Male,Fixed Deposit,Chicago,2018-10-04,2020-06-22,1117.84,USD,129.2,Wire Transfer,646.0,1665.4,Unknown,No,Doctor,4688.24,morgan.smith@gmail.com,Auto-debit setup confirmed,Normal,False
CUST-1417,TXN611482,73.0,Male,Checking,Los Angeles,2023-12-23,2024-01-08,1340.7,EUR,169.93,Wire Transfer,420.0,7883.17,Default,No,Accountant,9935.86,chris.anderson@bank.org,Auto-debit setup confirmed,Normal,False
CUST-1332,TXN747137,27.0,Male,Savings,Chicago,2024-02-18,2024-05-02,4693.59,USD,528.96,Withdrawal,644.0,7580.255,Unknown,Yes,Accountant,4126.38,lee.davis@,Loan disbursed to account,Normal,False
CUST-1897,TXN145016,23.0,Female,Fixed Deposit,New York,2019-11-10,2024-01-13,370.43,GBP,40.08,Withdrawal,562.0,1850.25,Default,No,Doctor,6180.67,sara.smith@outlook.com,Account dormant >6 months,Normal,False
CUST-1774,TXN454339,27.0,Male,Savings,Los Angeles,2023-06-02,2023-10-17,804.77,USD,446.89,Deposit,707.0,3241.29,Closed,Yes,Teacher,7900.14,john.davis@outlook.com,Unknown,Normal,False
CUST-2354,TXN423147,22.0,Female,Savings,Los Angeles,2018-12-12,2024-06-20,4431.01,GBP,1391.01,ATM,709.0,7580.255,Active,Yes,Doctor,4688.24,pat.davis@yahoo.com,Account dormant >6 months,Normal,False
CUST-1507,TXN365778,18.0,Male,Fixed Deposit,Houston,2022-12-08,2024-01-19,12348.5,USD,4615.32,Wire Transfer,682.0,3066.66,Closed,Unknown,Teacher,4688.24,sara.anderson@bank.org,Auto-debit setup confirmed,Normal,False
CUST-1773,TXN794967,52.0,Male,Checking,Chicago,2023-11-25,2024-01-04,798.32,USD,618.64,Wire Transfer,647.0,15467.39,Default,No,Teacher,6180.67,alex.brown@bank.org,Auto-debit setup confirmed,Normal,False
CUST-1034,TXN564637,49.0,Male,Fixed Deposit,Los Angeles,2019-03-31,2022-07-27,10099.85,EUR,1810.96,Deposit,668.0,29945.75,Unknown,No,Lawyer,8834.79,john.moore@,Account dormant >6 months,Normal,False
CUST-1924,TXN303200,49.0,Female,Fixed Deposit,Houston,2018-11-07,2018-11-30,5120.32,EUR,946.59,ATM,647.0,8250.4,Default,Yes,Doctor,11203.41,chris.davis@gmail.com,Account dormant >6 months,Normal,False
CUST-2944,TXN887112,25.0,Female,Savings,Houston,2020-12-01,2021-11-09,14416.97,USD,1508.39,Withdrawal,621.0,21015.37,Unknown,Yes,Lawyer,13833.08,alex.davis@bank.org,Unknown,Normal,False
CUST-3134,TXN242683,35.0,Female,Checking,Los Angeles,2020-07-22,2022-09-04,9999999.0,EUR,2399159.82,ATM,554.0,12678.92,Default,No,Engineer,7565720.46,Unknown,Unknown,Normal,False
cust9082,TXN811206,29.0,Male,Checking,Los Angeles,2019-10-11,2022-09-11,322.68,NGN,618.64,Withdrawal,647.0,8413.17,Default,Yes,Doctor,2381.8,lee.anderson@outlook.com,Auto-debit setup confirmed,Normal,False
CUST-2608,TXN367939,40.0,Female,Current,Chicago,2021-08-15,2023-08-28,19247.61,USD,5653.94,ATM,505.0,15295.73,Active,No,Lawyer,31873.11,jane.wilson@yahoo.com,Customer flagged for review,Normal,False
CUST-2204,TXN569165,28.0,Male,Checking,Los Angeles,2022-06-26,2023-09-22,2781.12,USD,680.15,Deposit,654.0,3204.93,Closed,Yes,Engineer,2245.32,jane.smith@yahoo.com,Auto-debit setup confirmed,Normal,False
CUST--7564,TXN424773,31.0,Female,Savings,Los Angeles,2020-07-12,2024-05-27,1032.77,USD,614.42,Wire Transfer,644.0,6080.79,Closed,Yes,Teacher,4048.73,pat.brown@yahoo.com,Account dormant >6 months,Normal,False
cust7271,TXN622062,64.0,Female,Current,Chicago,2023-03-23,2023-07-29,6822.26,USD,802.83,Deposit,640.0,9393.34,Closed,Yes,unknown,6329.16,lee.moore@yahoo.com,Loan disbursed to account,Normal,False
CUST-2447,TXN686185,70.0,Male,Fixed Deposit,New York,2022-09-02,2024-02-05,215.62,GBP,65.78,Deposit,656.0,5600.89,Default,Yes,Accountant,6180.67,taylor.anderson@outlook.com,Account dormant >6 months,Normal,False
CUST-1680,TXN729354,29.0,Female,Checking,Los Angeles,2020-06-01,2021-01-13,5381.36,USD,1097.46,Withdrawal,627.0,18866.78,Active,Yes,Engineer,6139.09,taylor.smith@outlook.com,Unknown,Normal,False
CUST-2255,TXN172978,28.0,Male,Current,New York,2018-12-12,2020-05-13,3154.37,GBP,1221.3,Deposit,791.0,7580.255,Active,No,Accountant,6719.24,morgan.moore@outlook.com,KYC documents pending,Normal,False
CUST-1780,TXN242916,59.0,Male,Current,New York,2018-12-23,2020-09-02,4953.4,GBP,1081.21,Withdrawal,667.0,2905.17,Default,Yes,Accountant,7208.39,jane.wilson@gmail.com,KYC documents pending,Normal,False
CUST-3010,TXN261924,73.0,Male,Fixed Deposit,Los Angeles,2023-01-08,2023-04-30,3497.28,USD,-64.7,Withdrawal,647.0,9874.15,Default,Yes,Lawyer,6180.67,mike.davis@yahoo.com,Auto-debit setup confirmed,Normal,False
CUST--2106,TXN721686,30.0,Male,Checking,New York,2022-12-27,2023-10-02,118533.42,GBP,38909.71,ATM,607.0,4345.34,Active,No,Lawyer,102063.93,sara.jones@bank.org,Account dormant >6 months,Normal,False
CUST-3145,TXN741728,40.0,Male,Fixed Deposit,Los Angeles,2022-08-20,2023-08-06,1008.76,USD,373.47,Wire Transfer,647.0,11070.75,Closed,Yes,Lawyer,5656.03,john.wilson@gmail.com,Unknown,Normal,False
CUST-2072,TXN139224,35.0,Female,Fixed Deposit,New York,2022-11-28,2023-09-05,107211.41,GBP,8041.69,Withdrawal,707.0,9061.58,Default,Yes,Teacher,165418.2,sara.jackson@gmail.com,Unknown,Normal,False
CUST-1681,TXN864810,65.0,Male,Fixed Deposit,Los Angeles,2020-02-10,2024-05-16,362.21,USD,148.85,ATM,786.0,7580.255,Active,No,Accountant,322.64,taylor.anderson@yahoo.com,Transaction verified by branch los angeles,Normal,False
CUST-1986,TXN727733,33.0,Female,Checking,New York,2021-10-09,2023-02-25,419.45,USD,-116.16,Deposit,599.0,16847.47,Active,No,Accountant,6180.67,pat.davis@,KYC documents pending,Normal,False
CUST-2116,TXN870968,42.0,Female,Checking,Houston,2021-01-31,2021-01-31,29783.9,USD,13600.43,Deposit,613.0,13952.18,Default,Yes,Lawyer,50046.99,taylor.taylor@yahoo.com,Auto-debit setup confirmed,Normal,False
CUST-3179,TXN894348,50.0,Female,Savings,Chicago,2018-10-22,2021-07-18,127.24,NGN,-131.64,Wire Transfer,581.0,4692.57,Default,No,Doctor,3018.73,Unknown,Unknown,Normal,False
CUST-2302,TXN800796,27.0,Female,Fixed Deposit,Chicago,2018-05-13,2021-11-12,171.23,USD,315.38,ATM,551.0,4486.02,Closed,Yes,Lawyer,1963.9,alex.jackson@bank.org,Loan disbursed to account,Normal,False
CUST-1490,TXN793182,52.0,Male,Fixed Deposit,New York,2018-09-07,2022-03-18,1711.26,NGN,53.11,Wire Transfer,777.0,14198.9,Default,Yes,Lawyer,6180.67,Unknown,Auto-debit setup confirmed,Normal,False
CUST-1745,TXN779946,19.0,Male,Savings,New York,2018-11-25,2023-07-02,3171.59,EUR,765.69,ATM,726.0,2918.54,Closed,Unknown,Lawyer,7921.7,pat.jackson@bank.org,Loan disbursed to account,Normal,False
CUST-2762,TXN715508,48.0,Female,Checking,Phoenix,2018-04-13,2024-04-19,13273.71,GBP,5846.02,Withdrawal,657.0,-153.22,Default,No,Accountant,18848.05,john.wilson@gmail.com,Loan disbursed to account,Normal,False
CUST-1518,TXN293842,48.0,Unknown,Savings,Los Angeles,2018-03-03,2023-09-25,10003.44,USD,264.58,Deposit,688.0,13433.01,Default,Yes,Doctor,9660.9,mike.brown@gmail.com,Account dormant >6 months,Normal,False
CUST-1193,TXN976052,34.0,Female,Checking,New York,,2024-09-01,1345.62,USD,-5.65,Wire Transfer,641.0,2877.73,Closed,Yes,unknown,4688.24,taylor.brown@yahoo.com,Unknown,Normal,False
CUST-2898,TXN439303,58.0,Female,Savings,New York,2023-07-18,2024-04-07,339985.05,USD,47014.96,Deposit,683.0,6417.55,Active,No,Lawyer,547211.74,lee.moore@yahoo.com,Auto-debit setup confirmed,Normal,False
CUST-2386,TXN307940,72.0,Male,Checking,Los Angeles,2022-02-24,2023-07-29,6289.79,USD,2799.01,Wire Transfer,701.0,1488.83,Closed,Yes,Accountant,9981.83,alex.wilson@outlook.com,Loan disbursed to account,Normal,False
CUST-2489,TXN384199,63.0,Male,Current,Los Angeles,2019-11-22,2020-04-03,1653.03,EUR,-221.95,Wire Transfer,530.0,2977.04,Default,Yes,Accountant,6180.67,mike.miller@bank.org,Customer flagged for review,Normal,False
CUST-1205,TXN308855,67.0,Female,Checking,New York,2018-06-22,2021-04-24,4472.42,GBP,148.83,Withdrawal,630.0,3269.64,Default,Yes,Teacher,348.93,taylor.miller@gmail.com,Auto-debit setup confirmed,Normal,False
CUST-2126,TXN120164,49.0,Female,Fixed Deposit,Los Angeles,,2020-12-12,11278.12,GBP,630.17,Deposit,638.0,14254.71,Default,No,unknown,30248.15,chris.jones@bank.org,Unknown,Normal,False
CUST-2890,TXN808025,21.0,Unknown,Checking,Los Angeles,2022-08-02,2023-08-04,554.63,EUR,401.87,Deposit,812.0,9386.96,Active,Yes,Doctor,3430.55,sara.wilson@,Unknown,Normal,False
CUST-1683,TXN197872,57.0,Male,Checking,Los Angeles,2020-03-28,2023-09-11,31080.41,NGN,14827.65,Wire Transfer,630.0,6003.88,Default,Yes,Accountant,47469.93,taylor.smith@outlook.com,Auto-debit setup confirmed,Normal,False
CUST-1419,TXN381452,24.0,Male,Fixed Deposit,Los Angeles,2021-10-14,2022-08-01,4687.66,GBP,1510.77,ATM,748.0,7330.84,Default,Yes,Engineer,8186.99,lee.jones@yahoo.com,Auto-debit setup confirmed,Normal,False
CUST-1256,TXN618951,40.0,Female,Checking,Chicago,2019-01-19,2020-01-23,138708.07,EUR,46439.32,Deposit,741.0,4011.11,Closed,Yes,Doctor,238799.82,jane.taylor@bank.org,KYC documents pending,Normal,False
CUST-1910,TXN811609,54.0,Male,Savings,New York,,2021-05-14,3262.11,USD,562.43,Wire Transfer,749.0,7580.255,Active,Yes,Lawyer,963.28,Unknown,Loan disbursed to account,Normal,False
CUST-1333,TXN165814,27.0,Female,Savings,Phoenix,2021-05-25,2024-02-09,5613.23,NGN,2929.71,ATM,686.0,6347.67,Unknown,Yes,Doctor,9592.92,sara.jones@bank.org,Unknown,Normal,False
CUST-1456,TXN900028,60.0,Male,Fixed Deposit,Los Angeles,2023-07-09,2023-02-08,1765.21,USD,241.72,ATM,625.0,18032.7,Closed,No,Teacher,6180.67,lee.smith@yahoo.com,Customer flagged for review,Normal,False
CUST-1601,TXN238695,29.0,Male,Checking,Houston,2019-07-19,2022-07-17,9999999.0,USD,618.64,Wire Transfer,647.0,10150.8,Default,Yes,Teacher,13764036.46,john.jackson@yahoo.com,Customer flagged for review,Suspicious - Extreme,False
CUST-1594,TXN232177,48.0,Female,Savings,Los Angeles,2019-08-25,2020-01-09,661.21,GBP,330.17,Withdrawal,655.0,3937.35,Default,No,Accountant,1837.12,mike.davis@yahoo.com,Auto-debit setup confirmed,Normal,False
CUST-1409,TXN907868,25.0,Male,Savings,Los Angeles,2018-05-05,2019-09-08,9581.04,USD,2707.46,Withdrawal,647.0,3575.29,Unknown,Yes,unknown,15391.42,alex.taylor@outlook.com,Loan disbursed to account,Normal,False
CUST-2511,TXN820990,59.0,Male,Fixed Deposit,New York,2020-11-23,2023-11-28,6089.74,EUR,2999.94,Deposit,570.0,2642.77,Active,No,unknown,1367.23,taylor.jones@gmail.com,Unknown,Normal,False
CUST-2544,TXN226763,38.0,Unknown,Checking,New York,2021-04-26,2023-03-21,33252.08,NGN,14874.57,Wire Transfer,757.0,7580.255,Default,Yes,unknown,57432.79,lee.anderson@yahoo.com,Unknown,Normal,False
CUST-1797,TXN591519,61.0,Female,Checking,Los Angeles,2019-07-11,2021-12-12,76694.41,GBP,30989.13,Deposit,647.0,22628.97,Default,No,Lawyer,142077.4,taylor.anderson@outlook.com,Customer flagged for review,Normal,False
CUST-2248,TXN448075,34.0,Female,Savings,Chicago,2022-02-08,2022-04-02,685.47,USD,-126.37,Withdrawal,596.0,9831.82,Unknown,Yes,Accountant,4688.24,chris.jones@gmail.com,Unknown,Normal,False
CUST-1404,TXN863181,46.0,Female,Checking,Chicago,2018-08-30,2018-09-11,5593.15,USD,2026.23,ATM,615.0,16686.94,Closed,Yes,Lawyer,4688.24,alexwilsongmail.com,Unknown,Normal,False
CUST-1623,TXN882504,44.0,Unknown,Checking,Los Angeles,2021-02-12,2021-04-18,12883.79,NGN,4725.03,ATM,550.0,8560.67,Active,No,Doctor,3596.47,patjonesgmail.com,Loan disbursed to account,Normal,False
cust2742,TXN668716,39.0,Female,Fixed Deposit,Chicago,2019-10-31,2020-11-09,11416.21,EUR,929.67,Withdrawal,733.0,7580.255,Unknown,Yes,Accountant,27172.46,jane.taylor@gmail.com,KYC documents pending,Normal,False
CUST-1321,TXN307488,74.0,Male,Fixed Deposit,Phoenix,2020-04-23,2022-10-23,13285.12,EUR,4089.07,Wire Transfer,525.0,5281.07,Active,No,unknown,18776.99,chris.wilson@outlook.com,Account dormant >6 months,Normal,False
CUST-1793,TXN561644,61.0,Male,Fixed Deposit,Phoenix,2021-01-06,2023-06-29,528.48,GBP,-260.67,ATM,506.0,2089.23,Unknown,No,Engineer,6180.67,taylor.wilson@bank.org,KYC documents pending,Normal,False
CUST-1578,TXN430726,35.0,Male,Checking,New York,,2022-06-25,5763.22,NGN,2020.33,Deposit,686.0,7580.255,Default,Yes,Teacher,8639.52,chris.anderson@gmail.com,Unknown,Normal,False
CUST-2583,TXN818849,39.0,Female,Fixed Deposit,New York,2022-03-23,2023-01-26,9146.87,EUR,2601.96,Wire Transfer,686.0,7580.255,Active,Yes,Engineer,4688.24,morgan.smith@bank.org,Loan disbursed to account,Normal,False
CUST-1485,TXN407565,42.0,Male,Fixed Deposit,Chicago,2023-07-31,2024-03-10,567.61,EUR,203.32,ATM,625.0,17670.65,Closed,Yes,Engineer,6970.87,pat.brown@bank.org,KYC documents pending,Normal,False
CUST-1644,TXN491823,49.0,Female,Savings,New York,2020-01-23,2022-06-22,633.47,NGN,202.81,Withdrawal,647.0,6515.6,Active,Yes,Teacher,6180.67,mike.wilson@bank.org,Customer flagged for review,Normal,False
CUST-1670,TXN857440,33.0,Female,Checking,Los Angeles,2020-01-27,2020-09-08,1373.83,USD,397.68,Withdrawal,633.0,3840.75,Closed,No,Teacher,1112.23,john.moore@bank.org,Unknown,Normal,False
CUST--6378,TXN731312,62.0,Female,Fixed Deposit,Houston,2020-10-17,2021-01-06,795.04,USD,-19.72,Wire Transfer,744.0,7580.255,Closed,Yes,Lawyer,6180.67,chris.jackson@outlook.com,Customer flagged for review,Normal,False
CUST-2264,TXN314593,65.0,Female,Fixed Deposit,Chicago,2018-04-10,2021-06-17,801.3,USD,31.23,ATM,730.0,7751.48,Default,Yes,Lawyer,7654.71,pat.miller@outlook.com,Unknown,Normal,False
CUST-1869,TXN163382,57.0,Female,Checking,Los Angeles,2024-04-27,2024-05-14,1500.01,USD,201.17,Wire Transfer,620.0,2104.75,Active,No,Accountant,6180.67,sara.moore@outlook.com,KYC documents pending,Normal,False
CUST-1095,TXN620856,75.0,Female,Checking,Houston,2020-10-23,2024-04-30,167.64,USD,26.34,Withdrawal,654.0,95153.07,Closed,No,Teacher,6180.67,jane.brown@bank.org,Account dormant >6 months,Normal,False
CUST-1436,TXN877093,22.0,Male,Fixed Deposit,New York,2022-01-19,2022-10-16,837.54,USD,-18.73,Wire Transfer,732.0,7580.255,Active,Yes,Lawyer,6180.67,sara.taylor@yahoo.com,Unknown,Normal,False
CUST-2295,TXN896962,27.0,Female,Savings,Los Angeles,2021-12-03,2023-11-22,45631.24,USD,14697.44,Withdrawal,660.0,808.99,Closed,Yes,Lawyer,81940.02,mike.taylor@bank.org,Loan disbursed to account,Normal,False
CUST-2106,TXN824349,33.0,Female,Checking,Los Angeles,2020-12-17,2021-10-28,830.0,EUR,332.62,ATM,700.0,5043.33,Default,No,Teacher,6180.67,pat.anderson@bank.org,KYC documents pending,Normal,False
CUST-2770,TXN728176,67.0,Male,Fixed Deposit,Los Angeles,2022-08-20,2024-01-20,1449.74,USD,618.64,ATM,647.0,2546.78,Default,No,unknown,6180.67,Unknown,Unknown,Normal,False
CUST-2390,TXN290050,37.0,Male,Savings,Phoenix,2023-07-05,2023-10-08,3675.63,GBP,1563.17,Deposit,727.0,21315.25,Closed,Yes,Lawyer,5135.64,jane.miller@yahoo.com,Unknown,Normal,False
CUST-2758,TXN632859,69.0,Male,Savings,Los Angeles,2020-06-13,2024-01-07,12453.59,NGN,6173.38,Wire Transfer,599.0,3996.98,Closed,No,Lawyer,6180.67,alex.davis@bank.org,KYC documents pending,Normal,False
CUST-2205,TXN743875,24.0,Male,Checking,New York,2022-04-01,2023-01-01,315.4,USD,417.35,ATM,625.0,4969.7,Active,No,Teacher,8343.56,mike.jackson@bank.org,Unknown,Normal,False
CUST-3183,TXN111659,48.0,Male,Checking,New York,2018-04-26,2024-05-19,9999999.0,USD,1845176.85,Deposit,705.0,1623.53,Active,No,unknown,11301771.11,chris.wilson@outlook.com,KYC documents pending,Suspicious - Extreme,False
CUST-1889,TXN114957,20.0,Male,Savings,New York,2022-10-04,2023-09-07,1349.59,USD,537.76,Withdrawal,536.0,3071.36,Active,No,Doctor,186.51,pat.wilson@bank.org,Customer flagged for review,Normal,False
CUST-2477,TXN239009,41.0,Female,Current,Chicago,2021-11-26,2024-04-01,3053.94,USD,366.18,ATM,608.0,3211.87,Default,Yes,Teacher,6180.67,john.miller@bank.org,Account dormant >6 months,Normal,False
CUST-1738,TXN682296,52.0,Male,Checking,Houston,2020-08-19,2022-09-09,7113.76,USD,2967.54,Deposit,718.0,7580.255,Active,Yes,unknown,17016.24,taylor.jones@yahoo.com,Unknown,Normal,False
CUST-2473,TXN409161,36.0,Male,Checking,Chicago,2021-11-24,2023-04-09,745.39,EUR,21.03,Withdrawal,632.0,11917.34,Active,Yes,unknown,3989.18,pat.jones@yahoo.com,KYC documents pending,Normal,False
CUST-1520,TXN193351,30.0,Female,Savings,Phoenix,2018-05-16,2022-04-30,209.85,USD,-76.29,Withdrawal,617.0,7580.255,Closed,No,Engineer,888.67,mike.anderson@yahoo.com,Loan disbursed to account,Normal,False
CUST-1980,TXN164758,35.0,Male,Fixed Deposit,Chicago,2019-09-12,2021-01-06,143.64,NGN,-3.91,Withdrawal,602.0,3082.24,Default,Yes,Doctor,6180.67,jane.jackson@bank.org,Unknown,Normal,False
CUST-2008,TXN482929,48.0,Female,Checking,Phoenix,2018-05-27,2024-06-08,609.32,EUR,-377.24,ATM,666.0,14896.85,Closed,Yes,Doctor,4688.24,chris.smith@yahoo.com,Unknown,Normal,False
CUST-2413,TXN648322,44.0,Female,Fixed Deposit,Chicago,2018-01-07,2018-05-23,3283.81,GBP,1043.08,Deposit,655.0,63437.55,Default,Yes,Doctor,6180.67,morgan.anderson@outlook.com,Unknown,Normal,False
CUST-2682,TXN755549,44.0,Male,Savings,New York,2019-05-30,2019-06-06,2160.71,GBP,-562.69,Wire Transfer,593.0,7580.255,Active,Yes,Doctor,5400.56,alex.smith@bank.org,Unknown,Normal,False
CUST-1906,TXN245535,30.0,Unknown,Checking,New York,2023-05-23,2024-04-04,2597.31,USD,821.57,Wire Transfer,693.0,20943.73,Active,Yes,Doctor,2480.8,mike.smith@outlook.com,KYC documents pending,Normal,False
CUST-1191,TXN746281,62.0,Female,Current,Los Angeles,2020-10-05,2024-05-09,421.28,EUR,289.45,ATM,679.0,3165.67,Closed,No,Lawyer,4688.24,morgan.smith@yahoo.com,KYC documents pending,Normal,False
CUST-2359,TXN770978,50.0,Unknown,Fixed Deposit,Los Angeles,2022-10-26,2023-09-03,804.74,USD,-30.92,ATM,567.0,7580.255,Active,No,Engineer,6180.67,taylor.smith@outlook.com,Customer flagged for review,Normal,False
CUST-2809,TXN217816,60.0,Female,Fixed Deposit,New York,2023-03-17,2024-03-17,170.83,USD,39.16,ATM,826.0,18122.93,Closed,Yes,Lawyer,11088.12,jane.taylor@yahoo.com,Account dormant >6 months,Normal,False
CUST-1371,TXN414637,31.0,Male,Savings,Los Angeles,2019-10-09,2021-08-05,1885.9,GBP,145.89,ATM,635.0,8575.37,Closed,Yes,Engineer,4347.92,lee.davis@,Loan disbursed to account,Normal,False
CUST-3128,TXN569865,47.0,Female,Checking,Los Angeles,2018-07-07,2020-01-08,8351.2,GBP,1388.4,Wire Transfer,604.0,7580.255,Default,Yes,Accountant,7735.03,chris.jackson@yahoo.com,Unknown,Normal,False
CUST-3176,TXN298275,18.0,Male,Checking,New York,2018-11-12,2020-09-12,375.16,GBP,184.93,ATM,647.0,7580.255,Closed,No,Lawyer,6180.67,mike.jackson@gmail.com,Auto-debit setup confirmed,Normal,False
CUST-2857,TXN425267,71.0,Female,Checking,Los Angeles,2019-11-04,2021-12-02,217.64,GBP,-140.92,Deposit,624.0,10015.4,Unknown,Yes,Accountant,5436.1,taylor.taylor@outlook.com,Account dormant >6 months,Normal,False
CUST-3096,TXN126946,64.0,Female,Fixed Deposit,New York,2022-06-20,2023-07-27,7498.38,EUR,1871.69,ATM,530.0,6336.01,Active,Yes,Lawyer,8725.6,alex.anderson@gmail.com,Unknown,Normal,False
CUST-1768,TXN509977,23.0,Male,Savings,New York,2019-12-02,2023-09-12,220268.95,EUR,62843.67,Wire Transfer,734.0,6817.16,Closed,Yes,Lawyer,269987.36,pat.anderson@outlook.com,Auto-debit setup confirmed,Normal,False
CUST-2216,TXN692837,36.0,Male,Savings,Houston,2018-10-12,2023-03-08,1267.15,EUR,-205.46,Wire Transfer,647.0,7580.255,Active,Yes,Engineer,5321.54,pat.miller@gmail.com,Loan disbursed to account,Normal,False
CUST-2142,TXN355630,30.0,Male,Checking,New York,2022-01-17,2024-02-11,1886.01,NGN,310.07,Wire Transfer,623.0,2119.5,Active,No,Teacher,5823.33,morgan.brown@gmail.com,KYC documents pending,Normal,False
CUST-2844,TXN554477,63.0,Male,Checking,Chicago,2021-03-30,2024-05-23,5928.84,EUR,1162.35,Wire Transfer,729.0,-158.56,Active,Yes,unknown,8307.54,mike.jones@yahoo.com,Loan disbursed to account,Normal,False
CUST-2879,TXN591022,69.0,Female,Savings,Los Angeles,2022-11-28,2024-04-14,16642.76,EUR,760.39,Withdrawal,556.0,28989.35,Default,No,Accountant,25575.63,sara.taylor@outlook.com,Transaction verified by branch LA,Normal,False
CUST-1551,TXN838359,54.0,Male,Savings,New York,2018-09-01,2022-02-19,7207.16,NGN,730.84,Deposit,686.0,61347.5,Default,Yes,Accountant,9999999999.0,Unknown,KYC documents pending,Suspicious - Extreme,False
CUST--1820,TXN377388,27.0,Male,Current,Los Angeles,2018-03-25,2022-06-13,7944.37,USD,3381.31,Wire Transfer,647.0,26291.49,Default,Unknown,Teacher,6180.67,jane.brown@outlook.com,Unknown,Normal,False
CUST-1917,TXN297006,34.0,Female,Checking,Los Angeles,2018-10-03,2020-05-20,20660.25,USD,9157.16,Wire Transfer,561.0,11470.82,Default,Yes,Engineer,31520.07,mike.brown@gmail.com,Auto-debit setup confirmed,Normal,False
CUST-2620,TXN620356,30.0,Female,Checking,Chicago,2022-03-13,2022-12-08,6037.37,GBP,3043.73,Withdrawal,687.0,14900.28,Active,No,Teacher,5931.74,john.moore@yahoo.com,Unknown,Normal,False
CUST-2891,TXN244379,50.0,Male,Checking,Houston,2019-08-24,2024-04-14,4034.38,EUR,1560.0,Wire Transfer,640.0,7827.79,Active,Yes,Engineer,8922.93,morgan.miller@outlook.com,Loan disbursed to account,Normal,False
CUST-1441,TXN897872,48.0,Male,Savings,Los Angeles,2020-06-05,2020-12-26,3837.94,GBP,824.08,Wire Transfer,569.0,25333.39,Active,Yes,Engineer,8602.29,lee.wilson@yahoo.com,KYC documents pending,Normal,False
CUST-1702,TXN381249,40.0,Female,Current,Phoenix,2022-07-10,2023-09-20,4113.67,USD,457.18,Wire Transfer,728.0,19324.99,Active,Yes,Teacher,919.86,sara.davis@bank.org,Transaction verified by branch Phoenix,Normal,False
CUST-1830,TXN617430,36.0,Female,Checking,New York,2024-05-20,2024-06-05,592.25,USD,319.69,Wire Transfer,675.0,16107.91,Active,Yes,Doctor,7888.55,mike.brown@bank.org,Customer flagged for review,Normal,False
CUST-2825,TXN766089,54.0,Male,Savings,Los Angeles,2023-11-06,2024-02-12,5294.28,GBP,2207.88,ATM,668.0,5508.11,Active,No,unknown,3733.53,jane.taylor@bank.org,Loan disbursed to account,Normal,False
CUST-1767,TXN795317,57.0,Male,Savings,New York,2022-07-15,2023-02-16,13509.74,EUR,5829.14,ATM,664.0,20700.55,Default,No,Doctor,4688.24,morgan.miller@bank.org,Transaction verified by branch New York,Normal,False
CUST-3187,TXN947557,71.0,Unknown,Checking,Los Angeles,2022-06-26,2023-05-15,2280.11,GBP,780.48,Deposit,600.0,3550.47,Active,No,Doctor,4558.7,chris.jones@bank.org,Unknown,Normal,False
CUST-2999,TXN736151,25.0,Female,Fixed Deposit,New York,2018-12-23,2021-05-20,1426.08,GBP,227.84,Deposit,508.0,8263.02,Default,No,Teacher,1731.89,john.smith@bank.org,Unknown,Normal,False
CUST-1331,TXN449682,70.0,Female,Savings,Los Angeles,2023-09-24,2024-06-14,7770.54,USD,3257.07,Wire Transfer,780.0,-515.53,Active,Yes,Lawyer,7599.68,john.jones@yahoo.com,KYC documents pending,Normal,False
CUST-2494,TXN180118,22.0,Male,Fixed Deposit,Houston,2018-07-20,2020-09-12,5543.74,USD,2670.44,ATM,672.0,-982.14,Default,Yes,Doctor,12911.03,morgan.moore@outlook.com,Transaction verified by branch Houston,Normal,False
CUST-2521,TXN310930,43.0,Female,Savings,Houston,2023-05-01,2023-01-07,1031.4,EUR,214.35,Deposit,592.0,2628.96,Default,Unknown,Accountant,1647.19,jane.smith@gmail.com,Transaction verified by branch Houston,Normal,False
CUST-1951,TXN143831,48.0,Female,Savings,New York,2024-03-14,2024-03-20,14846.92,GBP,5070.28,Wire Transfer,641.0,7580.255,Active,Yes,Accountant,6069.64,alex.moore@outlook.com,Customer flagged for review,Normal,False
CUST-2095,TXN331840,54.0,Male,Current,New York,2019-10-22,2023-12-14,616.5,USD,286.54,Deposit,555.0,14586.56,Closed,No,unknown,4238.3,taylor.moore@outlook.com,Loan disbursed to account,Normal,False
CUST-2130,TXN580451,66.0,Male,Fixed Deposit,Los Angeles,2019-04-19,2020-06-02,1510.02,GBP,-272.38,Deposit,623.0,16862.19,Closed,Yes,Teacher,6180.67,taylor.davis@bank.org,Unknown,Normal,False
CUST-3116,TXN190727,56.0,Male,Fixed Deposit,Los Angeles,2023-12-18,2024-05-13,3906.74,USD,512.4,Wire Transfer,602.0,7580.255,Closed,Unknown,Lawyer,2394.8,morgan.moore@outlook.com,Auto-debit setup confirmed,Normal,False
CUST-2992,TXN660774,45.0,Male,Checking,New York,2018-06-18,2018-09-23,197.86,USD,211.01,Deposit,647.0,2955.93,Default,Yes,Teacher,6180.67,taylor.jones@gmail.com,Unknown,Normal,False
CUST-1762,TXN500967,22.0,Female,Savings,Chicago,2018-10-25,2023-01-19,29285.8,USD,-0.01,ATM,708.0,48136.64,Default,Yes,Accountant,31391.89,morgan.anderson@yahoo.com,Loan disbursed to account,Normal,False
CUST--6705,TXN426708,26.0,Female,Checking,New York,2019-05-01,2023-03-22,2258.93,EUR,62.18,Withdrawal,733.0,7580.255,Active,No,Engineer,6180.67,mike.miller@,KYC documents pending,Normal,False
CUST-1940,TXN582274,34.0,Female,Savings,Los Angeles,2021-01-01,2023-11-22,1884.79,GBP,9999999.0,Wire Transfer,700.0,4031.12,Closed,Yes,Lawyer,9772.53,lee.davis@bank.org,Unknown,Normal,False
CUST-3182,TXN220148,58.0,Male,Checking,Los Angeles,2018-12-17,2024-04-25,5807.4,EUR,1481.79,ATM,589.0,2636.18,Default,No,Engineer,17316.86,pat.wilson@yahoo.com,Loan disbursed to account,Normal,False
CUST-1985,TXN660213,57.0,Female,Savings,New York,2021-09-14,2023-11-26,907.97,USD,2.06,Withdrawal,540.0,3059.11,Active,No,Doctor,4715.9,john.smith@yahoo.com,KYC documents pending,Normal,False
cust4260,TXN172866,42.0,Female,Fixed Deposit,Los Angeles,,2023-04-14,1371.39,USD,339.64,Wire Transfer,648.0,26592.73,Default,Yes,Lawyer,15356.66,pat.jackson@bank.org,Transaction verified by branch Los Angeles,Normal,False
CUST-2699,TXN106634,0.0,Female,Savings,Phoenix,2021-08-07,2022-08-18,425.32,USD,458.09,ATM,707.0,2904.55,Active,Yes,Engineer,3862.15,chris.wilson@outlook.com,Unknown,Normal,False
CUST-2315,TXN508270,48.0,Female,Fixed Deposit,Los Angeles,2024-04-28,2024-06-22,2682.94,USD,618.64,Withdrawal,637.0,23391.87,Default,Yes,Teacher,6180.67,sara.jones@bank.org,Account dormant >6 months,Normal,False
CUST-2474,TXN563649,58.0,Male,Checking,Chicago,2019-12-21,2023-05-18,4278.32,NGN,1643.6,Withdrawal,679.0,9175.44,Default,No,Lawyer,6180.67,john.brown@gmail.com,Auto-debit setup confirmed,Normal,False
CUST-1838,TXN750574,25.0,Female,Fixed Deposit,Houston,2018-01-26,2022-06-03,476.11,GBP,157.9,Wire Transfer,546.0,4041.23,Default,No,Teacher,6180.67,pat.moore@gmail.com,Loan disbursed to account,Normal,False
cust9170,TXN860006,71.0,Female,Checking,Houston,2019-06-04,2024-04-28,2282.72,USD,841.73,Wire Transfer,616.0,11430.65,Closed,Yes,Engineer,4763.78,alex.wilson@yahoo.com,Transaction verified by branch Houston,Normal,False
CUST-1482,TXN414467,71.0,Female,Fixed Deposit,Chicago,2020-04-17,2021-06-27,1090.15,USD,618.64,Withdrawal,629.0,10815.05,Default,No,Accountant,1687.15,alex.davis@,Unknown,Normal,False
CUST-2321,TXN240345,66.0,Male,Fixed Deposit,Houston,,2022-10-25,5458.4,EUR,1726.37,Wire Transfer,586.0,8981.46,Default,Yes,Doctor,6180.67,lee.davis@bank.org,Account dormant >6 months,Normal,False
CUST-1030,TXN717457,29.0,Male,Fixed Deposit,Los Angeles,2023-05-05,2024-01-22,7188.84,USD,2676.71,ATM,570.0,4599.5,Default,No,Doctor,10284.71,chris.moore@bank.org,Unknown,Normal,False
CUST-1303,TXN205656,34.0,Female,Checking,Los Angeles,2024-03-10,2024-06-12,11114.92,USD,1364.55,Wire Transfer,652.0,7580.255,Active,Yes,Lawyer,7504.95,mike.smith@outlook.com,Account dormant >6 months,Normal,False
CUST-1892,TXN152740,46.0,Male,Current,Los Angeles,2021-06-18,2021-06-27,15310.47,EUR,3124.95,Wire Transfer,647.0,1933.04,Default,Yes,Accountant,22221.05,mike.taylor@bank.org,Auto-debit setup confirmed,Normal,False
CUST-2149,TXN785590,48.0,Male,Fixed Deposit,Los Angeles,2022-02-05,2022-05-06,38413.07,EUR,7096.04,Withdrawal,622.0,19715.37,Unknown,No,Teacher,31068.74,chris.moore@yahoo.com,Unknown,Normal,False
CUST--1816,TXN527580,74.0,Female,Savings,Los Angeles,2024-03-28,2024-04-29,5672.88,USD,408.59,Wire Transfer,639.0,7568.22,Closed,Yes,Lawyer,5404.09,morganwilsongmail.com,KYC documents pending,Normal,False
CUST-1705,TXN488314,54.0,Male,Checking,Chicago,2021-10-20,2023-01-02,1480.68,NGN,631.16,Wire Transfer,634.0,11204.35,Closed,Yes,Accountant,6180.67,sara.moore@gmail.com,Unknown,Normal,False
CUST-2737,TXN491193,56.0,Female,Checking,Los Angeles,2019-12-30,2023-08-12,5809.68,USD,2707.67,Wire Transfer,574.0,24858.8,Active,No,Accountant,11903.26,john.moore@outlook.com,Unknown,Normal,False
CUST-2172,TXN493079,69.0,Female,Fixed Deposit,Chicago,2018-01-02,2023-01-23,9472.28,GBP,618.64,Withdrawal,716.0,25844.16,Default,Yes,Lawyer,541.7,jane.jackson@outlook.com,Customer flagged for review,Normal,False
CUST-1291,TXN666931,31.0,Female,Savings,Chicago,2021-08-30,2022-11-24,31203.52,USD,10552.19,ATM,605.0,53165.08,Closed,Yes,Doctor,25300.08,alex.jones@outlook.com,Loan disbursed to account,Normal,False
CUST-2210,TXN930826,75.0,Female,Savings,Los Angeles,2019-01-01,2020-12-30,1044.07,USD,471.36,Wire Transfer,658.0,9408.25,Default,Yes,Accountant,6180.67,Unknown,Customer flagged for review,Normal,False
CUST-2997,TXN156166,74.0,Female,Savings,Phoenix,2023-01-19,2023-07-21,18211.41,GBP,8477.86,Deposit,577.0,5359.1,Closed,No,Teacher,14423.27,morgan.moore@bank.org,KYC documents pending,Normal,False
CUST-1148,TXN646571,37.0,Male,Current,New York,2021-11-11,2022-10-03,7714.67,NGN,367.22,Deposit,664.0,4180.61,Default,Yes,Accountant,17686.67,sara.smith@gmail.com,Loan disbursed to account,Normal,False
CUST-1207,TXN649526,67.0,Male,Checking,Los Angeles,2018-01-10,2020-03-15,243.69,GBP,618.64,Wire Transfer,596.0,14337.0,Unknown,No,Doctor,6180.67,chris.smith@gmail.com,KYC documents pending,Normal,False
CUST-2037,TXN903738,51.0,Male,Checking,Los Angeles,2024-05-15,2024-06-17,5518.3,EUR,957.37,Withdrawal,761.0,18757.5,Active,Yes,Engineer,12902.99,taylor.davis@outlook.com,Transaction verified by branch los angeles,Normal,False
CUST-2801,TXN957119,50.0,Male,Checking,Los Angeles,2018-09-17,2022-07-22,611.45,USD,-122.78,Withdrawal,567.0,9090.11,Default,No,Lawyer,4688.24,mike.miller@yahoo.com,Unknown,Normal,False
CUST-1604,TXN861093,23.0,Female,Savings,New York,2024-01-06,2024-06-06,4634.74,GBP,740.72,Withdrawal,587.0,4062.11,Closed,No,Engineer,6180.67,morgan.jackson@outlook.com,Unknown,Normal,False
cust8993,TXN708712,48.0,Unknown,Savings,New York,2024-06-21,2024-06-21,22931.17,GBP,10348.21,Withdrawal,717.0,881.33,Default,Yes,Doctor,50679.26,alex.anderson@bank.org,Loan disbursed to account,Normal,False
CUST-1382,TXN844238,68.0,Male,Checking,Los Angeles,2022-01-25,2023-12-06,2299.81,GBP,1084.37,Withdrawal,540.0,1613.95,Active,Yes,Teacher,10648.19,lee.anderson@bank.org,Customer flagged for review,Normal,False
CUST-2268,TXN903108,33.0,Male,Fixed Deposit,Los Angeles,2021-01-13,2021-10-27,412.22,GBP,24.62,Wire Transfer,664.0,31105.74,Active,Yes,Doctor,2591.15,Unknown,KYC documents pending,Normal,False
CUST-2154,TXN596010,65.0,Female,Checking,Los Angeles,2022-11-22,2023-06-26,9999999.0,GBP,3128706.25,Wire Transfer,523.0,18339.95,Active,No,Teacher,13788058.12,jane.jones@bank.org,Transaction verified by branch LA,Suspicious - Extreme,False
CUST-2835,TXN609451,44.0,Female,Checking,Chicago,,2020-06-09,3426.87,GBP,93.77,Wire Transfer,609.0,10799.69,Closed,No,Engineer,4688.24,john.anderson@outlook.com,Auto-debit setup confirmed,Normal,False
CUST-2399,TXN866575,57.0,Female,Savings,Chicago,2022-04-19,2023-06-30,3112.44,USD,345.9,Deposit,746.0,-210.38,Default,Yes,Accountant,6180.67,Unknown,Unknown,Normal,False
CUST-1753,TXN490571,33.0,Male,Fixed Deposit,New York,2024-02-24,2024-06-16,2578.76,EUR,877.87,Withdrawal,574.0,14887.04,Unknown,Yes,Teacher,6180.67,morgan.anderson@yahoo.com,Unknown,Normal,False
CUST-3130,TXN545078,19.0,Female,Checking,New York,2018-05-15,2021-10-06,6609.1,EUR,610.24,Wire Transfer,659.0,7865.44,Active,No,Lawyer,7766.51,morgan.smith@outlook.com,Loan disbursed to account,Normal,False
CUST-2479,TXN987512,39.0,Male,Savings,Los Angeles,2020-01-26,2023-02-03,6509.61,USD,2957.13,Wire Transfer,647.0,25017.98,Closed,Yes,Engineer,3909.79,jane.wilson@bank.org,Unknown,Normal,False
CUST-2243,TXN388916,67.0,Female,Fixed Deposit,Los Angeles,2020-01-12,2021-07-16,692.88,USD,221.37,Wire Transfer,636.0,15347.03,Closed,Yes,Lawyer,23.9,lee.smith@bank.org,KYC documents pending,Normal,False
CUST-3102,TXN114974,28.0,Female,Checking,Los Angeles,2024-06-11,2024-06-13,966.87,USD,420.84,ATM,650.0,2048.61,Unknown,Yes,Engineer,6180.67,taylor.wilson@gmail.com,Unknown,Normal,False
CUST-1588,TXN375161,55.0,Male,Fixed Deposit,New York,2020-08-18,2021-12-17,558.48,USD,350.93,Wire Transfer,637.0,4683.09,Default,Yes,Accountant,1231.51,john.brown@gmail.com,Customer flagged for review,Normal,False
CUST-2398,TXN482716,32.0,Female,Fixed Deposit,New York,2019-02-28,2022-10-06,160.61,USD,255.52,Deposit,585.0,19091.06,Active,No,Engineer,6180.67,taylor.brown@bank.org,Customer flagged for review,Normal,False
CUST-2519,TXN919951,18.0,Male,Savings,New York,2023-05-14,2024-04-26,3906.68,USD,1232.19,Deposit,531.0,49294.83,Default,No,Accountant,4019.21,taylor.smith@yahoo.com,Customer flagged for review,Normal,False
CUST-1818,TXN363312,28.0,Male,Fixed Deposit,New York,2023-11-19,2024-02-25,2707.35,USD,659.17,Withdrawal,608.0,7580.255,Default,No,Doctor,4688.24,mike.wilson@yahoo.com,Transaction verified by branch New York,Normal,False
CUST-2135,TXN422506,48.0,Male,Savings,New York,2021-12-27,2024-03-27,634.0,GBP,187.68,Deposit,753.0,8221.51,Default,Yes,Lawyer,6180.67,jane.miller@bank.org,Auto-debit setup confirmed,Normal,False
CUST-3070,TXN792309,38.0,Female,Fixed Deposit,New York,2018-05-26,2019-08-18,1284.81,USD,-15.86,Deposit,647.0,520.45,Default,No,Accountant,2763.34,taylor.moore@yahoo.com,Unknown,Normal,False
CUST-1857,TXN869795,72.0,Male,Fixed Deposit,Houston,2019-08-07,2020-05-08,2379.48,USD,1179.56,Deposit,643.0,2645.07,Closed,Yes,Lawyer,6180.67,alex.taylor@outlook.com,Customer flagged for review,Normal,False
CUST-2068,TXN465941,44.0,Female,Savings,Los Angeles,2022-06-12,2024-08-02,6407.58,GBP,618.64,ATM,660.0,5068.85,Closed,No,Doctor,4688.24,taylor.smith@outlook.com,Unknown,Normal,False
CUST-2416,TXN294444,65.0,Male,Fixed Deposit,Phoenix,2018-10-23,2024-04-27,274.45,USD,-31.2,Withdrawal,577.0,18201.6,Default,No,Lawyer,856.4,mike.taylor@gmail.com,Transaction verified by branch Phoenix,Normal,False
CUST-2734,TXN932200,48.0,Male,Fixed Deposit,New York,2021-03-21,2023-05-31,4772.31,EUR,1739.98,ATM,698.0,7580.255,Default,Yes,Teacher,3219.1,john.taylor@yahoo.com,Auto-debit setup confirmed,Normal,False
cust9618,TXN251538,71.0,Female,Checking,Phoenix,2019-04-29,2020-10-16,2989.03,EUR,679.19,ATM,738.0,10885.59,Active,Yes,Engineer,2990.79,john.jones@outlook.com,Auto-debit setup confirmed,Normal,False
CUST-2626,TXN479012,31.0,Male,Savings,New York,2024-03-19,2024-04-07,936.09,USD,371.15,ATM,647.0,16308.87,Active,Yes,Engineer,6180.67,jane.brown@yahoo.com,KYC documents pending,Normal,False
CUST-2804,TXN613539,32.0,Male,Savings,Los Angeles,2018-05-28,2021-07-09,10453.86,USD,4689.56,Deposit,589.0,17902.78,Default,No,Engineer,3772.1,morgan.miller@yahoo.com,Unknown,Normal,False
CUST-1059,TXN556732,55.0,Female,Checking,Phoenix,2020-09-25,2024-06-24,5126.06,USD,815.61,Withdrawal,647.0,7580.255,Active,No,Lawyer,6180.67,sara.moore@outlook.com,Account dormant >6 months,Normal,False
CUST-2045,TXN382270,47.0,Female,Current,Houston,2024-06-14,2024-06-15,11829.74,GBP,3211.61,Wire Transfer,563.0,4387.05,Active,No,Teacher,14680.83,sara.taylor@bank.org,Unknown,Normal,False
CUST-2058,TXN264332,65.0,Male,Fixed Deposit,Los Angeles,2020-04-18,2021-06-15,2053.04,GBP,569.59,Withdrawal,653.0,7580.255,Unknown,No,Engineer,6198.18,john.jackson@yahoo.com,Transaction verified by branch None,Normal,False
CUST-1217,TXN106029,49.0,Female,Fixed Deposit,Los Angeles,2018-01-27,2021-03-11,1759.4,GBP,149.09,Deposit,647.0,11236.55,Unknown,Yes,Accountant,1787.14,lee.jackson@outlook.com,Unknown,Normal,False
CUST-2684,TXN125076,40.0,Male,Savings,New York,2020-05-17,2022-10-19,1408.37,NGN,562.83,Deposit,631.0,7580.255,Active,No,unknown,4767.7,sara.brown@yahoo.com,Unknown,Normal,False
CUST-2733,TXN793837,45.0,Male,Fixed Deposit,Los Angeles,2018-09-22,2024-04-27,20615.63,GBP,1283.44,Wire Transfer,698.0,3274.06,Unknown,Yes,Lawyer,15236.61,mike.anderson@bank.org,KYC documents pending,Normal,False
CUST-1212,TXN795759,34.0,Male,Fixed Deposit,Phoenix,2018-04-02,2021-02-19,73.15,EUR,-157.96,Wire Transfer,696.0,6614.07,Closed,Yes,Engineer,1879.96,chris.davis@outlook.com,KYC documents pending,Normal,False
CUST-2802,TXN361990,36.0,Female,Savings,Los Angeles,2020-07-05,2022-10-25,16035.07,NGN,4351.23,Deposit,624.0,10602.15,Default,Yes,unknown,6384.79,morgan.miller@gmail.com,Auto-debit setup confirmed,Normal,False
CUST-1602,TXN770139,0.0,Male,Savings,Los Angeles,2024-05-17,2024-09-06,2447.42,NGN,239.64,ATM,615.0,1625.26,Default,No,unknown,11798.93,alex.miller@gmail.com,Customer flagged for review,Normal,False
CUST-2046,TXN365956,29.0,Unknown,Savings,Chicago,2018-09-23,2022-06-17,6759.34,USD,2926.34,Deposit,649.0,9490.9,Default,No,Lawyer,9285.11,taylor.jones@bank.org,Transaction verified by branch CHI,Normal,False
CUST-3030,TXN541471,63.0,Female,Fixed Deposit,Los Angeles,2023-02-11,2023-06-09,18633.33,GBP,4463.55,Wire Transfer,662.0,8084.97,Closed,Yes,Accountant,29428.09,chris.taylor@outlook.com,Transaction verified by branch Los Angeles,Normal,False
CUST-1378,TXN743416,24.0,Female,Fixed Deposit,Chicago,2019-08-08,2023-08-10,515.34,EUR,-328.67,Wire Transfer,693.0,17312.0,Active,Yes,Teacher,6180.67,johnwilsongmail.com,Loan disbursed to account,Normal,False
CUST-1615,TXN903684,75.0,Female,Current,Chicago,2019-11-10,2022-07-21,9755.22,GBP,4860.49,Deposit,695.0,21336.72,Closed,No,Doctor,3702.57,chris.miller@gmail.com,Auto-debit setup confirmed,Normal,False
CUST-2443,TXN188740,53.0,Female,Fixed Deposit,Los Angeles,2019-03-29,2020-01-28,1714.83,USD,592.83,Wire Transfer,739.0,10754.22,Closed,Yes,Teacher,6180.67,taylor.jackson@gmail.com,Loan disbursed to account,Normal,False
CUST-2590,TXN554621,29.0,Female,Savings,New York,2019-10-24,2020-08-01,8049.74,NGN,1270.24,ATM,785.0,10353.86,Active,Yes,Accountant,11951.41,jane.taylor@outlook.com,Account dormant >6 months,Normal,False
CUST-1600,TXN389068,48.0,Male,Savings,Chicago,2019-04-02,2019-06-07,2715.45,NGN,669.21,ATM,623.0,14251.34,Default,No,Teacher,6180.67,jane.jackson@outlook.com,Unknown,Normal,False
CUST-1130,TXN774225,57.0,Female,Checking,Los Angeles,2021-05-25,2023-05-15,6521.84,USD,306.42,Withdrawal,670.0,11458.05,Active,No,Accountant,6180.67,chris.jones@yahoo.com,Unknown,Normal,False
CUST-3039,TXN279904,44.0,Female,Checking,New York,2022-07-09,2024-01-04,4538.51,USD,578.28,Wire Transfer,659.0,19318.11,Closed,Unknown,Accountant,4056.0,taylor.moore@bank.org,Unknown,Normal,False
CUST-2112,TXN237055,60.0,Unknown,Checking,New York,2022-11-05,2024-06-18,10307.97,GBP,3443.71,Wire Transfer,548.0,10010.57,Unknown,No,unknown,17707.65,lee.miller@outlook.com,Unknown,Normal,False
CUST-2604,TXN754963,21.0,Male,Savings,Phoenix,2018-10-25,2020-02-21,1019.16,GBP,479.53,ATM,597.0,7580.255,Default,No,unknown,6180.67,jane.wilson@bank.org,Unknown,Normal,False
CUST-2054,TXN643895,57.0,Male,Fixed Deposit,New York,2022-03-28,2022-10-03,293.71,USD,618.64,Wire Transfer,680.0,18727.8,Default,Yes,Doctor,6180.67,taylor.jackson@bank.org,Customer flagged for review,Normal,False
CUST-2598,TXN145565,66.0,Male,Checking,Phoenix,2018-12-11,2019-10-03,852.86,NGN,31.74,Wire Transfer,668.0,20029.51,Default,Yes,Engineer,6180.67,patandersongmail.com,Transaction verified by branch Phoenix,Normal,False
CUST-3175,TXN128112,59.0,Female,Fixed Deposit,New York,,2022-08-16,4493.96,USD,1512.77,Wire Transfer,697.0,9659.27,Active,No,Accountant,4031.27,Unknown,Transaction verified by branch N.Y.,Normal,False
CUST-1927,TXN784171,51.0,Female,Savings,Chicago,2023-08-01,2024-03-02,2647.57,USD,362.44,Withdrawal,611.0,7580.255,Default,Yes,Doctor,2650.59,morgan.anderson@yahoo.com,Auto-debit setup confirmed,Normal,False
cust3859,TXN712236,47.0,Female,Checking,Los Angeles,2020-09-01,2020-06-17,4662.18,EUR,2021.74,Wire Transfer,734.0,11703.23,Default,Yes,Engineer,5720.88,jane.wilson@yahoo.com,Loan disbursed to account,Normal,False
CUST-1258,TXN486123,45.0,Unknown,Checking,Los Angeles,2019-09-28,2023-05-15,7697.2,USD,3693.13,Wire Transfer,699.0,1685.43,Active,No,Doctor,9309.48,taylorjonesgmail.com,Unknown,Normal,False
CUST-2773,TXN551819,56.0,Female,Savings,New York,2021-11-15,2023-05-23,651.16,GBP,280.68,Deposit,631.0,8188.99,Active,No,Engineer,6211.69,jane.anderson@bank.org,Unknown,Normal,False
cust6972,TXN272075,49.0,Male,Fixed Deposit,Los Angeles,2018-10-24,2021-07-29,1034.86,USD,311.46,Wire Transfer,701.0,4111.34,Default,No,Lawyer,6180.67,pat.davis@yahoo.com,Unknown,Normal,False
CUST-3103,TXN695619,18.0,Female,Savings,Chicago,2023-08-20,2024-02-05,5332.2,USD,1115.63,Deposit,742.0,7580.255,Default,Yes,unknown,6180.67,sara.jackson@yahoo.com,Unknown,Normal,False
CUST-2635,TXN107007,48.0,Male,Fixed Deposit,Los Angeles,2023-02-03,2023-10-14,1442.45,EUR,934.93,ATM,629.0,5125.46,Closed,No,unknown,4176.57,pat.smith@yahoo.com,Unknown,Normal,False
CUST-1062,TXN120422,41.0,Male,Savings,Chicago,2018-12-17,2024-06-10,1282.5,NGN,405.28,ATM,675.0,3268.14,Active,Yes,Teacher,4688.24,morganwilsongmail.com,Transaction verified by branch CHI,Normal,False
CUST-1219,TXN687638,48.0,Female,Checking,Los Angeles,2023-09-07,2023-10-09,16574.67,EUR,4853.99,Wire Transfer,616.0,15256.82,Active,Yes,Lawyer,4688.24,morgan.davis@gmail.com,Account dormant >6 months,Normal,False
CUST-2394,TXN595021,73.0,Female,Current,Houston,2024-02-29,2024-03-14,1182.97,USD,618.64,ATM,705.0,34503.64,Active,Yes,Engineer,6180.67,mike.taylor@outlook.com,Account dormant >6 months,Normal,False
CUST-2223,TXN347789,32.0,Male,Fixed Deposit,Los Angeles,2019-01-24,2024-02-01,565.57,GBP,450.84,Withdrawal,761.0,-329.4,Unknown,Yes,Lawyer,6180.67,mike.smith@bank.org,KYC documents pending,Normal,False
CUST-1174,TXN946561,42.0,Female,Fixed Deposit,Los Angeles,2018-02-20,2022-04-11,29706.12,NGN,8756.76,Withdrawal,682.0,16157.57,Closed,Yes,Accountant,38127.33,pat.smith@yahoo.com,Unknown,Normal,False
CUST-1282,TXN997343,48.0,Female,Savings,New York,2023-03-17,2023-04-28,7157.33,USD,2877.03,Wire Transfer,697.0,24555.81,Default,Yes,Teacher,14463.18,john.anderson@gmail.com,KYC documents pending,Normal,False
CUST-2493,TXN948549,50.0,Female,Savings,Los Angeles,2019-08-29,2022-08-14,10194.56,GBP,1010.84,Deposit,673.0,7580.255,Closed,Yes,Lawyer,4864.2,morgan.brown@yahoo.com,Account dormant >6 months,Normal,False
CUST-1142,TXN533020,44.0,Female,Savings,Chicago,2024-04-16,2024-06-16,6454.63,NGN,1853.46,Withdrawal,691.0,381830.28,Active,Yes,Engineer,12709.57,taylor.anderson@outlook.com,Auto-debit setup confirmed,Normal,False
CUST-1442,TXN974113,48.0,Male,Fixed Deposit,Chicago,2022-09-18,2023-02-26,2497.13,GBP,-118.88,Withdrawal,601.0,29643.39,Closed,Yes,Accountant,4186.65,chris.davis@gmail.com,KYC documents pending,Normal,False
CUST-1723,TXN917804,28.0,Female,Savings,New York,2022-06-20,2023-06-04,1387.54,GBP,410.25,ATM,450.0,4195.43,Active,No,Accountant,3315.71,Unknown,Accoun,Normal,False
CUST-2145,TXN540432,23.0,Female,Checking,Houston,2022-02-09,2024-01-20,4028.98,USD,273.12,Wire Transfer,653.0,22860.34,Closed,Yes,Accountant,4688.24,jane.wilson@bank.org,Auto-debit,Normal,False
CUST-1686,TXN373533,23.0,Female,Checking,Los Angeles,2022-05-26,2023-07-28,849.04,USD,-81.23,Wire Transfer,606.0,4683.17,Default,No,Doctor,5853.48,john.miller@yahoo.com,KYC documen,Normal,False
CUST-3089,TXN151268,23.0,Female,Savings,New York,2019-06-11,2023-07-08,4190.37,GBP,718.61,ATM,751.0,7233.02,Active,Yes,Engineer,5189.64,alex.brown@gmail.com,Account dormant >6 months,Normal,False
CUST-1216,TXN575718,63.0,Female,Checking,Chicago,2019-05-22,2021-11-27,18066.61,USD,6533.8,Wire Transfer,486.0,2956.95,Default,No,Accountant,15306.42,mike.wilson@,Transaction verified by branch Chicago,Normal,False
CUST-2913,TXN698990,74.0,Male,Fixed Deposit,New York,2018-11-20,2024-02-16,876.67,GBP,146.15,Wire Transfer,689.0,15292.23,Default,Yes,Doctor,3690.07,taylor.davis@outlook.com,Account dormant >6 months,Normal,False
CUST-2432,TXN359955,61.0,Male,Fixed Deposit,Houston,2023-03-11,2023-12-01,3153.8,USD,681.5,Deposit,660.0,749.39,Active,Yes,Teacher,6180.67,taylor.taylor@outlook.com,Customer flagged for review,Normal,False
CUST-1491,TXN642198,21.0,Female,Checking,New York,2018-03-03,2018-11-03,8479.71,USD,1821.21,Deposit,743.0,11726.92,Default,Yes,Accountant,2897.01,morgan.davis@gmail.com,Transaction verified by branch New York,Normal,False
CUST-1808,TXN804953,74.0,Male,Current,Chicago,2023-01-01,2024-02-04,2573.77,USD,490.16,ATM,721.0,14382.17,Default,Yes,Teacher,6180.67,chris.taylor@yahoo.com,KYC documents pending,Normal,False
CUST-2865,TXN113910,48.0,Female,Savings,Los Angeles,2023-09-25,2023-12-09,87.21,EUR,37.99,Withdrawal,748.0,13731.95,Default,Yes,Doctor,2319.38,jane.jones@outlook.com,KYC documents pending,Normal,False
CUST-2698,TXN863000,47.0,Female,Savings,New York,2023-08-21,2023-10-27,3232.71,GBP,394.4,Wire Transfer,573.0,82259.72,Active,Unknown,Doctor,4688.24,morgan.jones@gmail.com,Transaction verified by branch N.Y.,Normal,False
CUST-2560,TXN558567,40.0,Female,Savings,New York,2020-07-22,2024-11-01,1875.37,EUR,618.64,Wire Transfer,661.0,7580.255,Closed,No,Accountant,3709.35,sara.taylor@yahoo.com,Loan disbursed to account,Normal,False
CUST-2971,TXN284287,48.0,Male,Checking,Los Angeles,2019-01-01,2024-06-07,59168.32,GBP,4305.05,Wire Transfer,603.0,7580.255,Closed,Yes,Accountant,36481.25,mike.moore@gmail.com,Account dormant >6 months,Normal,False
CUST-3028,TXN681253,23.0,Male,Current,Los Angeles,2020-02-01,2022-03-12,5186.92,EUR,-235.39,Withdrawal,646.0,4492.14,Active,No,Lawyer,9999999999.0,morgan.jackson@yahoo.com,Account dormant >6 months,Suspicious - Extreme,False
CUST-1639,TXN834222,41.0,Male,Fixed Deposit,New York,,2019-07-25,7318.73,EUR,2761.27,Withdrawal,591.0,8795.5,Closed,Yes,Teacher,4935.06,morgan.anderson@bank.org,Account dormant >6 months,Normal,False
CUST-1483,TXN876298,65.0,Male,Fixed Deposit,New York,2024-02-17,2024-02-17,2437.03,USD,510.74,Wire Transfer,713.0,1410.17,Default,No,Lawyer,9663.05,morgan.taylor@outlook.com,Customer flagged for review,Normal,False
CUST-3188,TXN858911,74.0,Male,Checking,Los Angeles,2018-02-05,2019-06-26,15945.0,NGN,2807.13,Wire Transfer,637.0,7580.255,Active,No,Accountant,13084.56,alex.miller@yahoo.com,Unknown,Normal,False
CUST--4519,TXN315780,63.0,Female,Fixed Deposit,Chicago,2020-03-18,2023-12-21,3310.0,EUR,947.52,Wire Transfer,659.0,15711.22,Closed,Yes,Teacher,12279.17,pat.brown@yahoo.com,Unknown,Normal,False
cust3822,TXN722932,18.0,Female,Fixed Deposit,Chicago,2022-09-25,2023-04-20,276.32,NGN,253.8,ATM,583.0,7640.97,Active,No,Lawyer,2380.49,pat.smith@gmail.com,KYC documents pending,Normal,False
CUST-2931,TXN680335,55.0,Male,Checking,Los Angeles,2024-03-10,2024-04-13,1894.28,USD,639.07,Wire Transfer,575.0,2763.09,Default,Yes,Lawyer,6180.67,pat.miller@outlook.com,Auto-debit setup confirmed,Normal,False
CUST-2617,TXN997386,58.0,Male,Savings,Chicago,2022-08-07,2023-07-04,953.83,USD,199.67,Deposit,734.0,4650.45,Active,Yes,Engineer,5617.9,mike.jones@gmail.com,Transaction verified by branch CHI,Normal,False
CUST-1920,TXN511338,57.0,Male,Savings,Chicago,2021-08-29,2023-07-18,34923.73,USD,13251.55,Withdrawal,647.0,10330.77,Active,Yes,Accountant,56637.9,lee.jones@yahoo.com,Unknown,Normal,False
CUST-2624,TXN675520,64.0,Male,Current,Phoenix,2020-10-04,2021-05-01,3184.64,GBP,-211.82,Withdrawal,761.0,9342.96,Active,Yes,Engineer,3829.2,pat.brown@outlook.com,Transaction verified by branch Phoenix,Normal,False
CUST-2705,TXN818982,52.0,Male,Savings,Houston,2020-06-24,2024-05-28,16182.44,USD,9999999.0,Deposit,647.0,3664.84,Default,Yes,Doctor,16532.0,mike.jones@bank.org,Customer flagged for review,Normal,False
CUST-2508,TXN182160,25.0,Male,Checking,New York,2018-04-23,2022-03-18,529.54,USD,186.99,Wire Transfer,680.0,2498.27,Active,Yes,Teacher,5456.91,jane.moore@yahoo.com,KYC documents pending,Normal,False
CUST-2988,TXN847755,40.0,Male,Savings,Houston,2021-01-01,2024-05-22,3187.06,NGN,248.91,ATM,557.0,24464.96,Active,Unknown,Lawyer,432.91,alex.anderson@bank.org,Unknown,Normal,False
cust5139,TXN294128,56.0,Female,Checking,New York,2021-03-23,2023-01-26,5466.09,EUR,2527.77,Deposit,668.0,5860.16,Default,No,Doctor,8874.61,mike.wilson@bank.org,Customer flagged for review,Normal,False
CUST-2866,TXN580724,52.0,Female,Savings,Phoenix,2022-11-09,2023-03-02,225.12,NGN,-92.11,Deposit,682.0,12214.55,Closed,Yes,Lawyer,6468.12,chris.wilson@gmail.com,Unknown,Normal,False
CUST-1088,TXN619536,43.0,Male,Checking,Phoenix,2022-07-14,2022-07-15,3448.23,USD,545.16,ATM,593.0,5839.13,Default,No,Accountant,6180.67,sara.jones@yahoo.com,KYC documents pending,Normal,False
CUST-2936,TXN625849,32.0,Male,Current,Chicago,2022-10-11,2024-02-24,5712.11,GBP,842.5,Deposit,609.0,1458.0,Default,Yes,Doctor,6023.66,chris.jackson@bank.org,Unknown,Normal,False
CUST-1244,TXN624953,57.0,Female,Fixed Deposit,New York,2020-02-24,2024-05-17,-1.0,USD,-311.79,ATM,698.0,2251.99,Closed,Yes,Doctor,8772.79,chris.davis@outlook.com,Unknown,Normal,False
CUST-3044,TXN997414,42.0,Female,Checking,Houston,2019-03-29,2022-03-29,897.55,USD,-18.96,Deposit,619.0,16985.68,Active,Yes,Lawyer,850.43,morganandersongmail.com,Customer flagged for review,Normal,False
CUST-2527,TXN531555,72.0,Female,Savings,Chicago,2021-10-25,2022-12-23,141.38,EUR,-236.33,Deposit,651.0,7580.255,Default,Yes,Accountant,6180.67,jane.anderson@bank.org,Auto-debit setup confirmed,Normal,False
CUST-3078,TXN868532,71.0,Male,Savings,New York,2019-09-01,2020-09-18,6302.27,USD,1245.87,Withdrawal,700.0,4918.47,Unknown,Yes,Lawyer,785.36,sara.taylor@gmail.com,KYC documents pending,Normal,False
CUST-2928,TXN431339,34.0,Male,Checking,Houston,2020-04-05,2021-06-21,1808.82,GBP,434.83,ATM,552.0,14278.94,Active,No,Doctor,4688.24,lee.smith@gmail.com,Auto-debit setup confirmed,Normal,False
CUST-2227,TXN573079,43.0,Male,Fixed Deposit,Houston,2020-04-17,2021-02-16,1702.66,USD,344.63,Wire Transfer,647.0,41636.81,Active,No,Doctor,1163.07,chris.jones@gmail.com,Unknown,Normal,False
CUST-3118,TXN635438,70.0,Female,Fixed Deposit,Los Angeles,2018-04-21,2018-04-22,94698.67,USD,618.64,Deposit,715.0,2183.0,Default,Yes,Doctor,125307.97,pat.taylor@yahoo.com,Account dormant >6 months,Normal,False
cust8962,TXN165741,23.0,Female,Checking,Los Angeles,2018-05-24,2020-07-20,2463.16,NGN,350.64,Deposit,432.0,9567.63,Closed,No,Teacher,6180.67,pat.anderson@bank.org,Auto-debit setup confirmed,Normal,False
CUST-1698,TXN281930,71.0,Male,Checking,Phoenix,2020-12-15,2023-03-12,547.24,EUR,70.88,Withdrawal,750.0,4744.14,Active,Yes,Engineer,2414.28,morgan.taylor@bank.org,Loan disbursed to account,Normal,False
CUST-1277,TXN651001,63.0,Female,Current,Chicago,2020-04-28,2022-09-11,30371.43,EUR,6274.64,Wire Transfer,600.0,5498.87,Active,No,Teacher,26908.97,mike.taylor@outlook.com,KYC documents pending,Normal,False
CUST-2572,TXN306498,35.0,Female,Checking,New York,2024-03-22,2024-06-26,3138.21,USD,-295.2,Withdrawal,647.0,13039.68,Default,No,Doctor,8935.8,sara.moore@gmail.com,Unknown,Normal,False
CUST-2881,TXN424828,27.0,Female,Checking,Los Angeles,2023-01-31,2024-03-02,3933.51,USD,360.6,Wire Transfer,492.0,895.24,Unknown,No,Teacher,5168.41,john.moore@gmail.com,Unknown,Normal,False
CUST-2912,TXN685541,30.0,Male,Checking,Los Angeles,2018-06-29,2023-06-10,195.69,GBP,-91.32,Withdrawal,721.0,28458.37,Active,No,Teacher,6099.19,chris.jones@bank.org,Unknown,Normal,False
CUST-1337,TXN349739,48.0,Male,Fixed Deposit,Chicago,2018-03-03,2019-10-01,117.91,NGN,-108.46,Deposit,544.0,41857.03,Closed,No,Engineer,5145.14,morgan.davis@outlook.com,Customer flagged for review,Normal,False
CUST-1385,TXN503953,65.0,Male,Checking,New York,2022-12-18,2023-05-25,4670.11,USD,2213.82,Deposit,774.0,8366.61,Active,Yes,Lawyer,1750.98,taylor.moore@outlook.com,KYC documents pending,Normal,False
CUST-2514,TXN959018,70.0,Male,Fixed Deposit,Los Angeles,2022-06-16,2023-06-17,47552.7,USD,2824.9,Wire Transfer,670.0,8010.31,Default,Yes,Accountant,47281.35,morgan.wilson@outlook.com,KYC documents pending,Normal,False
CUST-2631,TXN718412,71.0,Male,Checking,New York,2020-07-11,2022-04-21,514.71,USD,618.64,Wire Transfer,525.0,8431.36,Default,No,Lawyer,6180.67,sara.anderson@gmail.com,Customer f,Normal,False
CUST-2665,TXN280789,48.0,Female,Checking,New York,2023-11-12,2024-03-26,26118.95,USD,2219.29,Wire Transfer,524.0,2828.36,Default,No,Lawyer,24795.64,morgan.jones@outlook.com,Account dormant >6 months,Normal,False
CUST-2170,TXN429329,38.0,Female,Current,Houston,2021-04-22,2023-09-10,1227.91,USD,-127.97,Deposit,615.0,22684.58,Active,No,Teacher,6180.67,mike.smith@outlook.com,Transaction verified by branch Houston,Normal,False
CUST-2616,TXN316328,75.0,Female,Savings,Chicago,2020-08-19,2024-06-11,10895.5,USD,3291.25,Wire Transfer,631.0,7580.255,Active,Yes,Engineer,29151.85,sara.jackson@yahoo.com,Transaction verified by branch CHI,Normal,False
CUST-2423,TXN214680,71.0,Female,Savings,Los Angeles,2022-06-11,2024-06-16,28318.33,EUR,11701.62,Deposit,612.0,4321.38,Active,No,Doctor,32562.56,morgan.wilson@yahoo.com,Loan disbursed to account,Normal,False
CUST-1616,TXN785520,46.0,Male,Savings,Houston,2024-05-06,2024-06-30,1189.92,EUR,211.45,ATM,583.0,154677.01,Closed,Yes,Engineer,8236.18,morgan.jackson@yahoo.com,Customer flagged for review,Normal,False
CUST-2878,TXN572506,48.0,Male,Checking,Phoenix,2019-03-14,2023-08-11,7866.41,USD,51.53,Wire Transfer,543.0,6072.14,Active,Unknown,Accountant,21310.75,lee.taylor@yahoo.com,Unknown,Normal,False
CUST-1921,TXN578235,26.0,Male,Checking,Chicago,2024-01-29,2024-04-29,6834.4,USD,1642.46,Deposit,647.0,3734.56,Default,Yes,Doctor,6180.67,mike.brown@bank.org,Account dormant >6 months,Normal,False
CUST-1432,TXN708358,60.0,Female,Current,New York,2019-12-27,2020-01-25,285.78,EUR,618.64,Wire Transfer,643.0,6765.02,Default,Yes,Accountant,16084.59,jane.smith@outlook.com,Customer flagged for review,Normal,False
CUST-2392,TXN202205,23.0,Female,Fixed Deposit,New York,2024-02-01,2024-02-07,3383.92,GBP,784.99,Withdrawal,635.0,2418.25,Default,Yes,Lawyer,3094.79,mike.taylor@yahoo.com,Account dormant >6 months,Normal,False
CUST-1804,TXN976166,72.0,Unknown,Checking,Chicago,2019-09-22,2024-12-04,855.69,GBP,46.55,Deposit,638.0,18783.51,Active,No,Lawyer,4688.24,pat.jones@yahoo.com,Auto-debit setup confirmed,Normal,False
CUST-2348,TXN892663,24.0,Female,Savings,New York,2021-04-05,2022-04-15,3209.89,USD,1315.22,Wire Transfer,620.0,88253.42,Closed,No,Accountant,4215.46,lee.anderson@gmail.com,KYC documents pending,Normal,False
CUST-2687,TXN818309,67.0,Male,Current,Los Angeles,2023-07-05,2023-10-30,561.19,USD,-89.47,ATM,729.0,3782.88,Active,No,Lawyer,6180.67,Unknown,Customer flagged for review,Normal,False
CUST-2098,TXN849759,67.0,Male,Current,New York,2019-04-16,2019-08-30,17146.61,USD,3399.51,ATM,475.0,4772.06,Active,No,Engineer,14563.08,morgan.davis@yahoo.com,Unknown,Normal,False
CUST-3032,TXN687904,40.0,Female,Savings,Los Angeles,2024-01-02,2024-03-04,40934.8,NGN,9136.54,Withdrawal,714.0,7189.24,Closed,Yes,Accountant,21543.83,alex.davis@gmail.com,KYC documents pending,Normal,False
CUST-2856,TXN228138,18.0,Male,Checking,Los Angeles,2022-03-08,2023-03-28,16208.18,GBP,2907.82,ATM,666.0,4939.58,Closed,Yes,Engineer,18074.04,mike.moore@yahoo.com,Transaction verified by branch Los Angeles,Normal,False
CUST-1576,TXN947811,62.0,Female,Savings,Houston,2021-04-21,2022-03-21,1842.72,USD,401.53,ATM,668.0,13329.61,Active,No,Engineer,5798.75,john.jones@bank.org,Unknown,Normal,False
CUST-3161,TXN973557,37.0,Male,Checking,New York,2023-03-31,2024-01-11,414.18,GBP,34.66,Withdrawal,715.0,8446.79,Default,Yes,unknown,6180.67,chris.brown@gmail.com,Loan disbursed to account,Normal,False
CUST-1821,TXN105830,35.0,Male,Savings,Chicago,2018-04-21,2022-03-22,2264.87,USD,618.64,Deposit,744.0,4327.25,Default,Yes,Accountant,1970.93,lee.wilson@outlook.com,Transaction verified by branch CHI,Normal,False
CUST-2305,TXN233248,32.0,Male,Checking,Los Angeles,2019-11-23,2024-01-23,1472.47,GBP,-500.0,Deposit,698.0,3045.47,Default,Yes,Teacher,6180.67,jane.jones@yahoo.com,Account dormant >6 months,Normal,False
CUST-2431,TXN745215,74.0,Female,Checking,Los Angeles,2018-12-18,2019-12-23,10033.34,USD,384.42,ATM,611.0,7580.255,Default,Yes,Lawyer,16139.47,alex.wilson@yahoo.com,KYC documents pending,Normal,False
CUST-2367,TXN169917,51.0,Female,Checking,Chicago,2023-12-30,2024-06-21,807.47,EUR,227.99,Deposit,685.0,6915.1,Default,No,Engineer,6180.67,alex.taylor@bank.org,KYC documents pending,Normal,False
CUST-2833,TXN979526,68.0,Unknown,Checking,Phoenix,2023-04-01,2023-07-01,230.69,USD,-18.26,Wire Transfer,646.0,7580.255,Default,Yes,unknown,5461.26,jane.brown@outlook.com,Unknown,Normal,False
CUST-2258,TXN116050,61.0,Female,Checking,Chicago,2023-04-06,2023-04-08,39099.36,NGN,7082.51,ATM,647.0,21004.21,Default,No,Engineer,53183.38,sara.wilson@,Auto-debit setup confirmed,Normal,False
CUST-1858,TXN709583,66.0,Female,Checking,Chicago,2020-04-23,2020-11-24,3897.31,USD,618.64,Wire Transfer,698.0,3461.53,Unknown,No,Engineer,16061.28,john.smith@outlook.com,KYC d,Normal,False
CUST-1587,TXN698738,71.0,Unknown,Fixed Deposit,Los Angeles,2018-11-15,2023-02-11,1159.92,GBP,353.12,Wire Transfer,607.0,-808.53,Default,No,Accountant,6180.67,chris.wilson@gmail.com,Transaction verified by branch LA,Normal,False
CUST-2096,TXN196076,66.0,Male,Fixed Deposit,New York,2022-08-01,2023-02-14,169.53,USD,98.51,Deposit,612.0,3794.22,Default,No,Accountant,6887.08,alex.jones@yahoo.com,Unknown,Normal,False
CUST-3064,TXN972098,46.0,Female,Fixed Deposit,New York,2022-09-09,2023-07-20,9650.2,USD,3340.9,Withdrawal,762.0,7145.61,Active,Yes,Doctor,21057.51,alex.anderson@gmail.com,Unknown,Normal,False
CUST-1888,TXN135228,63.0,Female,Savings,New York,2020-10-26,2022-01-10,510.68,EUR,142.75,Wire Transfer,744.0,13107.08,Active,Yes,Teacher,4688.24,morgan.taylor@bank.org,Loan disbursed to account,Normal,False
CUST-2798,TXN935217,44.0,Male,Fixed Deposit,Los Angeles,2022-08-07,2024-02-05,11744.21,EUR,1979.09,Wire Transfer,779.0,3087.47,Active,Yes,Doctor,23893.21,mike.wilson@bank.org,Unknown,Normal,False
CUST-1240,TXN391427,23.0,Female,Checking,New York,2023-07-02,2024-03-19,476.66,EUR,314.59,Wire Transfer,630.0,5570.16,Closed,No,Teacher,4041.24,mike.jackson@outlook.com,Account dormant >6 months,Normal,False
CUST-2270,TXN913755,42.0,Male,Checking,Los Angeles,2022-07-05,2023-09-01,3202.66,USD,131.8,Deposit,530.0,28428.45,Closed,No,Teacher,6180.67,mike.davis@gmail.com,Unknown,Normal,False
CUST-1687,TXN286591,45.0,Male,Fixed Deposit,Los Angeles,2018-05-17,2021-01-26,568.33,USD,97.81,Withdrawal,747.0,4850.34,Active,Yes,Engineer,6180.67,jane.smith@yahoo.com,Unknown,Normal,False
CUST-1668,TXN330602,48.0,Male,Savings,New York,2022-08-30,2023-11-25,546.8,NGN,308.94,Wire Transfer,700.0,3625.27,Active,Unknown,Accountant,5051.75,taylor.jackson@yahoo.com,Unknown,Normal,False
CUST-2841,TXN265771,59.0,Female,Checking,New York,2019-06-12,2019-10-18,81994.57,USD,32711.27,ATM,676.0,1400.37,Default,Yes,Accountant,119682.11,Unknown,Account dormant >6 months,Normal,False
CUST-1846,TXN757576,66.0,Unknown,Current,New York,2023-05-10,2023-10-25,153.34,NGN,55.87,ATM,801.0,3140.41,Default,Yes,Engineer,6180.67,sara.jones@bank.org,Transaction verified by branch N.Y.,Normal,False
CUST-2985,TXN989494,40.0,Male,Savings,Houston,2019-02-14,2020-04-19,4765.86,USD,2140.07,Wire Transfer,761.0,26666.76,Default,Yes,Teacher,1206.63,mike.jones@,Transaction verified by branch Houston,Normal,False
CUST-2875,TXN388343,53.0,Female,Current,Chicago,2020-10-15,2022-05-05,2927.79,USD,757.59,Wire Transfer,530.0,16756.0,Closed,No,Engineer,8670.94,lee.miller@yahoo.com,Loan disbursed to account,Normal,False
CUST-1812,TXN158317,38.0,Female,Current,New York,2020-02-16,2024-05-01,1285.74,NGN,-160.48,Withdrawal,814.0,24071.16,Unknown,Yes,Engineer,539.98,lee.davis@gmail.com,Unknown,Normal,False
CUST--6388,TXN324156,68.0,Female,Current,Phoenix,2023-11-30,2024-02-09,10671.51,USD,3416.36,Wire Transfer,622.0,5874.43,Active,Yes,Accountant,25262.31,Unknown,Transaction verified by branch Phoenix,Normal,False
CUST-2408,TXN353767,75.0,Male,Current,Houston,2021-04-27,2023-09-02,391.26,USD,311.9,Wire Transfer,483.0,6404.31,Closed,No,Lawyer,11384.81,morgan.miller@yahoo.com,Customer flagged for review,Normal,False
CUST-1272,TXN154382,38.0,Male,Fixed Deposit,Los Angeles,2023-10-20,2023-12-16,13049.22,GBP,2109.78,Wire Transfer,646.0,15911.85,Default,No,Accountant,6180.67,john.jackson@outlook.com,Unknown,Normal,False
CUST-2686,TXN964578,23.0,Female,Checking,New York,2022-07-19,2023-11-19,14009.36,NGN,618.64,Wire Transfer,685.0,18972.0,Active,Yes,Engineer,4688.24,pat.anderson@bank.org,Unknown,Normal,False
CUST-3170,TXN738136,23.0,Male,Fixed Deposit,New York,2023-07-26,2024-01-21,239.14,NGN,145.35,Wire Transfer,534.0,9319.1,Default,No,Doctor,1394.1,lee.smith@bank.org,Unknown,Normal,False
CUST-2181,TXN863169,53.0,Unknown,Savings,Chicago,2023-01-26,2023-03-22,10188.96,EUR,3317.61,ATM,647.0,7580.255,Active,Yes,unknown,13755.12,mike.jackson@outlook.com,Customer flagged for review,Normal,False
CUST-2694,TXN300402,32.0,Female,Savings,Los Angeles,2022-11-25,2024-03-30,173771.67,GBP,50475.77,Deposit,666.0,14990.38,Active,Yes,Doctor,9999999999.0,lee.moore@outlook.com,Transaction verified by branch los angeles,Suspicious - Extreme,False
CUST-1561,TXN372077,53.0,Female,Current,New York,2021-07-25,2022-04-09,712.72,NGN,270.37,Wire Transfer,704.0,9008.24,Default,Yes,Accountant,3797.16,alex.jackson@gmail.com,Transaction verified by branch N.Y.,Normal,False
CUST-2842,TXN984102,67.0,Male,Fixed Deposit,Los Angeles,2024-05-25,2024-06-23,789.52,USD,259.19,Deposit,561.0,7580.255,Unknown,No,Lawyer,5923.94,lee.smith@bank.org,Transaction verified by branch LA,Normal,False
CUST-3133,TXN128731,48.0,Female,Fixed Deposit,Houston,2021-03-08,2021-12-08,387.12,GBP,-51.7,Withdrawal,647.0,44923.28,Default,No,Lawyer,703.01,morgan.jones@,Unknown,Normal,False
CUST-2561,TXN608753,41.0,Female,Savings,Los Angeles,2019-01-14,2020-02-19,10915.45,GBP,622.76,Wire Transfer,784.0,1880.89,Closed,Yes,Teacher,19249.59,sara.wilson@outlook.com,Customer flagged for review,Normal,False
CUST-2358,TXN302033,26.0,Unknown,Fixed Deposit,Phoenix,2022-08-20,2023-08-30,6642.95,USD,137.16,Withdrawal,733.0,2286.42,Closed,Yes,Accountant,5051.77,taylor.davis@gmail.com,Auto-debit setup confirmed,Normal,False
CUST-2178,TXN608899,65.0,Female,Savings,New York,2023-03-02,2023-08-07,2027.55,USD,877.48,Wire Transfer,815.0,2002.59,Default,Yes,Engineer,9810.99,morgan.anderson@bank.org,Auto-debit setup confirmed,Normal,False
CUST-2043,TXN550504,22.0,Male,Current,New York,2021-09-25,2022-05-23,1274.63,USD,-500.0,Wire Transfer,716.0,9991.3,Default,Yes,Accountant,6180.67,patandersongmail.com,Auto-debit setup confirmed,Normal,False
CUST-3063,TXN644494,59.0,Unknown,Savings,Phoenix,2020-04-14,2021-05-08,13736.42,USD,4743.83,ATM,625.0,11255.86,Default,Yes,Lawyer,15427.05,morgan.brown@yahoo.com,Unknown,Normal,False
CUST-1876,TXN579964,45.0,Female,Fixed Deposit,Houston,2023-01-18,2023-08-12,13396.35,USD,1085.43,Withdrawal,587.0,3790.67,Active,No,Accountant,8581.44,jane.anderson@yahoo.com,Auto-debit setup confirmed,Normal,False
CUST-2834,TXN583238,50.0,Male,Savings,Los Angeles,2023-04-09,2023-11-28,609.87,USD,255.73,ATM,603.0,10885.0,Active,Unknown,Accountant,134.74,chris.jackson@bank.org,Transaction verified by branch LA,Normal,False
CUST-1591,TXN106154,18.0,Male,Savings,Phoenix,2022-03-12,2022-03-31,4992.45,NGN,1161.89,Wire Transfer,652.0,3795.25,Active,Unknown,Accountant,7911.17,chris.miller@outlook.com,Customer flagged for review,Normal,False
CUST-1786,TXN274468,48.0,Female,Checking,Los Angeles,2020-11-23,2023-09-14,10426.72,EUR,5105.33,Deposit,526.0,-710.22,Active,No,Engineer,0.0,john.jones@yahoo.com,Auto-debit setup confirmed,Normal,False
CUST-1223,TXN441699,22.0,Female,Current,Houston,2024-02-23,2024-05-31,5249.83,GBP,1323.81,ATM,576.0,19333.72,Default,No,Teacher,9323.65,pat.miller@gmail.com,Auto-debit setup confirmed,Normal,False
CUST-1828,TXN901834,26.0,Male,Fixed Deposit,New York,2019-02-08,2023-12-27,464.71,USD,600.06,Withdrawal,777.0,15977.66,Default,Yes,Accountant,6180.67,alex.anderson@gmail.com,Account dormant >6 months,Normal,False
CUST-2739,TXN373399,56.0,Female,Checking,New York,2022-07-31,2022-10-29,370.68,USD,618.64,Deposit,817.0,7775.65,Closed,Yes,unknown,11353.33,mike.smith@outlook.com,Loan disbursed to account,Normal,False
CUST-2012,TXN967268,61.0,Female,Checking,Chicago,2021-05-13,2024-01-19,105.04,USD,63.09,Deposit,605.0,7580.255,Closed,No,unknown,3621.08,alex.anderson@bank.org,Unknown,Normal,False
CUST-1349,TXN385693,70.0,Male,Checking,Los Angeles,2023-08-29,2024-06-01,41124.74,USD,16134.66,Withdrawal,594.0,3950.48,Closed,No,Doctor,50604.0,morganandersongmail.com,Unknown,Normal,False
CUST-3101,TXN298188,58.0,Female,Checking,Los Angeles,2021-07-11,2021-11-23,1831.83,GBP,9999999.0,ATM,669.0,8982.9,Active,No,Teacher,1997.5,alex.wilson@yahoo.com,Auto-debit setup confirmed,Normal,False
CUST-2363,TXN544981,57.0,Female,Fixed Deposit,Los Angeles,2024-02-21,2024-04-05,3140.73,GBP,573.57,Deposit,558.0,24098.5,Active,No,Engineer,6180.67,lee.taylor@bank.org,Account dormant >6 months,Normal,False
CUST-1661,TXN799157,23.0,Male,Savings,Los Angeles,2019-12-06,2022-04-24,27515.23,USD,7609.5,Deposit,650.0,22280.41,Default,No,unknown,42266.53,taylor.anderson@bank.org,Auto-debit setup confirmed,Normal,False
CUST-2484,TXN486619,45.0,Female,Checking,Chicago,2021-03-22,2021-06-21,2639.64,GBP,913.62,Withdrawal,718.0,14303.7,Default,Yes,Engineer,9182.36,taylor.wilson@outlook.com,Account dormant >6 months,Normal,False
CUST-1206,TXN343977,53.0,Female,Fixed Deposit,Los Angeles,2022-03-28,2022-09-12,9256.55,USD,2654.43,Wire Transfer,571.0,8949.32,Unknown,Yes,unknown,12498.58,john.jackson@yahoo.com,Customer flagged for review,Normal,False
CUST-1978,TXN391236,70.0,Male,Current,Los Angeles,2020-12-21,2023-01-17,6250.02,EUR,2209.88,Wire Transfer,490.0,2640.59,Active,No,Doctor,12447.69,morgan.taylor@yahoo.com,Loan disbursed to account,Normal,False
CUST-1880,TXN793965,36.0,Male,Checking,Los Angeles,2023-02-06,2024-05-08,790.07,USD,618.64,Wire Transfer,754.0,7580.255,Active,Yes,Teacher,6180.67,pat.davis@outlook.com,Account dormant >6 months,Normal,False
CUST-2790,TXN107427,30.0,Male,Checking,Los Angeles,2021-11-14,2022-03-19,67239.43,NGN,15241.08,Deposit,647.0,174.75,Active,Yes,Teacher,83723.95,sara.taylor@bank.org,Loan disbursed to account,Normal,False
CUST-2970,TXN483181,69.0,Female,Fixed Deposit,Phoenix,2018-05-12,2023-10-01,2410.3,USD,152.66,Wire Transfer,760.0,7580.255,Closed,Yes,Doctor,13993.4,taylor.wilson@bank.org,Loan disbursed to account,Normal,False
CUST-3024,TXN647876,22.0,Male,Savings,New York,2022-06-25,2024-03-28,4852.13,EUR,671.72,Withdrawal,569.0,9587.64,Default,No,Engineer,6180.67,alex.wilson@bank.org,Customer flagged for review,Normal,False
CUST-1254,TXN316642,70.0,Female,Current,Los Angeles,2020-12-08,2022-04-30,689.65,USD,376.07,Wire Transfer,574.0,112688.43,Closed,Yes,Engineer,3374.85,john.smith@outlook.com,Account dormant >6 months,Normal,False
CUST-1769,TXN223505,31.0,Female,Savings,Phoenix,2023-12-19,2023-12-29,5778.85,GBP,891.37,ATM,668.0,1264.08,Default,Yes,Lawyer,5380.97,alex.taylor@outlook.com,Unknown,Normal,False
CUST-2439,TXN105131,74.0,Female,Checking,Los Angeles,2019-03-07,2022-08-19,14736.23,USD,5963.97,Deposit,751.0,13245.49,Active,Yes,Engineer,4688.24,alex.taylor@bank.org,Account dormant >6 months,Normal,False
CUST-3094,TXN817773,35.0,Male,Checking,New York,2020-05-30,2022-09-22,2900.96,EUR,158.8,ATM,688.0,5992.13,Default,Yes,Doctor,16604.19,taylor.smith@yahoo.com,Unknown,Normal,False
CUST-2274,TXN139086,70.0,Male,Fixed Deposit,New York,2023-03-04,2023-07-20,1204.97,USD,393.73,ATM,483.0,21455.28,Active,No,Lawyer,3669.31,lee.miller@outlook.com,Auto-debit setup confirmed,Normal,False
CUST-2083,TXN431493,48.0,Male,Checking,New York,2021-09-01,2022-06-25,690.76,GBP,167.57,ATM,651.0,796.07,Active,No,Accountant,4434.79,lee.moore@yahoo.com,Account dormant >6 months,Normal,False
CUST-2582,TXN538561,22.0,Female,Savings,Los Angeles,2023-06-10,2024-04-06,3778.72,GBP,1329.56,Withdrawal,647.0,-402.13,Closed,No,Accountant,10484.07,saramillergmail.com,Customer flagged for review,Normal,False
CUST-2445,TXN987435,34.0,Male,Checking,Los Angeles,2021-05-07,2024-06-15,30051.32,USD,5887.93,ATM,595.0,18403.54,Active,Yes,unknown,10555.75,alex.jackson@outlook.com,Unknown,Normal,False
CUST--1722,TXN690570,45.0,Female,Savings,Phoenix,2022-02-13,2023-08-24,2309.35,EUR,544.37,Wire Transfer,705.0,21063.67,Default,Yes,Doctor,4608.36,chris.taylor@yahoo.com,Account dormant >6 months,Normal,False
CUST-2539,TXN111183,48.0,Unknown,Fixed Deposit,Los Angeles,2019-03-06,2020-07-19,21251.15,USD,10523.81,ATM,596.0,2311.93,Closed,No,Accountant,14400.95,taylor.anderson@bank.org,Unknown,Normal,False
CUST-1227,TXN733152,55.0,Female,Savings,Phoenix,2020-08-25,2023-10-08,4170.65,USD,1100.68,ATM,687.0,53211.22,Default,Yes,Accountant,10805.44,morgan.wilson@bank.org,Unknown,Normal,False
CUST-2991,TXN813389,30.0,Male,Fixed Deposit,Los Angeles,2022-05-08,2022-07-28,229.56,GBP,115.2,ATM,642.0,40550.08,Active,No,Engineer,6180.67,mike.davis@outlook.com,Transaction verified by branch Los Angeles,Normal,False
CUST-1759,TXN349448,60.0,Female,Fixed Deposit,Chicago,2018-08-08,2020-01-14,1705.34,USD,458.72,Deposit,664.0,12399.91,Active,Yes,Teacher,2392.67,chris.jackson@bank.org,Auto-debit setup confirmed,Normal,False
CUST-2907,TXN481870,31.0,Female,Savings,New York,2018-12-10,2019-04-30,1698.22,NGN,618.64,Deposit,586.0,15629.71,Active,Yes,Teacher,9925.68,taylor.wilson@yahoo.com,Unknown,Normal,False
CUST-1714,TXN854259,49.0,Female,Checking,Los Angeles,2023-01-20,2023-03-31,706.22,USD,47.52,Wire Transfer,647.0,2617.03,Unknown,Yes,Engineer,0.0,jane.moore@gmail.com,Unknown,Normal,False
CUST-2492,TXN718013,68.0,Female,Savings,Los Angeles,2023-03-06,2024-03-19,83.32,EUR,70.94,Withdrawal,647.0,63845.42,Active,Yes,Accountant,818.77,alex.miller@yahoo.com,Account dormant >6 months,Normal,False
CUST-2171,TXN583248,53.0,Female,Fixed Deposit,Los Angeles,2019-12-22,2023-04-27,837.44,EUR,492.92,Deposit,623.0,4865.08,Active,Yes,Engineer,1026.76,sara.moore@outlook.com,Unknown,Normal,False
CUST-1965,TXN614060,73.0,Male,Savings,Chicago,2019-12-28,2024-06-17,580.96,NGN,-66.38,Withdrawal,572.0,9050.14,Active,Yes,Teacher,6180.67,morganwilsongmail.com,Account dormant >6 months,Normal,False
CUST-1764,TXN155425,23.0,Female,Savings,New York,2022-06-22,2024-02-25,9285.81,NGN,3492.93,Wire Transfer,647.0,7580.255,Unknown,Yes,Lawyer,4183.13,lee.jackson@yahoo.com,Loan disbursed to account,Normal,False
CUST-2545,TXN136797,58.0,Female,Checking,Los Angeles,2021-12-05,2023-01-04,3128.4,USD,859.21,Wire Transfer,708.0,5948.73,Active,Yes,Teacher,5950.66,morgan.jones@bank.org,Transaction verified by branch Los Angeles,Normal,False
CUST-1143,TXN463188,59.0,Female,Fixed Deposit,Phoenix,2021-01-17,2024-02-05,16372.34,USD,2222.44,Wire Transfer,702.0,-450.2,Default,No,Lawyer,4982.03,taylor.wilson@gmail.com,Auto-debit setup confirmed,Normal,False
CUST-1556,TXN653421,35.0,Male,Savings,Chicago,2019-11-13,2022-08-15,1513.02,NGN,187.48,Deposit,647.0,5235.83,Active,No,unknown,2098.95,Unknown,Customer flagged for review,Normal,False
CUST-2625,TXN549766,48.0,Female,Savings,Chicago,2021-12-31,2022-12-21,23116.22,EUR,5135.59,ATM,695.0,7260.01,Unknown,Yes,unknown,6816.41,alex.wilson@bank.org,Unknown,Normal,False
CUST-2918,TXN298686,32.0,Female,Checking,Chicago,2020-12-21,2023-04-12,384.02,USD,-28.97,Wire Transfer,676.0,13580.59,Unknown,Yes,Engineer,6180.67,john.anderson@yahoo.com,Unknown,Normal,False
CUST-2427,TXN379026,66.0,Male,Fixed Deposit,Los Angeles,2023-04-03,2023-04-09,1492.34,EUR,54.76,Wire Transfer,676.0,6168.16,Closed,No,unknown,7711.94,pat.jones@,Customer flagged for review,Normal,False
CUST-2266,TXN396612,73.0,Female,Fixed Deposit,Chicago,2018-01-25,2021-03-20,1434.47,USD,14.83,Deposit,705.0,7580.255,Closed,Yes,Lawyer,6180.67,chris.taylor@gmail.com,Unknown,Normal,False
CUST-3031,TXN780862,20.0,Male,Fixed Deposit,New York,2020-08-21,2022-05-14,450.97,USD,-48.47,Withdrawal,592.0,11691.37,Default,No,Engineer,4688.24,alex.wilson@outlook.com,Account dormant >6 months,Normal,False
CUST-1301,TXN541508,48.0,Female,Checking,Los Angeles,2024-03-03,2024-02-06,78.59,GBP,-280.43,Wire Transfer,710.0,17779.48,Active,Yes,Doctor,2189.54,pat.wilson@yahoo.com,Customer flagged for review,Normal,False
CUST-2817,TXN302370,72.0,Female,Checking,Los Angeles,2019-12-06,2024-09-06,3244.66,GBP,574.35,Withdrawal,632.0,25422.71,Closed,Yes,Doctor,2680.2,mike.moore@outlook.com,Loan disbursed to account,Normal,False
CUST-2513,TXN187577,75.0,Female,Current,Los Angeles,2021-04-24,2021-07-16,1921.71,EUR,9999999.0,Wire Transfer,600.0,19900.73,Active,No,Engineer,6180.67,taylor.moore@bank.org,KYC documents pending,Normal,False
CUST-3052,TXN538106,64.0,Female,Fixed Deposit,Houston,2022-12-01,2023-07-04,2337.66,NGN,771.7,Deposit,611.0,7580.255,Default,No,Doctor,2675.44,sara.davis@yahoo.com,Transaction verified by branch Houston,Normal,False
CUST-3144,TXN467891,70.0,Male,Fixed Deposit,Chicago,2019-12-04,2022-12-21,8369.84,USD,1645.99,Wire Transfer,593.0,3477.12,Closed,No,Engineer,18353.46,lee.smith@yahoo.com,Transaction verified by branch Chicago,Normal,False
CUST-3180,TXN318863,34.0,Male,Savings,Los Angeles,2021-03-16,2022-02-17,2537.24,NGN,263.03,Wire Transfer,755.0,4038.14,Default,Yes,Teacher,12489.95,pat.jackson@outlook.com,Loan disbursed to account,Normal,False
CUST-2786,TXN810506,18.0,Male,Checking,Los Angeles,2022-03-25,2023-06-28,9279.36,EUR,3250.19,Wire Transfer,390.0,10907.0,Active,No,Engineer,3767.11,taylor.davis@outlook.com,Transaction verified by branch Los Angeles,Normal,False
CUST-2743,TXN929029,36.0,Male,Fixed Deposit,Chicago,2019-01-06,2019-11-18,1116.38,NGN,341.72,Withdrawal,656.0,11169.37,Default,Unknown,Doctor,6180.67,chris.smith@gmail.com,Transaction verified by branch Chicago,Normal,False
CUST-2664,TXN391446,28.0,Female,Savings,New York,2020-12-17,2023-04-17,3845.36,GBP,-122.32,Wire Transfer,647.0,3806.64,Default,Yes,Teacher,6698.29,morgan.anderson@bank.org,Transaction verified by branch new york,Normal,False
CUST-2340,TXN139084,52.0,Male,Savings,New York,2021-03-31,2021-10-31,125276.18,USD,46815.35,ATM,624.0,-426.14,Closed,Yes,Engineer,229403.19,john.jones@gmail.com,Unknown,Normal,False
CUST-2576,TXN909297,44.0,Unknown,Checking,New York,2018-04-28,2022-10-15,4484.38,GBP,763.43,Wire Transfer,693.0,2122.84,Active,No,Teacher,1438.51,lee.anderson@bank.org,Customer flagged for review,Normal,False
CUST-1465,TXN275730,63.0,Female,Checking,New York,2022-09-25,2023-08-15,978.77,EUR,-192.4,Withdrawal,601.0,7580.255,Active,Yes,Lawyer,6180.67,jane.miller@gmail.com,Unknown,Normal,False
CUST-2021,TXN453423,74.0,Female,Current,Los Angeles,2018-11-11,2020-07-24,6743.47,EUR,1546.97,Deposit,691.0,5109.36,Default,Yes,Accountant,6333.21,johnmooregmail.com,Unknown,Normal,False
CUST-2765,TXN875303,58.0,Male,Savings,Los Angeles,2022-05-03,2022-04-18,16387.71,EUR,6737.3,Deposit,756.0,4034.49,Active,Yes,Engineer,31857.56,Unknown,Loan disbursed to account,Normal,False
CUST-3138,TXN607722,33.0,Male,Fixed Deposit,Phoenix,2019-08-01,2020-10-17,12331.69,USD,4535.92,ATM,647.0,2650.95,Closed,No,Accountant,16918.73,john.brown@gmail.com,Auto-debit setup confirmed,Normal,False
CUST-1743,TXN854283,25.0,Female,Fixed Deposit,Houston,2023-02-05,2023-12-12,2418.5,NGN,759.09,Deposit,497.0,30281.81,Closed,No,Teacher,1469.22,sara.davis@bank.org,Unknown,Normal,False
CUST-1788,TXN698120,60.0,Female,Savings,Chicago,2020-11-10,2023-01-11,2384.03,EUR,223.16,ATM,793.0,16417.1,Default,No,Doctor,1369.99,alex.miller@gmail.com,Loan disbursed to account,Normal,False
CUST-2851,TXN191601,75.0,Male,Checking,Los Angeles,2018-05-18,2020-03-02,9063.22,USD,1418.87,Wire Transfer,746.0,1366.66,Default,Yes,Doctor,17907.46,sara.wilson@bank.org,Unknown,Normal,False
CUST-1226,TXN887042,47.0,Female,Checking,New York,2021-07-03,2023-06-06,116847.85,USD,53070.91,Wire Transfer,658.0,7580.255,Active,Yes,unknown,198139.55,alex.taylor@outlook.com,KYC documents pending,Normal,False
CUST-2529,TXN502480,62.0,Female,Fixed Deposit,Los Angeles,2023-03-19,2024-11-06,2938.06,USD,1009.29,Withdrawal,688.0,-869.53,Active,No,Lawyer,9523.2,chris.davis@outlook.com,KYC documents pending,Normal,False
CUST-2893,TXN302510,57.0,Male,Current,New York,2018-01-17,2021-01-08,1234.47,USD,-197.7,Wire Transfer,701.0,46365.51,Unknown,Yes,Doctor,4683.03,sara.wilson@yahoo.com,Transaction verified by branch new york,Normal,False
CUST-1674,TXN554769,53.0,Male,Fixed Deposit,Chicago,2020-01-09,2022-12-27,1503.9,USD,481.78,Withdrawal,697.0,4640.5,Default,Yes,Accountant,6180.67,jane.anderson@bank.org,Account dormant >6 months,Normal,False
CUST-2426,TXN554826,27.0,Male,Checking,New York,2022-06-16,2023-12-20,374.27,USD,260.22,Withdrawal,712.0,3300.97,Default,No,Doctor,6180.67,john.jackson@outlook.com,Loan disbursed to account,Normal,False
CUST-2173,TXN373150,24.0,Male,Fixed Deposit,Phoenix,2023-03-24,2023-11-23,639.83,USD,618.64,Withdrawal,658.0,2755.87,Default,No,Engineer,6180.67,sara.brown@bank.org,KYC documents pending,Normal,False
CUST-1878,TXN357834,43.0,Female,Fixed Deposit,New York,2024-01-05,2024-06-26,132.5,USD,36.23,Deposit,637.0,-727.92,Default,Yes,unknown,6180.67,alex.davis@gmail.com,Unknown,Normal,False
CUST-2995,TXN166719,35.0,Female,Fixed Deposit,New York,2022-07-12,2022-07-11,14455.37,EUR,2020.43,Withdrawal,669.0,19664.68,Closed,Yes,Doctor,4688.24,mike.smith@yahoo.com,Customer flagged for review,Normal,False
CUST-1582,TXN384559,46.0,Male,Checking,Houston,2020-03-22,2023-10-29,1107.12,USD,313.4,Withdrawal,683.0,13253.53,Default,Yes,Teacher,6180.67,alex.jackson@gmail.com,Unknown,Normal,False
CUST-1646,TXN665340,27.0,Male,Fixed Deposit,Phoenix,2022-02-14,2023-08-07,3051.62,NGN,618.64,Deposit,577.0,37022.6,Default,No,Accountant,7886.59,sara.brown@outlook.com,Loan disbursed to account,Normal,False
CUST-1995,TXN710866,26.0,Male,Savings,Houston,2018-11-30,2021-08-21,1285.44,USD,51.83,Wire Transfer,653.0,6316.55,Closed,Yes,Teacher,6180.67,sara.taylor@gmail.com,KYC documents pending,Normal,False
CUST-2717,TXN230683,55.0,Female,Fixed Deposit,Los Angeles,2022-06-09,2023-02-26,3309.51,GBP,-14.65,Wire Transfer,623.0,60019.66,Active,No,Accountant,3655.95,alex.miller@outlook.com,Auto-debit setup confirmed,Normal,False
CUST-1334,TXN362651,72.0,Female,Fixed Deposit,New York,2021-08-08,2023-09-20,17751.15,USD,2128.21,Withdrawal,697.0,16336.75,Closed,Yes,Engineer,16150.55,jane.miller@bank.org,Loan disbursed to account,Normal,False
CUST-3129,TXN857948,30.0,Female,Checking,Los Angeles,2019-05-19,2022-12-26,1673.73,EUR,129.62,ATM,814.0,14844.79,Closed,Yes,Doctor,4453.33,morgan.jones@outlook.com,Transaction verified by branch Los Angeles,Normal,False
CUST-1231,TXN312987,20.0,Female,Current,Los Angeles,2022-01-11,2023-10-20,427.26,NGN,-57.57,Deposit,647.0,6250.45,Default,Yes,Engineer,6180.67,Unknown,Auto-debit setup confirmed,Normal,False
CUST-2143,TXN507216,73.0,Male,Fixed Deposit,New York,2020-08-01,2021-11-25,2192.25,EUR,363.25,ATM,647.0,7938.18,Default,No,Engineer,0.0,taylor.davis@yahoo.com,Customer flagged for review,Normal,False
CUST-1781,TXN731601,52.0,Female,Current,Phoenix,2019-10-09,2022-12-24,14647.96,USD,756.05,Wire Transfer,678.0,47154.66,Default,Yes,Engineer,4688.24,lee.jones@,Customer flagged for review,Normal,False
CUST--7058,TXN206707,42.0,Female,Fixed Deposit,Los Angeles,2021-05-12,2024-05-22,3725.0,EUR,334.55,ATM,724.0,8634.68,Active,Yes,Doctor,8128.25,morgan.anderson@outlook.com,Transaction verified by branch Los Angeles,Normal,False
CUST-1324,TXN497993,28.0,Female,Checking,Chicago,2022-08-20,2024-02-05,2220.47,USD,1070.18,ATM,647.0,16774.74,Active,No,Doctor,0.0,lee.moore@yahoo.com,Account dormant >6 months,Normal,False
CUST-2899,TXN797795,70.0,Female,Fixed Deposit,Houston,2018-06-10,2019-01-12,2449.89,EUR,1235.81,Wire Transfer,499.0,1686.84,Closed,No,Teacher,6180.67,lee.jones@bank.org,Account dormant >6 months,Normal,False
CUST-1162,TXN205345,25.0,Male,Current,New York,2020-10-11,2022-03-03,9144.8,EUR,3307.51,Withdrawal,648.0,9111.82,Active,Yes,Doctor,23650.7,taylor.moore@bank.org,Custom,Normal,False
CUST-1201,TXN703869,52.0,Male,Fixed Deposit,Los Angeles,2023-05-01,2023-10-25,3347.78,NGN,912.04,Wire Transfer,771.0,13889.8,Active,Yes,Doctor,6180.67,lee.moore@yahoo.com,KYC documents pending,Normal,False
CUST-3197,TXN944761,53.0,Male,Current,New York,2020-12-15,2022-07-01,850.4,NGN,618.64,Withdrawal,736.0,7959.63,Active,Yes,Doctor,4688.24,jane.davis@,Unknown,Normal,False
CUST-3061,TXN174222,42.0,Female,Fixed Deposit,Los Angeles,2023-06-27,2024-01-31,3879.28,USD,1610.53,Wire Transfer,714.0,-748.7,Closed,Yes,Doctor,8962.64,pat.jackson@bank.org,Unknown,Normal,False
CUST-3166,TXN810292,48.0,Female,Savings,New York,2022-03-03,2023-07-24,1864.24,NGN,830.91,Withdrawal,808.0,9168.5,Default,Yes,Doctor,6180.67,lee.wilson@bank.org,Unknown,Normal,False
CUST-2214,TXN479742,71.0,Male,Checking,Los Angeles,2021-08-12,2023-10-22,2190.91,GBP,1202.81,Wire Transfer,607.0,4800.25,Default,No,Lawyer,6180.67,morgan.jackson@outlook.com,KYC documents pending,Normal,False
CUST-1400,TXN755833,48.0,Female,Savings,Los Angeles,2018-09-08,2018-03-10,5280.3,GBP,2582.9,Deposit,703.0,7055.37,Active,Yes,Doctor,2863.45,morgan.smith@outlook.com,Auto-debit setup confirmed,Normal,False
CUST-2483,TXN998854,67.0,Male,Fixed Deposit,Chicago,2018-09-21,2022-11-06,4569.38,USD,-0.01,Wire Transfer,492.0,7580.255,Closed,No,unknown,10824.29,lee.moore@outlook.com,Unknown,Normal,False
CUST-1360,TXN785815,27.0,Male,Fixed Deposit,New York,2022-09-24,2024-06-03,3843.13,USD,1135.41,Wire Transfer,647.0,3281.62,Unknown,No,Engineer,1419.04,lee.anderson@outlook.com,Account dormant >6 months,Normal,False
CUST-2057,TXN125486,25.0,Male,Savings,Los Angeles,,2024-05-23,33672.95,USD,13680.25,Wire Transfer,647.0,1608.87,Active,No,Accountant,56611.79,jane.davis@yahoo.com,Transaction verified by branch LA,Normal,False
CUST-2915,TXN383625,24.0,Female,Checking,Los Angeles,2022-06-14,2024-02-08,3701.08,GBP,1403.75,Withdrawal,656.0,16084.63,Default,No,Lawyer,5079.16,lee.brown@yahoo.com,Customer flagged for review,Normal,False
CUST-2213,TXN782862,27.0,Male,Fixed Deposit,Chicago,2019-03-25,2021-01-11,3417.42,USD,600.97,Wire Transfer,650.0,1751.91,Active,Yes,Engineer,7911.36,mike.miller@bank.org,Loan disbursed to account,Normal,False
CUST-3092,TXN456225,64.0,Female,Fixed Deposit,Phoenix,2024-06-03,2024-06-24,4563.6,USD,906.42,Wire Transfer,618.0,2029.37,Closed,Yes,Lawyer,13208.08,morgan.taylor@bank.org,KYC d,Normal,False
CUST-2559,TXN392805,27.0,Female,Savings,Chicago,2021-03-19,2022-08-07,2357.33,EUR,275.35,Deposit,749.0,3716.82,Closed,Yes,Doctor,674.24,jane.anderson@yahoo.com,Auto-debit setup confirmed,Normal,False
CUST-2117,TXN167138,28.0,Male,Savings,New York,2020-03-17,2020-02-09,18863.53,EUR,1894.94,Deposit,537.0,14577.91,Active,No,Teacher,36293.19,chrismooregmail.com,Loan disbursed to account,Normal,False
CUST-1387,TXN239834,31.0,Male,Checking,New York,2023-09-12,2024-06-14,3932.46,USD,-128.03,Withdrawal,647.0,26914.32,Active,Yes,Engineer,6180.67,taylor.moore@bank.org,Account dormant >6 months,Normal,False
CUST-3181,TXN369892,30.0,Female,Checking,Los Angeles,2018-08-11,2019-10-01,1089.03,USD,423.26,Wire Transfer,627.0,9167.49,Default,Yes,Engineer,9999999999.0,chris.smith@gmail.com,Account dormant >6 months,Suspicious - Extreme,False
CUST-2260,TXN276962,66.0,Female,Checking,Houston,2023-09-27,2024-05-12,921.59,EUR,334.11,ATM,816.0,7580.255,Unknown,Unknown,Doctor,58.62,jane.miller@outlook.com,Loan disburs,Normal,False
CUST-2187,TXN444929,41.0,Female,Checking,Chicago,2020-04-19,2022-10-22,930.93,USD,289.34,Deposit,598.0,15662.97,Closed,Yes,Lawyer,6755.52,chris.jackson@yahoo.com,Transaction verified by branch CHI,Normal,False
CUST-2067,TXN593660,28.0,Male,Current,Houston,2020-05-30,2020-08-30,12418.71,USD,1828.71,Deposit,634.0,6646.23,Default,Yes,Teacher,0.0,alex.taylor@yahoo.com,KYC documents pending,Normal,False
CUST-2795,TXN970424,60.0,Male,Checking,New York,2020-09-08,2020-09-21,12713.69,GBP,5559.04,Wire Transfer,685.0,7580.255,Closed,Yes,Accountant,5502.24,mike.anderson@outlook.com,Transaction verified by branch new york,Normal,False
CUST-1866,TXN155320,41.0,Male,Checking,Phoenix,2022-10-03,2023-06-10,255.43,GBP,-270.89,Wire Transfer,600.0,14512.09,Active,Yes,Accountant,2892.4,chris.anderson@yahoo.com,Account dormant >6 months,Normal,False
CUST-1476,TXN546597,56.0,Male,Fixed Deposit,New York,2020-03-31,2022-09-17,24745.49,GBP,2033.36,Withdrawal,651.0,7580.255,Active,Yes,Accountant,29019.88,alex.smith@,Loan disbursed to account,Normal,False
CUST-1362,TXN965674,64.0,Unknown,Checking,Los Angeles,2019-02-19,2023-03-15,18391.55,EUR,413.98,Withdrawal,835.0,12007.87,Active,No,unknown,13206.36,alex.brown@bank.org,KYC documents pending,Normal,False
CUST-2438,TXN527813,22.0,Male,Checking,Houston,2022-11-02,2023-12-30,1742.16,USD,1087.07,Withdrawal,553.0,12563.85,Unknown,No,Accountant,6180.67,morgan.miller@yahoo.com,Loan disbursed to account,Normal,False
CUST-2420,TXN331126,42.0,Male,Savings,Phoenix,2021-02-28,2022-10-24,199.21,USD,144.07,Wire Transfer,679.0,4104.45,Default,Yes,Accountant,6180.67,pat.moore@,Customer flagged for review,Normal,False
CUST-3034,TXN466398,41.0,Female,Checking,Chicago,2022-05-01,2023-08-01,1461.64,USD,503.19,Withdrawal,701.0,16568.14,Default,Yes,Teacher,6180.67,alex.brown@yahoo.com,KYC documents pending,Normal,False
CUST-2278,TXN492557,75.0,Female,Savings,New York,2023-01-22,2023-07-24,1205.01,USD,193.76,Deposit,552.0,-58.28,Default,No,Accountant,6180.67,lee.miller@outlook.com,Unknown,Normal,False
CUST-2774,TXN597294,74.0,Female,Savings,Phoenix,2018-07-06,2022-06-11,507.58,GBP,282.99,Deposit,648.0,5805.23,Active,Yes,unknown,4688.24,lee.jackson@bank.org,KYC documents pending,Normal,False
CUST-1826,TXN756758,48.0,Female,Fixed Deposit,Chicago,2019-05-24,2024-01-24,34329.13,NGN,10288.02,Wire Transfer,647.0,6647.94,Closed,Yes,Lawyer,36697.56,Unknown,Auto-debit setup confirmed,Normal,False
CUST-2242,TXN604245,63.0,Female,Fixed Deposit,New York,2019-04-14,2024-01-04,243.04,USD,441.89,Wire Transfer,687.0,4954.46,Closed,Yes,Lawyer,6988.8,pat.wilson@bank.org,Account dormant >6 months,Normal,False
CUST-1466,TXN763753,65.0,Female,Checking,New York,2022-04-19,2024-04-21,1055.08,GBP,193.99,Withdrawal,647.0,1799.53,Default,Yes,Teacher,4356.66,mike.wilson@gmail.com,Customer flagged for review,Normal,False
CUST-1003,TXN507746,61.0,Male,Savings,Chicago,2022-06-02,2022-06-29,1452.79,NGN,106.76,Wire Transfer,561.0,2449.88,Default,Yes,Engineer,6427.91,johnwilsongmail.com,Auto-debit setup confirmed,Normal,False
CUST-1229,TXN728500,63.0,Female,Savings,Los Angeles,2024-05-07,2024-06-20,15387.14,USD,386.24,Withdrawal,772.0,6918.76,Closed,Yes,Engineer,4297.07,sara.jackson@gmail.com,Unknown,Normal,False
CUST-2156,TXN981355,69.0,Male,Fixed Deposit,Houston,2021-02-25,2023-12-09,1977.14,USD,362.76,Withdrawal,661.0,8935.86,Unknown,Yes,Lawyer,3549.79,sara.moore@outlook.com,Unknown,Normal,False
CUST-1609,TXN727826,50.0,Female,Savings,Phoenix,2020-04-30,2022-10-10,14905.22,NGN,7745.42,Wire Transfer,587.0,2036.43,Closed,No,Lawyer,9999999999.0,jane.brown@yahoo.com,Loan disbursed to account,Suspicious - Extreme,False
CUST-1508,TXN224272,18.0,Female,Checking,Los Angeles,2022-05-30,2022-07-10,1164.36,GBP,232.11,Wire Transfer,647.0,13535.69,Active,Yes,Lawyer,4419.6,john.davis@bank.org,Auto-debit setup confirmed,Normal,False
CUST-3018,TXN377955,69.0,Male,Current,Los Angeles,2022-04-12,2023-01-11,1621.06,USD,612.3,Withdrawal,520.0,1909.28,Default,No,Accountant,2563.77,lee.jones@bank.org,Loan disbursed to account,Normal,False
CUST-1824,TXN987240,52.0,Female,Fixed Deposit,Chicago,2022-06-23,2024-01-27,216.71,USD,127.76,ATM,688.0,3657.16,Active,Unknown,unknown,2466.42,patmillergmail.com,Transaction verified by branch Chicago,Normal,False
CUST-2600,TXN397536,30.0,Male,Savings,New York,2019-01-17,2023-09-22,9461.19,NGN,1080.79,Wire Transfer,759.0,57925.73,Active,Yes,Teacher,6180.67,taylor.anderson@bank.org,Account dormant >6 months,Normal,False
CUST-2696,TXN747690,48.0,Female,Checking,Los Angeles,,2023-12-18,884.63,EUR,-0.01,Deposit,763.0,10865.54,Active,Yes,unknown,4333.83,taylor.brown@outlook.com,KYC documents pending,Normal,False
CUST-2967,TXN497391,39.0,Female,Fixed Deposit,Phoenix,2019-06-27,2023-01-22,27931.51,USD,-0.01,Deposit,707.0,20393.62,Active,Yes,Teacher,4688.24,chris.davis@outlook.com,Auto-debit setup confirmed,Normal,False
CUST-2880,TXN899361,34.0,Male,Fixed Deposit,Chicago,2023-03-16,2024-02-28,6399.29,EUR,569.1,Wire Transfer,779.0,3750.24,Closed,Yes,Lawyer,8820.24,chris.davis@bank.org,KYC documents pending,Normal,False
CUST-2108,TXN786770,38.0,Male,Fixed Deposit,Los Angeles,2020-10-05,2024-03-19,1268.8,USD,618.64,Withdrawal,564.0,8023.7,Active,No,Engineer,6180.67,sara.moore@outlook.com,Loan disbursed to account,Normal,False
CUST-1867,TXN708729,60.0,Male,Savings,Chicago,2024-03-23,2024-05-06,14833.7,GBP,5263.91,Wire Transfer,647.0,19110.9,Default,Yes,Teacher,21048.94,chris.brown@bank.org,KYC documents pending,Normal,False
CUST-1697,TXN842828,48.0,Female,Checking,Los Angeles,2019-06-28,2019-10-06,1268.07,NGN,675.18,Withdrawal,528.0,17164.17,Default,Yes,Engineer,6180.67,Unknown,Unknown,Normal,False
CUST-1710,TXN534159,70.0,Male,Savings,Houston,2018-02-15,2020-09-07,5058.16,GBP,1326.25,Deposit,504.0,10615.36,Active,No,Doctor,6180.67,jane.jones@yahoo.com,Auto-debit setup confirmed,Normal,False
CUST-1778,TXN821765,26.0,Female,Checking,New York,2021-03-18,2023-02-22,25029.16,NGN,7881.55,Deposit,752.0,11361.93,Closed,Yes,Teacher,14042.62,mike.smith@yahoo.com,Unknown,Normal,False
CUST-3025,TXN155249,72.0,Female,Savings,Los Angeles,2022-03-13,2024-03-20,6147.5,EUR,1518.91,ATM,709.0,5458.63,Unknown,Yes,Teacher,0.0,jane.anderson@outlook.com,Account dormant >6 months,Normal,False
CUST-1472,TXN407874,45.0,Female,Savings,Los Angeles,2021-05-19,2022-12-17,278.16,EUR,9999999.0,ATM,647.0,4998.73,Active,Yes,Engineer,1191.44,john.wilson@outlook.com,Unknown,Normal,False
CUST-1138,TXN963333,26.0,Female,Fixed Deposit,New York,2024-03-08,2024-03-24,6062.37,USD,1585.11,Wire Transfer,582.0,1781.4,Closed,No,Accountant,5685.33,mike.jackson@gmail.com,Transaction verified by branch new york,Normal,False
CUST-2537,TXN395659,73.0,Female,Savings,Chicago,2024-06-15,2024-06-19,2759.17,USD,572.78,Wire Transfer,743.0,31231.39,Active,Yes,Doctor,3346.55,alex.smith@gmail.com,Account dormant >6 months,Normal,False
CUST-2575,TXN530029,38.0,Female,Fixed Deposit,Phoenix,2018-03-16,2021-01-12,17181.92,USD,5651.0,Withdrawal,581.0,-304.62,Default,Yes,Teacher,17399.08,chris.smith@gmail.com,Customer flagged for review,Normal,False
CUST-2232,TXN684358,45.0,Female,Current,New York,2019-08-05,2022-05-06,1121.57,GBP,108.12,Wire Transfer,777.0,16368.97,Unknown,Yes,Teacher,3671.5,lee.brown@bank.org,Customer flagged for review,Normal,False
CUST-1176,TXN567773,73.0,Female,Checking,Los Angeles,2022-03-05,2023-09-12,6291.77,GBP,1182.72,Deposit,726.0,7580.255,Default,Yes,Accountant,7628.89,lee.davis@bank.org,Transaction verified by branch Los Angeles,Normal,False
CUST-2158,TXN423742,41.0,Unknown,Savings,Los Angeles,2019-03-02,2021-10-21,6119.66,NGN,757.05,Wire Transfer,594.0,4192.12,Default,No,Lawyer,3163.74,alex.wilson@yahoo.com,Transaction verified by branch Los Angeles,Normal,False
CUST-2198,TXN483886,73.0,Male,Checking,Chicago,2018-11-15,2023-09-06,1328.57,USD,177.26,Wire Transfer,670.0,26723.83,Unknown,Yes,unknown,6180.67,mike.jackson@bank.org,KYC documents pending,Normal,False
CUST--7284,TXN346961,35.0,Male,Fixed Deposit,New York,2022-01-12,2022-05-13,95988.9,GBP,44004.32,Withdrawal,704.0,1615.31,Default,Yes,Lawyer,161159.92,taylor.jones@outlook.com,Customer flagged for review,Normal,False
CUST-1401,TXN868516,66.0,Female,Fixed Deposit,New York,2018-12-28,2024-02-16,2178.66,USD,627.95,Wire Transfer,603.0,14597.1,Active,Yes,Teacher,12503.93,lee.taylor@bank.org,Transaction verified by branch New York,Normal,False
CUST-1912,TXN858332,49.0,Female,Current,New York,2023-02-12,2023-08-09,1606.27,USD,906.74,Wire Transfer,693.0,12433.95,Closed,Yes,Engineer,770.2,sara.wilson@gmail.com,Customer flagged for review,Normal,False
CUST-2671,TXN565568,60.0,Male,Checking,New York,2019-02-12,2023-02-13,994.47,GBP,839.8,Wire Transfer,717.0,7580.255,Active,Yes,Teacher,3052.7,lee.jones@gmail.com,KYC documents pending,Normal,False
CUST-2824,TXN685585,31.0,Male,Savings,Houston,2024-01-20,2024-03-28,409.33,USD,-8.69,Wire Transfer,720.0,11517.95,Active,Yes,unknown,3653.2,jane.miller@gmail.com,Auto-debit setup confirmed,Normal,False
CUST-3150,TXN908445,65.0,Unknown,Savings,Phoenix,2020-05-27,2024-05-24,631.5,USD,210.12,Wire Transfer,684.0,2777.58,Active,Yes,Engineer,6180.67,chris.anderson@gmail.com,Account dormant >6 months,Normal,False
CUST-2429,TXN124808,72.0,Unknown,Fixed Deposit,New York,2020-02-04,2023-05-17,13279.28,EUR,618.64,Wire Transfer,659.0,5537.16,Default,No,Accountant,14538.14,chris.miller@yahoo.com,Customer flagged for review,Normal,False
CUST-1314,TXN375594,48.0,Male,Savings,Los Angeles,2019-03-08,2022-05-18,37268.05,GBP,8722.73,ATM,736.0,7796.98,Closed,No,Engineer,23788.93,jane.davis@bank.org,Loan disbursed to account,Normal,False
CUST-2131,TXN822953,47.0,Female,Checking,New York,2018-06-04,2018-08-22,14367.5,USD,6235.33,Wire Transfer,591.0,7033.72,Default,No,Lawyer,19004.71,taylor.jones@outlook.com,Unknown,Normal,False
CUST-1438,TXN791557,35.0,Female,Savings,Houston,2020-02-10,2021-08-23,24793.35,USD,2158.86,Deposit,686.0,2800.65,Active,Yes,Lawyer,19034.16,alex.taylor@bank.org,Auto-deb,Normal,False
CUST-1358,TXN866461,71.0,Female,Fixed Deposit,Los Angeles,2020-08-17,2023-01-06,18797.96,GBP,1456.89,Withdrawal,783.0,12320.49,Default,Yes,Accountant,14768.92,mike.wilson@gmail.com,Loan disbursed to account,Normal,False
CUST-2446,TXN765524,19.0,Male,Savings,Phoenix,2022-08-28,2023-09-14,8466.72,USD,3506.81,Withdrawal,568.0,10721.92,Active,No,Teacher,6180.67,john.wilson@gmail.com,Unknown,Normal,False
CUST-3084,TXN878226,59.0,Male,Checking,New York,2024-01-25,2024-02-07,1191.98,GBP,401.07,Deposit,513.0,11778.86,Active,Unknown,Accountant,2320.0,morgan.davis@bank.org,Account dormant >6 months,Normal,False
CUST-1666,TXN153620,35.0,Female,Fixed Deposit,Los Angeles,2023-07-01,2024-04-28,5321.36,EUR,618.64,ATM,647.0,39066.47,Unknown,Yes,unknown,4354.37,chris.wilson@bank.org,Loan disbursed to account,Normal,False
CUST-2867,TXN281072,70.0,Female,Fixed Deposit,Los Angeles,2024-01-21,2024-02-29,2398.74,USD,345.57,Deposit,651.0,3020.14,Default,Yes,Lawyer,6180.67,chris.miller@yahoo.com,Loan disbursed to account,Normal,False
CUST-2979,TXN438487,28.0,Male,Checking,Chicago,2020-12-23,2022-08-25,7019.3,USD,1948.16,Deposit,647.0,21903.78,Active,Yes,Engineer,13155.2,morgan.anderson@,Auto-debit setup confirmed,Normal,False
CUST-1899,TXN675141,19.0,Female,Checking,Los Angeles,2019-08-10,2021-03-14,4687.01,GBP,1308.76,Deposit,502.0,7580.255,Default,No,Doctor,3887.58,lee.jackson@bank.org,Customer flagged for review,Normal,False
CUST-1523,TXN583887,43.0,Male,Fixed Deposit,New York,2023-04-15,2023-11-21,395.91,GBP,-109.24,Withdrawal,611.0,7580.255,Unknown,Yes,Doctor,2009.04,Unknown,Loan disbursed to account,Normal,False
CUST-2417,TXN250157,51.0,Male,Savings,Los Angeles,2021-02-04,2023-04-07,433.38,GBP,341.02,ATM,535.0,11272.41,Closed,Yes,Lawyer,6180.67,taylor.moore@yahoo.com,Loan disbursed to account,Normal,False
CUST-2663,TXN511708,20.0,Female,Checking,Los Angeles,2021-02-27,2021-12-15,8053.03,USD,3438.38,Wire Transfer,566.0,18360.95,Default,No,Teacher,17442.11,mike.moore@gmail.com,KYC documents pending,Normal,False
CUST-1200,TXN699166,54.0,Female,Savings,New York,2022-04-10,2024-05-05,588.56,USD,487.4,ATM,720.0,8038.74,Active,Yes,Accountant,7911.13,morgan.anderson@gmail.com,Account dormant >6 months,Normal,False
CUST-1408,TXN157008,32.0,Male,Savings,Los Angeles,2020-01-12,2024-01-25,60423.86,USD,18834.83,ATM,746.0,22562.91,Closed,Yes,Engineer,60269.56,mike.jones@yahoo.com,Account dormant >6 months,Normal,False
CUST-2018,TXN655781,62.0,Male,Checking,Houston,2023-09-28,2023-12-27,17727.91,USD,1789.17,ATM,717.0,-25.13,Closed,Yes,Accountant,31375.69,lee.moore@gmail.com,Customer flagged for review,Normal,False
CUST-1864,TXN408027,48.0,Female,Current,Los Angeles,2024-05-08,2024-06-19,4543.78,USD,618.64,Deposit,731.0,6917.75,Default,Yes,Engineer,24800.13,jane.anderson@yahoo.com,Customer flagged for review,Normal,False
CUST-1728,TXN928001,45.0,Male,Fixed Deposit,Houston,2018-02-13,2019-09-22,1933.67,USD,465.34,ATM,788.0,3440.0,Default,Yes,Engineer,6180.67,taylor.brown@bank.org,Account dormant >6 months,Normal,False
CUST-2357,TXN559830,36.0,Male,Checking,New York,2020-12-22,2022-10-15,5038.61,GBP,197.28,Withdrawal,735.0,83937.5,Closed,Unknown,Lawyer,6180.67,pat.moore@yahoo.com,Loan disbursed to account,Normal,False
CUST-1754,TXN349518,0.0,Male,Fixed Deposit,Los Angeles,2024-02-05,2024-04-24,9547.57,GBP,3181.63,Withdrawal,589.0,1869.1,Closed,No,Accountant,13102.62,morgan.wilson@,Account dormant >6 months,Normal,False
CUST-2754,TXN651199,66.0,Male,Fixed Deposit,New York,2023-02-03,2023-07-31,2427.25,USD,949.21,ATM,654.0,1595.4,Active,Yes,Accountant,4688.24,mike.anderson@bank.org,Account dormant >6 months,Normal,False
CUST-2691,TXN188028,23.0,Male,Checking,New York,2019-04-26,2020-07-15,25777.41,EUR,6949.97,Wire Transfer,651.0,41656.46,Closed,No,Teacher,12994.33,chris.brown@bank.org,Customer flagged for review,Normal,False
CUST-2332,TXN568835,48.0,Female,Fixed Deposit,Los Angeles,2023-09-30,2024-03-26,59104.1,GBP,24709.82,Withdrawal,777.0,4586.41,Default,Yes,Teacher,92187.77,taylor.davis@gmail.com,Account dormant >6 months,Normal,False
CUST-2313,TXN215254,37.0,Female,Fixed Deposit,New York,2021-10-16,2023-12-10,2118.41,GBP,767.02,Deposit,538.0,1771.73,Closed,Unknown,Engineer,3311.96,pat.wilson@outlook.com,Unknown,Normal,False
CUST-1581,TXN551211,22.0,Male,Savings,Houston,2018-07-24,2021-04-25,11334.14,USD,975.19,ATM,690.0,8516.61,Default,No,Engineer,16635.85,john.taylor@bank.org,Account do,Normal,False
CUST-3021,TXN400249,70.0,Female,Fixed Deposit,Chicago,2022-08-19,2024-03-02,24033.09,USD,7741.46,ATM,652.0,8276.89,Active,Yes,Accountant,24753.08,chris.smith@bank.org,Auto-debit setup confirmed,Normal,False
CUST-1137,TXN374492,63.0,Male,Fixed Deposit,Houston,2018-10-31,2023-10-28,824.08,EUR,80.57,Withdrawal,688.0,6480.4,Closed,Yes,unknown,4334.05,morgan.brown@outlook.com,Unknown,Normal,False
CUST-2528,TXN969349,71.0,Male,Savings,Los Angeles,2022-03-11,2022-08-26,594.67,USD,-0.01,Deposit,587.0,19018.46,Default,No,Doctor,2344.84,lee.jones@outlook.com,Unknown,Normal,False
CUST-2211,TXN409225,20.0,Female,Savings,Los Angeles,2024-05-06,2024-06-16,359.03,USD,9999999.0,Wire Transfer,714.0,10297.2,Active,Yes,Engineer,4300.68,lee.jones@yahoo.com,KYC documents pending,Normal,False
CUST-2454,TXN559854,53.0,Male,Savings,Los Angeles,2019-04-11,2020-12-23,1196.62,NGN,-87.85,Withdrawal,670.0,1348.74,Default,Yes,Engineer,9999999999.0,chris.wilson@gmail.com,KYC documents pending,Suspicious - Extreme,False
CUST-1648,TXN970801,37.0,Male,Current,Chicago,2024-05-13,2024-06-16,3857.44,NGN,251.74,Wire Transfer,555.0,3310.75,Closed,No,Accountant,5002.36,pat.miller@yahoo.com,Unknown,Normal,False
cust8353,TXN500560,51.0,Male,Fixed Deposit,New York,2022-11-04,2023-08-10,32525.51,USD,9533.33,Deposit,570.0,7145.32,Default,Yes,Engineer,29472.8,alex.wilson@,Transaction verified by branch new york,Normal,False
CUST-2759,TXN398529,70.0,Male,Fixed Deposit,Los Angeles,2024-02-11,2024-05-21,3380.6,GBP,-137.84,Wire Transfer,555.0,5304.49,Closed,No,Engineer,3255.25,jane.anderson@bank.org,Auto-debit setup confirmed,Normal,False
CUST-1891,TXN293866,48.0,Female,Fixed Deposit,Chicago,2024-04-10,2024-06-28,1027.94,NGN,699.14,Wire Transfer,540.0,40488.81,Active,No,Teacher,5864.98,john.anderson@outlook.com,Unknown,Normal,False
CUST-2651,TXN801408,24.0,Female,Fixed Deposit,Chicago,2020-09-20,2020-10-22,910.36,USD,355.13,Wire Transfer,617.0,7580.255,Default,No,Doctor,6180.67,pat.moore@gmail.com,Transaction ,Normal,False
CUST-1700,TXN159030,39.0,Male,Current,Los Angeles,2024-03-29,2024-06-03,8127.29,USD,1749.08,Wire Transfer,753.0,3948.8,Default,Yes,Engineer,9554.71,pat.anderson@outlook.com,Unknown,Normal,False
CUST-2638,TXN593386,43.0,Male,Fixed Deposit,New York,2023-04-15,2024-01-03,507.02,USD,-158.95,Wire Transfer,818.0,3426.98,Active,Yes,Accountant,6180.67,jane.taylor@yahoo.com,Account dormant >6 months,Normal,False
CUST-1757,TXN522567,71.0,Male,Checking,Phoenix,2021-05-04,2021-12-13,11377.93,EUR,3711.86,Deposit,617.0,16519.92,Active,No,Engineer,19134.4,chris.moore@gmail.com,KYC documents pending,Normal,False
CUST-1140,TXN589491,37.0,Female,Fixed Deposit,Los Angeles,2020-05-31,2020-09-11,791.72,USD,41.83,Wire Transfer,654.0,2583.83,Active,Yes,Lawyer,2186.36,pat.miller@outlook.com,Loan disbursed to account,Normal,False
cust8154,TXN591286,43.0,Female,Savings,New York,2019-05-11,2023-04-08,931.31,GBP,99.08,Wire Transfer,729.0,1232.77,Active,Yes,Engineer,6180.67,Unknown,Transaction verified by branch new york,Normal,False
CUST-2969,TXN515329,45.0,Male,Checking,Phoenix,2023-06-01,2024-06-29,527.45,USD,-45.58,Deposit,515.0,7278.07,Closed,No,Teacher,9034.2,alex.davis@outlook.com,Transaction verified by branch Phoenix,Normal,False
CUST-2941,TXN383102,52.0,Male,Checking,Los Angeles,2020-06-07,2024-01-23,24904.57,USD,10827.49,ATM,647.0,11468.94,Default,No,Doctor,32240.96,mike.anderson@gmail.com,Transaction verified by branch Los Angeles,Normal,False
CUST-2059,TXN454384,61.0,Female,Fixed Deposit,New York,2022-04-22,2023-10-03,75538.14,GBP,4437.34,ATM,647.0,7580.255,Default,Yes,Lawyer,24590.33,john.wilson@outlook.com,Account dormant >6 months,Normal,False
CUST-1395,TXN338011,26.0,Female,Current,Los Angeles,2023-03-02,2023-09-16,10836.88,EUR,698.6,Deposit,636.0,10749.13,Closed,Yes,Accountant,14023.58,taylor.moore@yahoo.com,Unknown,Normal,False
CUST-1789,TXN867854,49.0,Unknown,Fixed Deposit,New York,2019-02-28,2022-08-26,639.35,EUR,550.65,Deposit,572.0,41293.84,Active,No,Lawyer,6180.67,morgan.wilson@bank.org,Unknown,Normal,False
CUST-1547,TXN319137,69.0,Male,Fixed Deposit,New York,2022-10-29,2023-08-23,6000.14,USD,2788.2,Deposit,643.0,7580.255,Default,Yes,Teacher,4688.24,mike.anderson@bank.org,Account dormant >6 months,Normal,False
CUST-2702,TXN930917,57.0,Female,Checking,Houston,2022-01-17,2023-03-10,10133.8,USD,4930.23,Deposit,733.0,2925.23,Active,Yes,Teacher,6775.56,jane.jones@bank.org,Transaction verified by branch Houston,Normal,False
CUST-2597,TXN692182,22.0,Male,Fixed Deposit,New York,2022-07-29,2024-01-13,2390.58,EUR,10.89,Deposit,719.0,8764.28,Closed,Yes,Lawyer,5622.64,pat.moore@gmail.com,Account dormant >6 months,Normal,False
cust5621,TXN360812,67.0,Unknown,Checking,Phoenix,2019-10-07,2021-11-01,3697.39,EUR,1469.86,Wire Transfer,710.0,7372.71,Active,Yes,Engineer,3557.29,Unknown,Unknown,Normal,False
CUST--9419,TXN555342,74.0,Male,Current,New York,2018-11-29,2020-10-14,1334.16,USD,211.55,Withdrawal,679.0,50928.79,Default,Yes,unknown,728.82,lee.taylor@yahoo.com,Unknown,Normal,False
CUST-2972,TXN239663,22.0,Male,Checking,Los Angeles,2021-12-13,2024-06-16,525.93,GBP,414.11,ATM,747.0,9466.47,Active,Yes,Doctor,6180.67,jane.wilson@outlook.com,Loan disbursed to account,Normal,False
CUST-2603,TXN611460,41.0,Female,Fixed Deposit,New York,2020-01-24,2021-03-18,687.19,GBP,258.34,Wire Transfer,616.0,3552.43,Active,No,Engineer,6180.67,alex.anderson@yahoo.com,Account dormant >6 months,Normal,False
CUST-1554,TXN289052,19.0,Male,Checking,New York,2019-06-19,2023-02-12,428.41,EUR,-181.94,Wire Transfer,687.0,35743.23,Unknown,Yes,Engineer,1972.81,morgan.moore@bank.org,Unknown,Normal,False
CUST-1629,TXN960822,60.0,Female,Fixed Deposit,Houston,2019-01-13,2021-03-08,1616.23,EUR,-130.47,Wire Transfer,702.0,7580.255,Default,Yes,Engineer,330.77,lee.davis@outlook.com,Account dormant >6 months,Normal,False
CUST-2831,TXN995542,33.0,Male,Checking,New York,2021-12-18,2023-10-27,3839.04,USD,1758.08,ATM,646.0,7580.255,Unknown,No,Engineer,12064.12,taylor.miller@yahoo.com,Customer flagged for review,Normal,False
CUST-2464,TXN412100,44.0,Male,Fixed Deposit,Chicago,2019-06-08,2023-11-29,3979.76,EUR,168.03,Wire Transfer,646.0,4211.05,Closed,Yes,Teacher,6180.67,pat.wilson@bank.org,Unknown,Normal,False
CUST-3029,TXN476281,36.0,Male,Current,Phoenix,2023-06-25,2024-05-01,4897.88,USD,1631.05,ATM,567.0,-990.47,Closed,No,Lawyer,6180.67,john.jackson@yahoo.com,Account dormant >6 months,Normal,False
CUST-2147,TXN688906,62.0,Male,Checking,Chicago,2020-12-20,2022-10-27,599.51,USD,364.75,Withdrawal,835.0,7966.45,Active,Yes,Lawyer,3361.25,pat.moore@outlook.com,Account dormant >6 months,Normal,False
CUST-3038,TXN217795,42.0,Male,Checking,Los Angeles,2020-10-29,2022-09-18,5304.52,USD,1675.69,ATM,630.0,10852.48,Default,Yes,Lawyer,0.0,sara.davis@yahoo.com,Unknown,Normal,False
CUST-1937,TXN359066,62.0,Unknown,Savings,Los Angeles,2022-06-16,2023-02-16,673.48,EUR,130.53,Deposit,665.0,10907.92,Default,Yes,Engineer,6180.67,alex.anderson@yahoo.com,Transaction verified by branch los angeles,Normal,False
CUST-1909,TXN356032,47.0,Unknown,Fixed Deposit,Los Angeles,2022-01-24,2022-09-09,3859.84,EUR,1590.42,Wire Transfer,772.0,19682.87,Active,Yes,Teacher,10552.24,mike.jackson@bank.org,Auto-debit setup confirmed,Normal,False
CUST-1694,TXN279106,53.0,Female,Fixed Deposit,Los Angeles,2021-11-14,2023-05-18,23920.87,USD,3808.08,Withdrawal,680.0,9332.49,Closed,No,Accountant,703.69,chris.jackson@gmail.com,Customer flagged for review,Normal,False
CUST-2091,TXN150587,21.0,Female,Fixed Deposit,New York,2019-05-11,2022-11-21,1588.98,USD,640.64,Withdrawal,496.0,15669.18,Closed,No,Doctor,6180.67,john.wilson@bank.org,Account dormant >6 months,Normal,False
CUST-2877,TXN741277,63.0,Male,Savings,Chicago,2024-05-01,2024-08-06,9999999.0,USD,1478103.09,Deposit,666.0,5770.25,Default,Yes,Teacher,17981187.63,johnmooregmail.com,Customer flagged for review,Suspicious - Extreme,False
cust2259,TXN546712,40.0,Male,Savings,Houston,2019-05-09,2022-10-17,1841.13,USD,425.89,Deposit,715.0,13122.28,Closed,Yes,Lawyer,4996.55,alex.wilson@outlook.com,Account dormant >6 months,Normal,False
CUST-2010,TXN334812,73.0,Male,Fixed Deposit,Los Angeles,2021-03-25,2021-11-08,19596.48,GBP,593.57,ATM,577.0,-612.19,Closed,No,Accountant,1750.16,sara.wilson@gmail.com,Unknown,Normal,False
CUST-2042,TXN938115,63.0,Male,Fixed Deposit,Los Angeles,2020-12-12,2020-12-24,1240.56,NGN,134.11,Wire Transfer,632.0,2497.48,Unknown,No,Doctor,9878.73,pattaylorgmail.com,Customer flagged for review,Normal,False
CUST-2102,TXN172450,62.0,Male,Savings,Los Angeles,2019-11-14,2024-06-22,1063.67,GBP,20.9,Withdrawal,643.0,1503.17,Default,Yes,Doctor,1707.23,morgan.anderson@yahoo.com,Loan disbursed to account,Normal,False
CUST-1585,TXN680337,75.0,Female,Checking,Los Angeles,2023-10-21,2024-06-17,18359.75,USD,1737.66,Deposit,620.0,9352.4,Unknown,No,unknown,25180.56,sara.wilson@,Unknown,Normal,False
CUST-3189,TXN732196,37.0,Male,Checking,Phoenix,2023-06-09,2023-12-13,3137.89,EUR,938.79,ATM,613.0,1981.82,Default,Yes,Engineer,4516.34,pat.jackson@yahoo.com,Account dormant >6 months,Normal,False
CUST-1928,TXN942873,20.0,Male,Savings,Houston,2022-03-29,2023-04-08,2611.98,NGN,1224.32,Wire Transfer,536.0,1271.76,Active,No,Doctor,6284.09,lee.davis@yahoo.com,Account dormant >6 months,Normal,False
CUST-1295,TXN932929,42.0,Male,Savings,Los Angeles,2024-01-11,2024-01-16,1055.89,USD,275.7,ATM,669.0,6366.24,Closed,Unknown,Teacher,2447.23,morgan.davis@gmail.com,Account dormant >6 months,Normal,False
CUST-2300,TXN264024,70.0,Female,Savings,New York,2024-01-11,2024-01-19,3138.7,USD,1097.49,Deposit,758.0,6396.79,Active,Yes,Teacher,9999999999.0,alex.anderson@gmail.com,Auto-debit setup confirmed,Suspicious - Extreme,False
CUST-2014,TXN924928,47.0,Male,Fixed Deposit,New York,2021-04-07,2023-04-09,4166.07,GBP,1994.66,Deposit,704.0,1168.23,Active,Yes,Engineer,2351.48,sara.jones@bank.org,Unknown,Normal,False
CUST-2504,TXN398086,50.0,Male,Savings,Los Angeles,2019-12-31,2022-12-31,848.86,USD,-82.6,Wire Transfer,536.0,9686.89,Closed,Unknown,Teacher,6180.67,john.miller@yahoo.com,Unknown,Normal,False
CUST-2714,TXN375036,34.0,Female,Savings,Chicago,2023-12-04,2023-12-29,7808.13,EUR,2216.04,Deposit,647.0,3552.3,Unknown,No,Doctor,11701.45,pat.jones@yahoo.com,Customer flagged for review,Normal,False
CUST-2381,TXN335157,48.0,Male,Savings,Houston,2020-08-21,2021-10-01,2840.07,EUR,97.91,Wire Transfer,800.0,7580.255,Closed,Yes,Doctor,3549.19,taylor.brown@bank.org,Account dormant >6 months,Normal,False
CUST-2393,TXN686897,28.0,Female,Fixed Deposit,Los Angeles,2021-02-18,2022-12-17,3533.99,USD,1214.35,Wire Transfer,723.0,22447.25,Active,Yes,Doctor,2652.88,jane.davis@yahoo.com,Unknown,Normal,False
CUST-1580,TXN491362,55.0,Male,Checking,New York,2023-12-25,2024-06-11,10653.6,EUR,2931.79,Withdrawal,644.0,1776.01,Active,Yes,Accountant,4494.19,johnbrowngmail.com,Account dormant >6 months,Normal,False
CUST-2730,TXN227229,52.0,Female,Checking,Los Angeles,2018-12-31,2023-10-02,9650.26,GBP,1164.34,Withdrawal,695.0,6554.52,Active,Unknown,Accountant,14725.45,janesmithgmail.com,Customer flagged for review,Normal,False
CUST-1956,TXN684905,19.0,Female,Fixed Deposit,Chicago,2020-06-27,2022-01-26,1456.63,GBP,556.36,Withdrawal,656.0,8207.71,Default,Unknown,Doctor,3298.45,alex.anderson@yahoo.com,Loan disbursed to account,Normal,False
CUST-1486,TXN737786,48.0,Male,Savings,Los Angeles,2021-04-19,2023-10-31,24185.91,USD,5746.23,Wire Transfer,633.0,1505.02,Closed,No,Accountant,5692.09,morgan.smith@bank.org,Unknown,Normal,False
CUST-1357,TXN320895,45.0,Male,Fixed Deposit,New York,2021-06-01,2022-03-13,288.92,EUR,85.39,Wire Transfer,716.0,1103.52,Active,Yes,Engineer,2400.47,chris.davis@gmail.com,Unknown,Normal,False
CUST-2241,TXN487967,33.0,Male,Current,Houston,2020-01-11,2023-07-30,37563.32,GBP,18460.56,Wire Transfer,747.0,6650.05,Unknown,Yes,Engineer,16840.02,chris.smith@outlook.com,Account dormant >6 months,Normal,False
CUST-2324,TXN556877,48.0,Female,Fixed Deposit,New York,2019-11-04,2021-04-11,293.93,USD,196.02,Deposit,716.0,4442.06,Closed,Yes,Teacher,5990.21,alex.davis@outlook.com,KYC documents pending,Normal,False
CUST-2720,TXN334000,57.0,Male,Fixed Deposit,Phoenix,2024-01-20,2024-09-03,64944.66,EUR,10831.62,Withdrawal,536.0,4260.85,Active,No,Doctor,52166.36,jane.wilson@gmail.com,KYC documents pending,Normal,False
CUST-2910,TXN976398,61.0,Male,Fixed Deposit,Phoenix,2018-08-21,2022-12-15,4179.24,EUR,618.64,Withdrawal,626.0,15983.21,Active,Yes,Lawyer,1634.39,alex.wilson@bank.org,KYC documents pending,Normal,False
CUST--2025,TXN338779,71.0,Unknown,Current,Phoenix,2020-10-14,2021-08-21,2480.82,USD,462.65,Deposit,698.0,1608.13,Default,Yes,Doctor,4853.31,morgan.davis@yahoo.com,Customer flagged for review,Normal,False
CUST-2164,TXN678770,68.0,Male,Current,New York,2019-10-25,2021-11-08,12841.45,USD,5543.48,Deposit,637.0,7580.255,Active,No,Doctor,10793.09,pat.anderson@gmail.com,Transaction verified by branch new york,Normal,False
CUST-1887,TXN772838,74.0,Female,Fixed Deposit,New York,2023-04-20,2024-01-21,4464.63,EUR,1986.28,ATM,664.0,7580.255,Active,No,Teacher,12486.73,lee.jones@gmail.com,Customer flagged for review,Normal,False
CUST-2032,TXN338723,46.0,Female,Fixed Deposit,New York,2020-08-27,2021-10-16,17504.13,USD,1734.5,Withdrawal,538.0,17393.65,Unknown,No,Lawyer,25995.15,Unknown,Unknown,Normal,False
CUST-1958,TXN335746,38.0,Male,Checking,Chicago,2018-09-22,2022-06-26,2059.93,GBP,553.17,Withdrawal,593.0,7580.255,Active,No,Engineer,2888.98,taylor.jones@yahoo.com,Auto-debit se,Normal,False
CUST-1871,TXN228733,48.0,Male,Savings,New York,2019-10-26,2023-06-17,113.8,EUR,46.3,ATM,764.0,1855.42,Default,Yes,Accountant,6180.67,mike.taylor@bank.org,Auto-debit setup confirmed,Normal,False
CUST-2113,TXN689728,60.0,Female,Checking,Los Angeles,2022-02-27,2023-08-19,1696.89,GBP,934.01,Wire Transfer,647.0,42776.02,Active,Unknown,Accountant,3155.46,Unknown,Unknown,Normal,False
CUST-2400,TXN606847,55.0,Male,Fixed Deposit,Chicago,2018-10-09,2019-03-22,7418.71,USD,618.64,Wire Transfer,707.0,82842.7,Default,Yes,Doctor,11858.67,alex.wilson@yahoo.com,Auto-debit setup confirmed,Normal,False
CUST-2233,TXN876997,69.0,Male,Savings,Chicago,2023-12-23,2024-01-03,3820.38,USD,567.14,Deposit,611.0,18803.17,Default,Yes,Lawyer,6180.67,chris.jones@gmail.com,Unknown,Normal,False
CUST-1628,TXN148608,25.0,Male,Savings,Houston,2020-02-28,2022-03-13,651.42,USD,74.19,Withdrawal,575.0,10460.73,Default,Yes,Doctor,6180.67,mike.smith@outlook.com,Unknown,Normal,False
CUST-1133,TXN489244,24.0,Female,Savings,Phoenix,2023-10-04,2023-11-19,870.42,EUR,378.34,Wire Transfer,683.0,-70.1,Closed,Yes,Teacher,4688.24,jane.smith@bank.org,KYC documents pending,Normal,False
cust4675,TXN862491,31.0,Male,Savings,Los Angeles,2020-11-13,2024-03-13,6234.66,USD,152.04,Withdrawal,796.0,26355.71,Active,Yes,Accountant,4946.77,alex.jones@yahoo.com,Loan disbursed to account,Normal,False
CUST-2166,TXN635570,66.0,Female,Fixed Deposit,Los Angeles,2021-11-16,2023-08-23,44451.11,USD,738.64,Deposit,501.0,-792.35,Default,No,Engineer,32282.1,sara.brown@bank.org,Auto-debit setup confirmed,Normal,False
CUST-1955,TXN540920,36.0,Male,Current,Chicago,2023-02-06,2024-01-13,3391.97,EUR,618.64,Deposit,729.0,6521.56,Default,Unknown,Doctor,6364.46,mike.smith@gmail.com,Loan disbursed to account,Normal,False
CUST-2876,TXN204414,48.0,Male,Fixed Deposit,Los Angeles,2019-03-21,2023-06-22,32104.18,EUR,618.64,Deposit,705.0,6101.52,Default,Yes,unknown,54805.5,pat.davis@gmail.com,Unknown,Normal,False
CUST-2882,TXN700311,44.0,Female,Savings,Chicago,2022-01-25,2022-10-14,4317.19,NGN,618.64,Deposit,562.0,14206.75,Default,No,Engineer,5665.2,pat.jackson@bank.org,Unknown,Normal,False
CUST-2673,TXN199257,38.0,Male,Savings,Los Angeles,2023-07-11,2024-03-25,8574.13,EUR,2052.82,Deposit,616.0,2703.73,Active,No,Doctor,1823.0,pat.smith@gmail.com,Loan disbursed to account,Normal,False
CUST-2570,TXN279707,24.0,Male,Checking,Chicago,2023-10-11,2023-12-13,7248.1,USD,1582.35,Wire Transfer,618.0,13577.16,Default,No,Lawyer,4688.24,john.davis@bank.org,Transaction verified by branch Chicago,Normal,False
CUST-2507,TXN188488,72.0,Female,Checking,New York,2023-05-18,2024-04-21,2926.47,USD,415.28,Deposit,615.0,12610.9,Closed,No,Doctor,82.36,jane.jones@yahoo.com,Unknown,Normal,False
CUST-2778,TXN279004,58.0,Female,Checking,Los Angeles,2021-07-09,2023-05-05,1158.55,USD,618.64,Withdrawal,591.0,1907.41,Closed,No,Lawyer,6180.67,john.jones@gmail.com,Account dormant >6 months,Normal,False
CUST-2797,TXN387622,61.0,Unknown,Fixed Deposit,Chicago,2018-04-24,2024-01-11,186.35,USD,-317.69,Deposit,603.0,23297.5,Active,No,Teacher,4160.83,morgan.smith@outlook.com,Customer flagged for review,Normal,False
CUST-1543,TXN870934,65.0,Male,Current,Chicago,2021-06-25,2023-09-14,2289.8,EUR,1061.05,Wire Transfer,651.0,-963.11,Active,Yes,Engineer,4599.84,jane.anderson@outlook.com,Auto-debit setup confirmed,Normal,False
CUST-1165,TXN155230,69.0,Male,Checking,Los Angeles,2021-06-26,2024-01-17,1871.7,EUR,362.28,ATM,639.0,8928.43,Active,No,Engineer,6180.67,john.moore@gmail.com,Loan disbursed to account,Normal,False
CUST--9615,TXN649476,65.0,Female,Fixed Deposit,Chicago,2021-04-12,2021-08-23,1212.62,EUR,578.62,Deposit,647.0,3262.73,Default,Yes,Lawyer,101.96,pat.smith@bank.org,Loan disbursed to account,Normal,False
cust1469,TXN882623,42.0,Male,Checking,New York,2018-11-21,2019-02-14,910.21,EUR,183.87,Withdrawal,540.0,16342.02,Default,No,Engineer,3162.25,mike.moore@,Auto-debit setup confirmed,Normal,False
CUST-1647,TXN175055,39.0,Unknown,Checking,Phoenix,2018-05-05,2020-03-05,13986.82,EUR,3058.93,Deposit,718.0,2719.13,Closed,Yes,Engineer,23237.1,alex.anderson@bank.org,KYC documents pending,Normal,False
CUST-2909,TXN275855,36.0,Female,Current,Chicago,2021-03-29,2021-07-31,990.29,USD,310.44,Deposit,744.0,2528.39,Active,Yes,Teacher,6180.67,mike.taylor@yahoo.com,Auto-debit setup confirmed,Normal,False
CUST-2894,TXN605828,40.0,Female,Fixed Deposit,New York,2023-06-27,2023-10-30,4052.94,NGN,618.64,Wire Transfer,763.0,3380.57,Closed,Yes,Teacher,1738.76,sara.brown@outlook.com,KYC documents pending,Normal,False
CUST-1158,TXN982885,21.0,Male,Savings,Los Angeles,2023-09-02,2024-05-10,465.58,USD,618.64,Deposit,493.0,6961.95,Default,No,Lawyer,3114.19,morgan.wilson@yahoo.com,Transaction verified by branch LA,Normal,False
CUST-2107,TXN789797,73.0,Female,Savings,New York,2021-11-07,2023-08-25,33332.26,GBP,7642.41,Wire Transfer,700.0,3561.45,Active,Yes,Engineer,31237.38,chris.jones@bank.org,Loan disbursed to account,Normal,False
CUST-2579,TXN383481,18.0,Female,Fixed Deposit,Los Angeles,2021-02-25,2021-06-03,5112.9,USD,542.51,ATM,572.0,5352.77,Active,No,Doctor,6180.67,john.taylor@gmail.com,Unknown,Normal,False
CUST-2828,TXN594041,48.0,Female,Checking,New York,2022-02-28,2023-08-24,3425.29,USD,582.22,ATM,659.0,1885.2,Closed,No,Doctor,13394.69,morgan.jackson@yahoo.com,KYC documents pending,Normal,False
CUST-1188,TXN331942,60.0,Female,Fixed Deposit,New York,2024-04-18,2024-06-01,505.28,GBP,-233.8,Withdrawal,628.0,16606.38,Closed,Unknown,Lawyer,8497.98,morgan.smith@yahoo.com,Unknown,Normal,False
CUST-1665,TXN997737,40.0,Male,Current,Los Angeles,2022-05-24,2023-01-25,6885.75,USD,618.64,ATM,626.0,10314.66,Active,No,Doctor,4688.24,alex.miller@gmail.com,KYC documents pending,Normal,False
CUST-3153,TXN637895,72.0,Male,Savings,Chicago,2018-08-30,2019-11-09,10592.59,GBP,2181.15,Withdrawal,771.0,4713.69,Active,No,Doctor,18130.91,taylor.moore@yahoo.com,Unknown,Normal,False
CUST-1968,TXN557008,57.0,Female,Checking,New York,2021-11-19,2022-07-27,48289.58,USD,6596.47,Wire Transfer,675.0,1334.27,Active,Yes,Teacher,39887.47,jane.jackson@bank.org,Unknown,Normal,False
CUST-2565,TXN776706,32.0,Male,Savings,Phoenix,2021-01-20,2021-12-11,85.52,USD,618.64,ATM,571.0,9541.06,Unknown,No,Doctor,6180.67,john.jackson@bank.org,KYC documents pending,Normal,False
CUST-2310,TXN242807,71.0,Female,Fixed Deposit,Phoenix,2019-11-23,2021-12-03,685.33,EUR,-315.22,ATM,647.0,3578.12,Unknown,Yes,Doctor,2483.02,john.anderson@gmail.com,Auto-debit setup confirmed,Normal,False
CUST-1354,TXN465093,73.0,Female,Checking,Los Angeles,2024-04-11,2024-05-03,892.91,GBP,618.64,Withdrawal,784.0,7580.255,Unknown,Yes,unknown,3158.97,lee.jackson@bank.org,Custo,Normal,False
CUST-2353,TXN719127,48.0,Female,Current,New York,2022-07-16,2024-02-24,3644.37,USD,527.84,ATM,623.0,5940.86,Closed,Yes,unknown,6180.67,morgan.wilson@bank.org,Loan disbursed to account,Normal,False
CUST-2829,TXN810045,20.0,Female,Checking,New York,2020-04-06,2023-09-12,5195.3,USD,618.64,Wire Transfer,549.0,12039.09,Closed,No,Lawyer,6372.5,taylor.brown@outlook.com,Unknown,Normal,False
CUST-2082,TXN694565,19.0,Female,Checking,Houston,2024-04-25,2024-11-05,505.43,GBP,178.65,Withdrawal,732.0,17974.37,Default,No,Engineer,475.72,morgan.moore@gmail.com,Auto-debit setup confirmed,Normal,False
CUST-1034,TXN966785,21.0,Male,Fixed Deposit,Phoenix,2023-04-04,2023-08-21,1404.4,USD,224.55,Wire Transfer,647.0,4770.66,Active,No,Teacher,3420.96,lee.jones@outlook.com,Auto-debit setup confirmed,Normal,False
CUST-3017,TXN111223,35.0,Female,Fixed Deposit,Houston,2022-12-12,2023-02-18,1944.61,USD,-10.18,Deposit,612.0,2702.18,Closed,Yes,Accountant,661.11,Unknown,Auto-debit setup confirmed,Normal,False
CUST-1004,TXN446479,33.0,Female,Savings,Chicago,2020-09-22,2021-10-16,26862.14,GBP,5634.58,Deposit,655.0,1949.35,Closed,Yes,Teacher,25572.58,morgan.jones@gmail.com,Loan disbursed to account,Normal,False
CUST-1936,TXN227987,23.0,Female,Checking,Chicago,2024-03-12,2024-06-17,2089.09,USD,355.03,ATM,672.0,3130.94,Closed,No,Doctor,2809.74,chris.smith@yahoo.com,Customer flagged for review,Normal,False
CUST-2312,TXN948772,70.0,Female,Fixed Deposit,New York,2018-12-01,2022-09-06,36621.8,USD,1803.3,Deposit,583.0,840.46,Default,No,Engineer,29188.15,morgan.moore@gmail.com,KYC documents pending,Normal,False
CUST-2761,TXN893303,59.0,Male,Checking,Los Angeles,2023-03-16,2023-07-12,673.65,USD,9999999.0,Deposit,658.0,9420.11,Unknown,Yes,Doctor,6180.67,saramillergmail.com,KYC documents pending,Normal,False
CUST-1199,TXN667776,72.0,Female,Fixed Deposit,Phoenix,2023-09-25,2023-11-29,267.82,GBP,114.34,Wire Transfer,589.0,1954.22,Closed,Yes,Doctor,6180.67,lee.jackson@bank.org,Account dormant >6 months,Normal,False
CUST-1449,TXN649950,18.0,Female,Savings,Chicago,2022-08-27,2024-04-29,664.81,GBP,-20.15,ATM,691.0,9697.1,Default,No,Engineer,2038.77,jane.anderson@gmail.com,Loan disbursed to account,Normal,False
CUST-1463,TXN777192,34.0,Unknown,Checking,Los Angeles,2021-03-22,2022-04-23,2060.92,USD,754.63,Withdrawal,823.0,7580.255,Closed,Yes,Engineer,2823.79,chris.wilson@outlook.com,Loan disbursed to account,Normal,False
CUST-2585,TXN998244,54.0,Female,Checking,Phoenix,2019-11-25,2024-06-14,218.0,NGN,120.41,Deposit,672.0,7580.255,Active,Yes,Engineer,6180.67,alex.brown@gmail.com,KYC docu,Normal,False
CUST-1196,TXN461083,43.0,Female,Fixed Deposit,Chicago,2023-09-14,2024-06-21,9285.99,USD,618.64,Withdrawal,603.0,6154.56,Closed,Yes,Doctor,708.0,mike.taylor@outlook.com,Loan disbursed to account,Normal,False
CUST-1194,TXN119524,64.0,Male,Savings,Los Angeles,2023-04-15,2024-06-13,494.32,NGN,521.61,Wire Transfer,652.0,7580.255,Active,No,Teacher,1722.25,morgan.anderson@yahoo.com,Transaction verified by branch los angeles,Normal,False
CUST-1453,TXN909814,37.0,Female,Savings,Los Angeles,2020-07-02,2022-11-29,4904.8,USD,1768.72,ATM,706.0,5242.29,Default,Yes,Lawyer,9059.88,sara.anderson@gmail.com,KYC documents pending,Normal,False
CUST-2062,TXN366628,46.0,Male,Checking,New York,2018-04-12,2020-01-25,3144.31,USD,1255.45,ATM,519.0,7580.255,Active,Yes,Engineer,6180.67,jane.taylor@gmail.com,Account dormant >6 months,Normal,False
CUST-1234,TXN944264,48.0,Male,Savings,Chicago,2023-06-10,2023-10-08,141497.84,EUR,53225.29,Deposit,651.0,7909.94,Default,Yes,Doctor,136610.66,Unknown,Transaction verified by branch Chicago,Normal,False
CUST-2039,TXN874594,48.0,Female,Fixed Deposit,Los Angeles,2021-09-08,2022-10-03,1330.79,GBP,271.65,Withdrawal,564.0,45208.51,Active,No,Accountant,4688.24,pat.miller@outlook.com,KYC documents pending,Normal,False
CUST-1962,TXN861289,61.0,Female,Current,Los Angeles,2020-04-18,2021-08-15,101074.55,GBP,48515.58,Wire Transfer,616.0,7607.4,Closed,No,unknown,66813.01,jane.smith@outlook.com,Unknown,Normal,False
CUST-2121,TXN933493,56.0,Male,Savings,Chicago,2022-02-04,2022-04-24,14619.84,NGN,1306.68,Wire Transfer,690.0,5891.42,Default,Yes,unknown,17492.97,john.jones@outlook.com,Transaction verified by branch CHI,Normal,False
CUST-1340,TXN118105,48.0,Female,Fixed Deposit,Houston,2018-11-22,2022-05-31,115801.02,EUR,17103.99,Wire Transfer,695.0,14687.53,Active,Yes,Engineer,234288.54,john.miller@yahoo.com,Customer flagged for review,Normal,False
CUST-2291,TXN351921,29.0,Male,Fixed Deposit,Houston,2022-10-18,2023-11-03,7235.13,EUR,460.81,ATM,805.0,1412.02,Unknown,Unknown,Engineer,13679.14,alex.taylor@yahoo.com,Loan disbursed to account,Normal,False
CUST-1998,TXN560960,31.0,Male,Checking,Los Angeles,2024-03-18,2024-09-06,1218.11,GBP,654.03,Withdrawal,607.0,8369.98,Active,Yes,Teacher,6180.67,lee.smith@bank.org,Account dormant >6 months,Normal,False
CUST-1861,TXN188598,68.0,Female,Fixed Deposit,New York,2018-05-06,2022-11-10,4909.42,USD,1760.11,ATM,632.0,7580.255,Closed,Unknown,Accountant,13606.05,taylor.miller@yahoo.com,Unknown,Normal,False
CUST-2267,TXN994463,56.0,Female,Fixed Deposit,Houston,2018-12-09,2021-09-13,22044.72,USD,9225.06,Wire Transfer,653.0,4267.94,Active,Yes,Accountant,52930.94,chris.jones@gmail.com,Transaction verified by branch Houston,Normal,False
CUST-2053,TXN741458,70.0,Female,Fixed Deposit,Los Angeles,2021-03-26,2023-01-26,19777.08,NGN,5313.36,Deposit,591.0,24247.53,Default,No,Lawyer,9551.32,taylor.jackson@outlook.com,Transaction verified by branch LA,Normal,False
CUST--1926,TXN789649,57.0,Male,Fixed Deposit,New York,2018-06-08,2019-08-09,2058.27,USD,611.88,Deposit,792.0,5250.14,Default,Yes,Lawyer,9790.96,jane.miller@outlook.com,Loan disbursed to account,Normal,False
CUST-2007,TXN185578,56.0,Female,Checking,Chicago,2020-12-05,2023-08-11,1673.35,USD,416.02,ATM,720.0,4153.28,Active,Yes,Doctor,2429.99,lee.jones@bank.org,Unknown,Normal,False
CUST-1598,TXN798776,48.0,Female,Savings,New York,2020-03-10,2022-07-18,4968.55,EUR,2548.93,ATM,543.0,23093.76,Default,No,Lawyer,10711.56,johntaylorgmail.com,Auto-debit setup confirmed,Normal,False
CUST-2927,TXN675122,69.0,Male,Savings,Houston,2020-02-22,2023-06-02,14573.22,USD,605.72,Wire Transfer,508.0,5998.87,Default,No,Doctor,28546.1,sara.jackson@bank.org,Unknown,Normal,False
cust8698,TXN199740,44.0,Male,Checking,Los Angeles,2021-07-06,2023-09-19,5286.46,USD,1799.55,Wire Transfer,732.0,7580.255,Closed,Yes,Lawyer,4688.24,john.davis@gmail.com,Customer flagged for review,Normal,False
CUST-2203,TXN751981,28.0,Male,Savings,Houston,2021-09-05,2023-11-07,11411.37,GBP,3869.59,ATM,577.0,7580.255,Active,No,Accountant,4688.24,lee.taylor@yahoo.com,Customer flagged for review,Normal,False
CUST-1766,TXN170646,71.0,Unknown,Fixed Deposit,New York,2023-07-27,2023-08-10,142.78,EUR,-188.39,ATM,802.0,2251.93,Active,No,Teacher,1055.53,chris.wilson@bank.org,KYC documents pending,Normal,False
CUST-2640,TXN608442,36.0,Male,Fixed Deposit,Los Angeles,2023-07-29,2023-12-13,466.51,USD,435.63,Deposit,642.0,45721.4,Unknown,Yes,Engineer,6180.67,sara.jones@outlook.com,Customer flagged for review,Normal,False
CUST--1395,TXN363568,20.0,Female,Current,Chicago,2021-03-19,2021-12-01,1718.39,USD,397.56,Withdrawal,699.0,20913.35,Active,Yes,Doctor,886.15,john.jones@,Account dormant >6 months,Normal,False
CUST-1500,TXN693378,48.0,Male,Savings,Los Angeles,2021-10-13,2024-05-22,7573.1,EUR,2431.19,Withdrawal,680.0,7580.255,Default,Yes,unknown,17469.87,Unknown,Unknown,Normal,False
CUST-3106,TXN695686,44.0,Male,Savings,Phoenix,2023-03-30,2024-02-26,7035.38,USD,3548.07,Wire Transfer,647.0,7580.255,Closed,Unknown,Accountant,4688.24,taylor.anderson@outlook.com,Loan disbursed to account,Normal,False
cust7538,TXN811553,55.0,Female,Savings,New York,2021-07-03,2024-05-03,2770.42,USD,127.72,Wire Transfer,354.0,3613.2,Active,Unknown,Engineer,78.79,jane.brown@bank.org,Loan disbursed to account,Normal,False
CUST-2314,TXN696176,38.0,Female,Fixed Deposit,New York,2021-09-15,2022-12-19,13495.28,EUR,2470.46,Deposit,736.0,8413.07,Unknown,No,Lawyer,16983.76,jane.jackson@yahoo.com,Unknown,Normal,False
CUST-2525,TXN330784,32.0,Female,Fixed Deposit,Los Angeles,2018-04-29,2018-10-09,14811.93,GBP,2326.15,ATM,562.0,104872.75,Active,No,Engineer,24371.13,jane.moore@bank.org,Transaction verified by branch LA,Normal,False
CUST-1716,TXN732184,49.0,Female,Savings,Los Angeles,2022-08-10,2022-10-07,714.89,NGN,349.42,Wire Transfer,670.0,2340.78,Closed,Yes,Lawyer,2937.41,john.smith@outlook.com,Unknown,Normal,False
CUST-1715,TXN110972,71.0,Female,Checking,New York,2023-08-25,2023-06-10,111025.48,USD,45122.51,ATM,698.0,8708.34,Closed,No,Engineer,134749.28,taylor.miller@bank.org,Transaction verified by branch N.Y.,Normal,False
CUST-1785,TXN541546,35.0,Female,Checking,Los Angeles,2023-05-07,2024-01-25,6079.95,EUR,562.78,Wire Transfer,602.0,-896.66,Active,Yes,Doctor,5579.0,morgan.moore@gmail.com,Unknown,Normal,False
CUST-1469,TXN403922,19.0,Male,Fixed Deposit,Los Angeles,2019-04-23,2022-09-10,4104.32,NGN,775.83,Wire Transfer,624.0,3655.45,Closed,No,Lawyer,6807.24,jane.brown@gmail.com,Auto-,Normal,False
CUST-1779,TXN585731,50.0,Male,Savings,Houston,2022-01-24,2022-04-27,594.09,EUR,424.4,Wire Transfer,574.0,2557.15,Active,Yes,Lawyer,6031.21,chris.jackson@outlook.com,Unknown,Normal,False
CUST-2799,TXN789044,36.0,Female,Savings,Houston,2018-03-20,2018-09-28,2935.03,USD,187.8,Wire Transfer,757.0,4003.36,Closed,Yes,Lawyer,6180.67,mike.brown@outlook.com,Account dormant >6 months,Normal,False
CUST-2680,TXN311799,34.0,Female,Checking,Chicago,2020-03-26,2023-02-14,636.16,GBP,-85.27,Withdrawal,649.0,7775.56,Active,No,Accountant,3952.51,morgan.jones@bank.org,Transaction verified by branch Chicago,Normal,False
CUST-1050,TXN114594,25.0,Male,Checking,Los Angeles,2023-04-16,2024-01-28,4685.94,GBP,1498.87,Withdrawal,556.0,-5.07,Closed,No,Engineer,10458.7,mike.moore@bank.org,KYC doc,Normal,False
CUST-2605,TXN205286,18.0,Female,Current,Los Angeles,2020-10-17,2023-07-16,4956.67,EUR,472.83,ATM,647.0,22508.21,Closed,Yes,Doctor,9831.73,jane.miller@yahoo.com,Auto-debit setup confirmed,Normal,False
CUST-1299,TXN947613,45.0,Male,Fixed Deposit,New York,2022-07-19,2022-07-26,44418.47,USD,5751.75,ATM,647.0,9210.55,Active,Yes,Engineer,18470.7,sara.anderson@outlook.com,KYC documents pending,Normal,False
CUST-1405,TXN254785,42.0,Female,Checking,Phoenix,2020-03-21,2021-02-17,39753.21,USD,17220.33,Wire Transfer,667.0,-566.17,Closed,Yes,Engineer,20363.91,mike.taylor@yahoo.com,Auto-debit setup confirmed,Normal,False
CUST-1345,TXN372031,66.0,Female,Savings,Los Angeles,2023-09-15,2023-10-05,3491.42,GBP,-500.0,Withdrawal,543.0,4440.99,Active,No,Doctor,4299.07,chris.jones@gmail.com,Account dormant >6 months,Normal,False
CUST-2396,TXN275098,50.0,Male,Fixed Deposit,Houston,2020-04-13,2023-09-20,499.51,GBP,337.8,Deposit,575.0,2607.06,Closed,Yes,Teacher,6180.67,mike.moore@yahoo.com,Customer flagged for review,Normal,False
CUST-2713,TXN877327,64.0,Female,Current,New York,2020-05-27,2022-04-14,2140.09,EUR,137.94,ATM,558.0,6676.78,Closed,No,Lawyer,5991.93,alex.jackson@outlook.com,Account dormant >6 months,Normal,False
CUST-2751,TXN181563,67.0,Male,Savings,Los Angeles,2020-04-21,2021-09-18,5690.39,USD,618.64,Withdrawal,645.0,5555.89,Active,Yes,Lawyer,15097.62,john.moore@bank.org,Account dormant >6 months,Normal,False
CUST-1567,TXN193787,65.0,Male,Savings,Los Angeles,2023-05-22,2023-11-24,4814.93,USD,2053.68,Deposit,643.0,11472.14,Active,Yes,Engineer,5633.33,john.miller@gmail.com,Customer flagged for review,Normal,False
CUST-1755,TXN362263,73.0,Female,Savings,New York,2021-12-31,2022-08-02,12874.05,NGN,5130.8,ATM,647.0,13658.84,Closed,Yes,Accountant,18493.8,jane.jones@bank.org,Auto-debit setup confirmed,Normal,False
CUST-2180,TXN972216,42.0,Female,Savings,New York,2022-04-22,2024-06-09,7955.72,USD,2972.58,Wire Transfer,648.0,4447.86,Closed,No,Doctor,7098.99,alex.davis@outlook.com,Auto-debi,Normal,False
CUST-1075,TXN448121,73.0,Female,Fixed Deposit,New York,2022-08-07,2023-05-05,356.72,GBP,68.32,ATM,622.0,3632.67,Active,Yes,Lawyer,6180.67,lee.brown@gmail.com,Transaction verified by branch New York,Normal,False
CUST-2078,TXN142907,39.0,Female,Savings,New York,2020-05-09,2023-04-23,3670.08,USD,485.38,Deposit,580.0,8935.73,Default,No,Lawyer,12050.47,sara.taylor@outlook.com,Unknown,Normal,False
CUST-1477,TXN849629,62.0,Male,Checking,Houston,2018-09-27,2019-03-19,12452.85,USD,3779.91,ATM,601.0,11631.86,Closed,No,Doctor,6715.64,jane.brown@gmail.com,KYC documents pending,Normal,False
CUST-2352,TXN611290,74.0,Male,Fixed Deposit,Houston,2018-07-09,2022-11-29,401.48,EUR,403.26,Wire Transfer,773.0,7580.255,Active,Yes,Doctor,6891.32,mike.moore@bank.org,Account dormant >6 months,Normal,False
CUST-1957,TXN903064,52.0,Male,Savings,Phoenix,2024-04-14,2024-06-17,1992.27,USD,26.85,Deposit,615.0,17922.61,Default,No,Doctor,2329.18,lee.taylor@bank.org,Unknown,Normal,False
CUST-1028,TXN988432,72.0,Female,Fixed Deposit,Houston,2024-04-16,2024-06-26,750.59,EUR,-0.01,Withdrawal,773.0,3702.44,Closed,Yes,Lawyer,6180.67,taylor.jackson@yahoo.com,Transaction verified by branch Houston,Normal,False
CUST-2689,TXN225654,28.0,Female,Checking,New York,2022-12-22,2023-07-26,403.54,USD,96.82,Wire Transfer,676.0,29707.35,Closed,No,Doctor,3548.63,janeandersongmail.com,Loan disbursed to account,Normal,False
CUST-1503,TXN329465,37.0,Female,Savings,Los Angeles,2022-09-24,2022-09-29,4166.61,USD,875.94,Deposit,672.0,13644.92,Default,Yes,Teacher,10071.5,chris.jackson@bank.org,Unknown,Normal,False
CUST-1953,TXN383818,51.0,Female,Savings,Chicago,2018-04-05,2021-04-19,5281.49,USD,1112.92,Wire Transfer,528.0,583.63,Closed,No,Engineer,5729.66,john.anderson@outlook.com,Unknown,Normal,False
CUST-1325,TXN261479,24.0,Female,Current,Los Angeles,2023-10-05,2024-09-01,3222.52,NGN,1681.2,Withdrawal,643.0,8765.99,Default,Yes,Accountant,6180.67,pat.anderson@outlook.com,Unknown,Normal,False
CUST-1744,TXN106148,53.0,Female,Checking,Los Angeles,2019-01-05,2021-03-25,1608.02,USD,734.52,Withdrawal,646.0,1434.83,Active,Yes,Engineer,9918.06,mike.taylor@bank.org,Auto-debit setup confirmed,Normal,False
CUST-1634,TXN175868,48.0,Male,Savings,Phoenix,2021-09-10,2022-07-26,2710.02,GBP,356.1,Withdrawal,613.0,7763.41,Active,No,Doctor,4709.0,alex.smith@bank.org,Transaction verified by branch Phoenix,Normal,False
CUST-1883,TXN553012,33.0,Female,Fixed Deposit,Chicago,2024-01-10,2024-01-27,270.32,NGN,-150.35,Withdrawal,662.0,3318.32,Default,No,Teacher,2829.92,morgan.davis@outlook.com,Unknown,Normal,False
CUST-2148,TXN850932,62.0,Male,Savings,New York,2023-10-10,2023-12-22,3383.88,USD,429.11,Deposit,504.0,7580.255,Default,No,Lawyer,6180.67,john.taylor@gmail.com,KYC documents pending,Normal,False
CUST-2942,TXN988493,49.0,Female,Checking,Chicago,2023-01-05,2024-06-28,2390.39,GBP,46.51,Wire Transfer,664.0,7580.255,Closed,No,Accountant,5596.32,mike.davis@outlook.com,Loan disbursed to account,Normal,False
CUST-1717,TXN344504,58.0,Unknown,Savings,Chicago,2022-09-18,2024-02-11,2361.64,EUR,-357.57,ATM,581.0,5358.26,Active,No,Engineer,12533.13,chris.jackson@bank.org,Customer flagged for review,Normal,False
CUST-1893,TXN590235,67.0,Female,Checking,Los Angeles,2019-08-03,2024-06-08,6250.91,GBP,469.35,ATM,561.0,5622.29,Default,No,Accountant,9130.25,taylor.miller@outlook.com,Customer flagged for review,Normal,False
CUST-3012,TXN214025,31.0,Male,Savings,Los Angeles,2018-04-13,2020-04-29,4938.17,USD,544.12,Wire Transfer,682.0,57128.57,Closed,Yes,Engineer,3739.09,morgan.davis@bank.org,Loan disbursed to account,Normal,False
CUST-1184,TXN904694,48.0,Female,Checking,Los Angeles,2020-06-27,2024-01-15,551.72,EUR,-288.93,Wire Transfer,752.0,11297.24,Closed,Yes,Lawyer,6180.67,taylor.jones@yahoo.com,Transaction verified by branch Los Angeles,Normal,False
CUST-2424,TXN935367,37.0,Female,Savings,New York,2024-03-28,2024-05-21,322.99,EUR,-172.1,ATM,647.0,5847.48,Active,Yes,Engineer,6180.67,pat.miller@yahoo.com,KYC documents pending,Normal,False
CUST-3149,TXN130492,18.0,Female,Checking,Los Angeles,2023-06-02,2023-12-30,784.65,EUR,181.44,Withdrawal,670.0,16269.56,Active,Yes,Doctor,3351.89,pat.anderson@bank.org,Transaction verified by branch los angeles,Normal,False
CUST-2466,TXN901520,53.0,Female,Checking,Los Angeles,2021-08-14,2022-11-21,5918.39,GBP,618.64,Wire Transfer,589.0,3788.16,Default,No,Lawyer,936.94,alex.smith@outlook.com,Auto-debit setup confirmed,Normal,False
CUST-2945,TXN786661,27.0,Female,Current,Houston,2024-01-31,2024-02-09,5946.89,USD,625.08,Wire Transfer,670.0,6448.01,Default,No,Engineer,9606.19,chris.davis@gmail.com,Customer flagged for review,Normal,False
CUST-1703,TXN786719,23.0,Male,Savings,Houston,2024-03-17,2024-04-28,785.36,GBP,538.0,ATM,720.0,7580.255,Active,No,Doctor,6180.67,mike.taylor@yahoo.com,KYC documents pending,Normal,False
CUST-1553,TXN595571,59.0,Male,Savings,Phoenix,2021-02-18,2023-11-30,1138.84,USD,647.14,Deposit,794.0,7580.255,Active,Yes,Teacher,4291.02,alex.jones@gmail.com,KYC documents pending,Normal,False
CUST-3098,TXN637314,44.0,Female,Savings,Chicago,2020-11-23,2021-10-06,13212.81,NGN,2097.36,Wire Transfer,563.0,2844.32,Active,Yes,Accountant,10101.85,Unknown,KYC documents pending,Normal,False
CUST-2077,TXN556376,42.0,Female,Checking,New York,2021-03-27,2021-06-05,6271.1,GBP,1680.71,Withdrawal,683.0,40309.37,Default,No,unknown,3560.51,jane.brown@outlook.com,Unknown,Normal,False
CUST-2780,TXN135538,42.0,Male,Savings,New York,2023-12-06,2023-11-22,4427.69,USD,302.03,Withdrawal,687.0,4701.81,Closed,Yes,Lawyer,3.3,morgan.taylor@bank.org,Customer f,Normal,False
CUST-2983,TXN359518,20.0,Male,Checking,Los Angeles,2022-12-29,2023-10-14,2055.08,NGN,584.48,Withdrawal,608.0,12294.08,Closed,No,Teacher,6201.97,lee.smith@outlook.com,Loan disbursed to account,Normal,False
CUST-2731,TXN126653,57.0,Male,Checking,New York,2018-03-25,2021-04-30,1795.76,USD,113.27,Wire Transfer,628.0,5129.59,Active,Yes,Doctor,6180.67,chris.smith@bank.org,Account dormant >6 months,Normal,False
CUST-2577,TXN772519,64.0,Female,Savings,New York,2019-07-04,2020-04-09,2504.9,USD,534.25,Wire Transfer,640.0,23985.92,Unknown,No,Teacher,1330.96,alexjacksongmail.com,Auto-debit setup confirmed,Normal,False
CUST-1913,TXN882984,48.0,Male,Current,Chicago,2022-09-27,2023-07-12,437.67,USD,171.12,ATM,583.0,71976.63,Active,Yes,unknown,3023.78,lee.brown@yahoo.com,Account dormant >6 months,Normal,False
CUST-2826,TXN229919,40.0,Male,Savings,Phoenix,2023-03-31,2024-06-09,4334.73,GBP,883.88,Withdrawal,635.0,7580.255,Default,Yes,Teacher,6180.67,taylor.taylor@outlook.com,Unknown,Normal,False
CUST-1313,TXN816044,31.0,Female,Fixed Deposit,Los Angeles,2018-03-03,2021-08-21,31602.14,USD,7113.59,Withdrawal,532.0,10142.11,Default,No,Teacher,4688.24,alex.moore@yahoo.com,Account dormant >6 months,Normal,False
CUST-2237,TXN491768,46.0,Female,Savings,Houston,2021-07-21,2021-10-14,-1.0,GBP,618.64,Wire Transfer,600.0,7580.255,Default,No,Lawyer,6180.67,taylor.jackson@gmail.com,Auto-debit setup confirmed,Normal,False
CUST-2294,TXN959684,53.0,Male,Savings,Los Angeles,2022-10-31,2024-05-28,6407.26,USD,3038.08,Deposit,673.0,6385.38,Default,Yes,Teacher,2596.37,alex.jackson@yahoo.com,Unknown,Normal,False
CUST-2978,TXN663970,33.0,Female,Checking,New York,2019-08-21,2021-02-19,353.06,EUR,238.95,Withdrawal,651.0,7580.255,Active,Yes,unknown,678.11,taylor.miller@yahoo.com,Unknown,Normal,False
CUST-1659,TXN948866,72.0,Male,Savings,New York,2021-02-15,2024-06-28,365.42,USD,118.39,Deposit,481.0,15146.25,Active,No,Doctor,5008.55,lee.davis@outlook.com,Loan disbursed to account,Normal,False
CUST-2338,TXN272051,30.0,Male,Current,Los Angeles,2024-05-11,2024-06-12,4021.52,USD,548.14,Withdrawal,688.0,3424.43,Default,Yes,Accountant,16983.45,morgan.jackson@bank.org,KYC documents pending,Normal,False
CUST-1796,TXN772889,66.0,Female,Current,Chicago,2024-01-23,2024-04-30,641.59,EUR,179.29,Withdrawal,572.0,13439.66,Default,Yes,Teacher,6180.67,taylor.wilson@yahoo.com,Transaction verified by branch CHI,Normal,False
CUST-2250,TXN949644,74.0,Female,Savings,New York,2023-07-02,2024-02-19,17175.94,USD,1101.05,Deposit,598.0,523.67,Active,Yes,Engineer,33980.3,morgan.anderson@bank.org,Loan disbursed to account,Normal,False
CUST-2721,TXN995619,36.0,Male,Fixed Deposit,Phoenix,2023-10-23,2023-12-13,647.83,EUR,320.66,Wire Transfer,714.0,2551.78,Active,No,Teacher,3846.5,lee.taylor@gmail.com,KYC documents pending,Normal,False
CUST-1336,TXN347062,69.0,Male,Checking,Los Angeles,2018-11-27,2019-08-19,575.7,USD,-139.06,Wire Transfer,777.0,3473.92,Active,Yes,Doctor,6180.67,mike.moore@gmail.com,Account dormant >6 months,Normal,False
CUST-2152,TXN152859,41.0,Female,Fixed Deposit,New York,2018-12-11,2019-06-15,595.54,EUR,252.72,Wire Transfer,611.0,102680.92,Active,No,unknown,881.38,lee.brown@yahoo.com,Auto-debit,Normal,False
CUST-3053,TXN498510,52.0,Male,Current,Chicago,2019-02-26,2023-02-01,2786.2,GBP,190.9,ATM,681.0,3209.39,Active,Yes,Lawyer,6180.67,Unknown,Loan disbursed to account,Normal,False
CUST-2947,TXN451712,44.0,Male,Savings,Phoenix,2020-08-27,2023-11-19,27985.14,EUR,231.25,ATM,768.0,4192.18,Default,Yes,Lawyer,43630.78,Unknown,Auto-debit setup confirmed,Normal,False
CUST-2253,TXN931622,57.0,Female,Current,Chicago,2018-12-21,2023-10-02,5934.22,USD,603.99,Wire Transfer,641.0,6542.83,Default,No,Teacher,16593.37,john.jackson@bank.org,Customer flagged for review,Normal,False
CUST-3141,TXN937822,39.0,Male,Savings,Los Angeles,2022-12-20,2023-10-02,9835.91,USD,1632.49,Wire Transfer,673.0,30212.39,Active,No,Teacher,2137.03,taylor.miller@gmail.com,Account dormant >6 months,Normal,False
CUST-1678,TXN795111,75.0,Male,Savings,New York,2020-09-23,2021-06-11,11767.37,USD,2121.14,Wire Transfer,640.0,4291.72,Active,Yes,Lawyer,23842.34,pat.anderson@gmail.com,Loan disbursed to account,Normal,False
CUST-1918,TXN395244,63.0,Female,Savings,Los Angeles,2019-01-06,2023-11-06,5082.22,USD,992.67,Wire Transfer,647.0,13443.37,Closed,Yes,Teacher,8777.33,john.smith@bank.org,Loan disbursed to account,Normal,False
CUST-1929,TXN732861,21.0,Female,Checking,Los Angeles,2022-11-08,2023-07-03,1077.11,USD,172.92,ATM,587.0,6249.14,Active,No,Doctor,9602.25,lee.miller@yahoo.com,KYC documents pending,Normal,False
CUST-1467,TXN644830,34.0,Female,Fixed Deposit,Los Angeles,2019-11-08,2023-10-24,3373.34,NGN,1229.62,Wire Transfer,625.0,7580.255,Default,No,Doctor,5208.97,morgan.wilson@yahoo.com,Customer flagged for review,Normal,False
CUST-1399,TXN302273,35.0,Female,Checking,New York,2019-10-04,2023-10-17,4277.52,NGN,885.91,Withdrawal,647.0,1393.03,Default,No,Engineer,10170.37,jane.brown@gmail.com,Loan disbursed to account,Normal,False
CUST-3050,TXN165923,53.0,Male,Savings,Los Angeles,2020-06-01,2024-11-05,4480.66,USD,618.64,ATM,659.0,7580.255,Default,Yes,Lawyer,11738.4,john.jackson@outlook.com,Customer flagged for review,Normal,False
CUST-1636,TXN294559,44.0,Female,Checking,Chicago,2023-07-29,2023-07-30,1425.31,EUR,203.76,ATM,699.0,4292.56,Closed,Yes,unknown,6180.67,chris.moore@bank.org,Account dormant >6 months,Normal,False
CUST-1247,TXN840356,45.0,Male,Checking,Chicago,2024-03-18,2024-05-17,1727.76,USD,228.88,Wire Transfer,674.0,7580.255,Active,Yes,Engineer,4688.24,sara.wilson@gmail.com,Customer flagged for review,Normal,False
CUST-2382,TXN775544,20.0,Male,Fixed Deposit,Chicago,2018-04-11,2021-01-06,351.07,NGN,233.99,ATM,716.0,7580.255,Active,Yes,Accountant,1644.09,alex.jones@outlook.com,Unknown,Normal,False
CUST-1842,TXN566039,40.0,Female,Savings,Chicago,2018-11-10,2022-11-06,64519.2,GBP,17976.23,Withdrawal,712.0,3674.24,Active,Yes,Accountant,122848.62,sara.miller@bank.org,Transaction verified by branch CHI,Normal,False
CUST-2889,TXN377070,41.0,Male,Current,Houston,2021-02-03,2021-09-23,3476.61,NGN,1041.58,Deposit,716.0,19371.46,Unknown,Yes,Engineer,5826.47,morgan.anderson@gmail.com,Unknown,Normal,False
CUST-1478,TXN558116,65.0,Male,Checking,Chicago,2018-02-03,2021-02-15,3508.13,NGN,618.64,ATM,647.0,7580.255,Default,No,Accountant,6037.89,sara.miller@bank.org,Customer flagged for review,Normal,False
CUST-1750,TXN636112,71.0,Unknown,Fixed Deposit,New York,2018-12-07,2020-03-21,258.03,EUR,-208.16,Wire Transfer,647.0,9039.95,Default,Yes,Teacher,6812.44,jane.brown@outlook.com,Transactio,Normal,False
CUST-1293,TXN260119,31.0,Female,Savings,Chicago,2022-05-24,2024-03-29,8625.99,USD,1920.55,Wire Transfer,604.0,2252.27,Active,No,unknown,11409.08,taylor.brown@yahoo.com,Loan disbursed to account,Normal,False
CUST-2038,TXN973198,51.0,Female,Savings,Los Angeles,2019-09-16,2022-07-28,699.78,EUR,325.33,Deposit,625.0,2964.31,Active,No,Doctor,2538.69,Unknown,Unknown,Normal,False
CUST-2231,TXN789636,46.0,Female,Savings,New York,2018-10-15,2021-08-24,1688.95,USD,788.1,ATM,684.0,2262.71,Active,No,Accountant,426.48,pat.anderson@bank.org,Auto-debit setup confirmed,Normal,False
CUST-1642,TXN232140,64.0,Female,Current,Chicago,2023-12-30,2024-03-11,1533.69,GBP,294.43,Deposit,673.0,12876.83,Active,Yes,Accountant,2286.52,mike.anderson@gmail.com,Auto-debit setup confirmed,Normal,False
CUST-1868,TXN377393,48.0,Male,Savings,New York,2022-05-03,2023-08-10,144.35,USD,98.38,Wire Transfer,713.0,7172.02,Closed,No,Engineer,6180.67,john.taylor@outlook.com,Unknown,Normal,False
CUST-2004,TXN278927,24.0,Male,Checking,New York,2019-04-27,2022-10-09,4848.92,USD,-6.89,Withdrawal,717.0,2084.91,Default,No,Lawyer,6180.67,sara.brown@bank.org,Transaction verified by branch New York,Normal,False
CUST-3114,TXN253256,46.0,Female,Fixed Deposit,New York,2022-12-20,2023-12-29,4840.97,EUR,186.88,Wire Transfer,666.0,9827.99,Active,No,Doctor,17686.17,sara.miller@bank.org,Unknown,Normal,False
CUST-2593,TXN520335,48.0,Male,Savings,New York,2019-04-28,2019-06-14,8505.17,USD,2513.61,Wire Transfer,640.0,8225.77,Active,Yes,unknown,6180.67,chris.smith@yahoo.com,Auto-debit setup confirmed,Normal,False
CUST-3131,TXN598007,52.0,Male,Current,Los Angeles,2023-12-31,2024-05-12,3550.21,GBP,1100.35,Wire Transfer,625.0,8592.19,Default,No,Doctor,6180.67,sara.jackson@gmail.com,Auto-debit setup confirmed,Normal,False
CUST-1539,TXN342143,36.0,Male,Fixed Deposit,New York,2021-01-28,2024-03-17,3069.98,EUR,1579.3,Wire Transfer,697.0,5687.12,Closed,Yes,unknown,2916.38,alex.taylor@outlook.com,Unknown,Normal,False
CUST-1431,TXN664964,48.0,Unknown,Fixed Deposit,Los Angeles,2022-09-06,2024-05-21,3583.18,EUR,752.13,Deposit,675.0,7580.255,Unknown,No,Engineer,1282.72,morgan.moore@,KYC documents pending,Normal,False
CUST-2369,TXN168512,18.0,Unknown,Savings,Phoenix,,2023-08-11,456.32,EUR,-260.51,Deposit,776.0,4395.08,Default,No,Lawyer,6490.18,john.brown@bank.org,Unknown,Normal,False
CUST-1685,TXN360821,69.0,Male,Savings,New York,2023-04-11,2023-08-21,27320.75,USD,100.3,Wire Transfer,667.0,2704.57,Active,Yes,Lawyer,33643.45,john.moore@gmail.com,Unknown,Normal,False
CUST-1817,TXN452797,29.0,Female,Fixed Deposit,Los Angeles,2024-05-15,2024-06-19,16821.04,EUR,2562.42,Wire Transfer,625.0,599.96,Active,No,Accountant,14850.85,john.smith@gmail.com,Transaction verified by branch los angeles,Normal,False
CUST-3088,TXN108367,48.0,Female,Fixed Deposit,New York,2021-02-08,2023-02-09,21104.72,NGN,618.64,Deposit,645.0,10735.9,Closed,Yes,Engineer,4688.24,morganmillergmail.com,KYC documents pending,Normal,False
CUST-2457,TXN742810,60.0,Female,Savings,Chicago,2023-03-16,2023-10-18,2156.67,EUR,-59.85,Deposit,767.0,4349.12,Unknown,Yes,unknown,6180.67,mike.moore@yahoo.com,Account dormant >6 months,Normal,False
CUST-2323,TXN975508,33.0,Unknown,Checking,New York,2020-12-10,2022-10-20,84731.98,USD,14716.49,Wire Transfer,711.0,-452.24,Closed,Yes,Lawyer,111912.22,sara.brown@gmail.com,Unknown,Normal,False
CUST-2627,TXN655562,18.0,Female,Checking,New York,2020-06-16,2021-07-14,17500.47,EUR,3938.16,Deposit,647.0,6457.89,Active,Yes,Lawyer,21728.52,sara.miller@yahoo.com,Account dormant >6 months,Normal,False
CUST-3168,TXN629728,47.0,Male,Checking,Phoenix,2018-06-11,2020-08-16,4082.76,GBP,830.34,Deposit,684.0,1377.61,Active,Unknown,Teacher,9901.01,Unknown,Loan disburs,Normal,False
CUST-3055,TXN468471,69.0,Male,Savings,Los Angeles,2024-07-01,2024-01-14,21678.04,EUR,10138.05,Deposit,568.0,7580.255,Default,No,Lawyer,21586.31,sara.taylor@yahoo.com,Loan disbursed to account,Normal,False
CUST-1565,TXN444621,18.0,Female,Fixed Deposit,New York,2023-12-12,2023-12-17,1585.82,USD,168.9,Deposit,665.0,12540.75,Closed,Yes,Lawyer,2914.08,taylor.jackson@bank.org,Customer flagged for review,Normal,False
CUST-2225,TXN517028,72.0,Male,Savings,Houston,2022-04-28,2022-12-17,15294.91,NGN,727.6,Deposit,492.0,7932.75,Active,No,Teacher,25638.6,jane.smith@yahoo.com,Unknown,Normal,False
CUST-1712,TXN205137,31.0,Male,Checking,New York,2021-02-18,2022-08-04,19842.08,NGN,-500.0,ATM,582.0,7580.255,Default,Unknown,Engineer,16770.25,john.jackson@,Unknown,Normal,False
CUST-1262,TXN337701,32.0,Female,Savings,New York,2019-09-12,2020-04-12,4070.54,USD,2015.08,Withdrawal,547.0,2748.87,Closed,Yes,Teacher,9935.75,mike.miller@yahoo.com,Unknown,Normal,False
CUST-2395,TXN257455,19.0,Female,Fixed Deposit,Houston,2020-04-04,2021-07-20,2075.29,USD,562.2,Deposit,690.0,-828.46,Default,Yes,Engineer,4486.83,taylor.wilson@outlook.com,Customer flagged for review,Normal,False
CUST-1819,TXN560148,75.0,Female,Fixed Deposit,Los Angeles,2022-01-31,2023-04-30,744.83,USD,-268.81,Withdrawal,623.0,6545.57,Default,No,Accountant,3575.42,morgan.moore@outlook.com,Unknown,Normal,False
cust2182,TXN983848,68.0,Male,Fixed Deposit,Los Angeles,2018-07-20,2021-04-11,347.58,GBP,93.75,Wire Transfer,696.0,13560.05,Default,Yes,Teacher,4688.24,sara.anderson@,Account dormant >6 months,Normal,False
CUST-2412,TXN926934,46.0,Female,Checking,New York,,2020-10-02,15968.0,USD,7884.39,Deposit,636.0,24306.15,Active,No,Teacher,18193.32,pat.davis@yahoo.com,Loan disbursed to account,Normal,False
CUST-2957,TXN707123,23.0,Male,Fixed Deposit,Houston,2024-01-23,2024-02-07,8093.5,EUR,1494.25,ATM,778.0,2876.69,Active,Yes,Accountant,12716.35,taylor.smith@yahoo.com,Unknown,Normal,False
CUST-2531,TXN214451,26.0,Female,Fixed Deposit,Los Angeles,2020-11-19,2021-10-19,20951.83,USD,530.96,Wire Transfer,506.0,7580.255,Default,No,Doctor,9657.26,alex.wilson@yahoo.com,Transaction verified by branch LA,Normal,False
CUST-1903,TXN822505,29.0,Male,Savings,New York,2020-01-16,2022-08-13,1294.43,EUR,493.85,Withdrawal,783.0,7580.255,Closed,Yes,Engineer,8640.58,alex.brown@bank.org,Customer flagged for review,Normal,False
CUST-1530,TXN433180,60.0,Male,Savings,Los Angeles,2019-09-24,2023-03-21,26336.24,NGN,5193.59,Withdrawal,647.0,15096.33,Closed,Unknown,Accountant,9237.37,jane.brown@yahoo.com,Account dormant >6 months,Normal,False
CUST-2476,TXN397242,69.0,Female,Savings,Chicago,2021-08-09,2024-06-02,1306.77,NGN,506.02,Wire Transfer,671.0,16567.11,Active,Yes,Engineer,4688.24,jane.taylor@outlook.com,Account dormant >6 months,Normal,False
CUST-2810,TXN420408,48.0,Female,Current,Houston,2018-12-22,2019-02-02,11199.18,GBP,5675.26,Wire Transfer,807.0,11816.63,Active,Yes,Teacher,13139.34,mike.anderson@yahoo.com,Account dormant >6 months,Normal,False
CUST-1383,TXN703587,66.0,Male,Savings,New York,2022-12-09,2024-05-27,2177.68,GBP,-84.68,Deposit,733.0,7580.255,Default,Yes,Lawyer,12371.48,mike.wilson@outlook.com,Account dormant >6 months,Normal,False
CUST-1062,TXN604740,43.0,Male,Current,Phoenix,2023-02-07,2024-06-11,3520.59,USD,644.56,Deposit,680.0,7580.255,Default,No,Lawyer,3638.86,jane.jackson@gmail.com,Account dormant >6 months,Normal,False
CUST-1425,TXN125882,58.0,Male,Checking,Chicago,2021-08-30,2022-05-09,264.36,GBP,240.27,ATM,591.0,3603.81,Default,No,Lawyer,1100.98,mike.wilson@yahoo.com,KYC documents pending,Normal,False
CUST-1711,TXN266793,23.0,Female,Fixed Deposit,Chicago,2019-08-25,2024-06-30,2689.33,EUR,101.26,Wire Transfer,808.0,20158.13,Active,Yes,Lawyer,1725.68,leewilsongmail.com,Transaction verified by branch CHI,Normal,False
CUST-2929,TXN969790,33.0,Male,Checking,Los Angeles,2018-12-03,2019-11-17,117.37,USD,-30.48,Wire Transfer,728.0,5503.12,Closed,Yes,Accountant,8740.49,jane.davis@gmail.com,Account dormant >6 months,Normal,False
CUST-1775,TXN913641,65.0,Male,Checking,Los Angeles,2018-04-03,2021-08-02,17245.35,NGN,3053.38,ATM,656.0,14101.8,Default,Yes,Lawyer,17979.86,alex.moore@bank.org,Account dormant >6 months,Normal,False
CUST-1202,TXN275018,24.0,Female,Savings,Los Angeles,2018-07-12,2019-10-21,2240.58,GBP,118.89,Wire Transfer,539.0,20458.99,Closed,No,Lawyer,10893.59,taylor.moore@outlook.com,Unknown,Normal,False
CUST-3124,TXN234067,48.0,Male,Checking,Los Angeles,2022-01-22,2024-04-26,1505.66,NGN,297.06,ATM,823.0,23263.03,Default,Yes,Lawyer,6831.01,alex.davis@gmail.com,KYC documents pending,Normal,False
CUST-2623,TXN775685,48.0,Female,Checking,Houston,2018-03-25,2023-04-02,10402.16,GBP,5227.89,ATM,656.0,2191.24,Unknown,No,Accountant,13091.94,Unknown,Transaction verified by branch Houston,Normal,False
CUST-3069,TXN384252,73.0,Female,Fixed Deposit,Houston,,2024-11-06,678.81,EUR,213.51,Wire Transfer,647.0,5537.54,Closed,Yes,Lawyer,6180.67,mike.jackson@bank.org,Account dormant >6 months,Normal,False
CUST-1170,TXN439307,27.0,Male,Fixed Deposit,New York,2022-03-11,2023-02-18,4296.39,NGN,1011.67,ATM,609.0,5059.19,Closed,No,Accountant,9378.33,taylor.smith@yahoo.com,Customer flagged for review,Normal,False
CUST-1566,TXN142276,44.0,Female,Savings,Chicago,2024-02-19,2024-05-22,19028.12,USD,1558.47,Withdrawal,704.0,26702.37,Closed,Yes,Doctor,4688.24,lee.miller@gmail.com,Account dormant >6 months,Normal,False
CUST-1146,TXN700521,28.0,Female,Savings,Chicago,2023-09-22,2024-11-05,15266.65,USD,4345.69,Withdrawal,563.0,3962.76,Active,No,Doctor,12649.09,pat.miller@bank.org,Auto-debit setup confirmed,Normal,False
CUST-1497,TXN785397,50.0,Male,Checking,Phoenix,2019-07-31,2021-11-23,471.39,GBP,199.25,Withdrawal,612.0,7580.255,Default,Yes,Doctor,13391.6,mike.miller@bank.org,Auto-debit setup confirmed,Normal,False
CUST-1925,TXN917449,25.0,Female,Savings,Los Angeles,2018-08-16,2024-06-11,383.64,EUR,294.86,Withdrawal,433.0,4316.13,Active,No,Lawyer,6180.67,sara.smith@outlook.com,Auto-debit setup confirmed,Normal,False
CUST-2174,TXN803745,55.0,Female,Fixed Deposit,Los Angeles,2022-01-22,2024-01-12,5426.1,NGN,1846.98,Deposit,690.0,10839.64,Closed,Yes,Lawyer,2294.53,alex.miller@outlook.com,Auto-debit setup confirmed,Normal,False
CUST-1983,TXN516471,27.0,Male,Checking,Los Angeles,2019-06-24,2021-05-13,7393.89,USD,706.13,Wire Transfer,615.0,7580.255,Default,Unknown,Engineer,7415.63,Unknown,Unknown,Normal,False
CUST-1884,TXN555194,64.0,Male,Savings,Chicago,2023-07-19,2023-08-17,3140.29,EUR,778.23,Deposit,702.0,7580.255,Closed,Yes,Engineer,326.36,pat.brown@outlook.com,Loan disbursed to account,Normal,False
CUST-2672,TXN400496,38.0,Male,Fixed Deposit,Los Angeles,2018-04-18,2023-06-13,267.9,USD,195.87,Withdrawal,647.0,3451.63,Closed,No,Doctor,5273.79,alex.brown@yahoo.com,Unknown,Normal,False
CUST-1801,TXN959214,38.0,Male,Checking,New York,2018-07-04,2022-11-17,89964.88,NGN,10617.99,Deposit,689.0,7580.255,Closed,Yes,Doctor,92141.77,pat.smith@gmail.com,Unknown,Normal,False
cust9410,TXN528657,70.0,Male,Checking,Houston,2023-08-17,2023-09-09,4848.96,USD,970.64,Wire Transfer,581.0,6163.33,Closed,No,Accountant,6180.67,john.davis@outlook.com,Account dormant >6 months,Normal,False
CUST-3120,TXN568422,21.0,Male,Fixed Deposit,Phoenix,2021-07-07,2024-06-15,5312.51,EUR,2211.05,Wire Transfer,647.0,9951.58,Default,No,Doctor,9660.92,janedavisgmail.com,Unknown,Normal,False
CUST-2952,TXN479659,41.0,Male,Checking,Los Angeles,2020-05-25,2020-10-25,2895.82,USD,1286.73,Wire Transfer,743.0,39673.83,Closed,Yes,Doctor,558.73,lee.anderson@gmail.com,Transaction verified by branch LA,Normal,False
CUST-1916,TXN462084,29.0,Female,Fixed Deposit,Los Angeles,2023-08-19,2024-02-16,1197.1,GBP,382.63,ATM,674.0,7580.255,Default,No,Accountant,10946.07,chris.jackson@bank.org,Customer flagged for review,Normal,False
CUST-3108,TXN664881,48.0,Female,Current,Chicago,2020-02-14,2023-02-22,1500.38,USD,250.95,ATM,711.0,7580.255,Active,Yes,unknown,4688.24,jane.wilson@bank.org,KYC documents pending,Normal,False
CUST-2993,TXN462524,50.0,Female,Current,Houston,2020-01-30,2020-06-23,29914.4,EUR,1288.49,ATM,647.0,5124.44,Unknown,No,Lawyer,64738.58,morgan.moore@gmail.com,Unknown,Normal,False
CUST-2633,TXN772958,27.0,Female,Savings,Phoenix,2021-04-27,2021-04-08,2732.72,USD,174.75,Deposit,647.0,47330.67,Default,Yes,Doctor,4688.24,taylor.jones@gmail.com,Unknown,Normal,False
CUST-2277,TXN160018,48.0,Male,Checking,Chicago,2023-08-14,2024-03-15,6863.08,EUR,2217.74,Wire Transfer,615.0,7580.255,Active,Unknown,Lawyer,6425.4,john.smith@gmail.com,Unknown,Normal,False
CUST-2510,TXN220612,19.0,Male,Fixed Deposit,New York,2022-12-03,2024-01-04,49345.99,GBP,19082.6,ATM,845.0,12545.62,Active,Yes,Lawyer,26867.27,morgan.anderson@gmail.com,Auto-debit setup confirmed,Normal,False
CUST-3076,TXN817130,71.0,Male,Fixed Deposit,New York,2018-12-16,2023-12-31,1833.05,NGN,272.1,Deposit,751.0,7580.255,Active,Yes,Doctor,294.71,sara.brown@outlook.com,KYC documents pending,Normal,False
CUST-1172,TXN838726,59.0,Male,Checking,New York,2020-02-18,2024-03-06,27256.15,EUR,1725.1,ATM,637.0,7950.45,Default,Yes,Doctor,24985.62,alex.jones@outlook.com,Account dormant >6 months,Normal,False
CUST-2118,TXN775401,35.0,Male,Fixed Deposit,Houston,2023-02-24,2024-10-06,3375.33,USD,1091.19,Deposit,789.0,22926.8,Closed,Unknown,Lawyer,6180.67,taylor.miller@yahoo.com,Unknown,Normal,False
CUST-1574,TXN440839,56.0,Female,Savings,Los Angeles,2018-12-23,2019-08-21,14442.37,USD,5410.93,Deposit,619.0,10406.65,Default,Yes,Lawyer,4688.24,john.anderson@gmail.com,Unknown,Normal,False
CUST-2199,TXN731148,41.0,Male,Checking,Houston,2021-03-01,2022-04-22,1412.42,EUR,224.37,Wire Transfer,585.0,5726.23,Default,Yes,Engineer,6094.94,chris.jackson@yahoo.com,Unknown,Normal,False
CUST-2728,TXN981003,75.0,Male,Savings,Los Angeles,2018-11-22,2022-10-23,1438.68,EUR,35.59,ATM,559.0,11953.97,Default,No,Lawyer,6180.67,alex.brown@outlook.com,Auto-debit setup confirmed,Normal,False
CUST-1458,TXN717604,29.0,Female,Current,Chicago,2021-10-25,2023-09-28,2314.08,GBP,299.79,Deposit,742.0,3205.58,Active,Yes,Engineer,4390.61,jane.taylor@bank.org,Unknown,Normal,False
CUST-2377,TXN774420,48.0,Male,Savings,Houston,2022-05-22,2022-12-22,574.95,GBP,742.03,ATM,799.0,2534.96,Active,Yes,unknown,8485.63,taylor.jackson@outlook.com,Transaction verified by branch Houston,Normal,False
CUST--2166,TXN688098,45.0,Male,Savings,Los Angeles,2021-10-30,2022-09-22,447.64,USD,-500.0,ATM,688.0,1153.58,Unknown,Yes,Engineer,6180.67,taylor.smith@yahoo.com,Unknown,Normal,False
CUST-2662,TXN745958,63.0,Male,Savings,Los Angeles,2021-12-23,2023-01-26,349.55,USD,326.9,Withdrawal,703.0,7877.63,Active,No,Doctor,7492.94,taylor.taylor@outlook.com,KYC documents pending,Normal,False
CUST-3174,TXN879181,58.0,Male,Fixed Deposit,New York,2023-09-13,2023-12-22,591.42,EUR,267.55,Withdrawal,566.0,51465.3,Active,No,Teacher,6180.67,sara.miller@bank.org,Loan disbursed to account,Normal,False
CUST-2914,TXN610213,38.0,Female,Fixed Deposit,New York,,2023-09-13,145.32,NGN,-146.65,Wire Transfer,647.0,13190.05,Active,No,Accountant,4092.67,morgan.anderson@bank.org,Loan disbursed to account,Normal,False
CUST-2547,TXN193336,52.0,Male,Current,New York,2020-04-19,2024-01-27,260.28,USD,11.56,ATM,652.0,25270.2,Active,No,Teacher,2425.58,john.moore@gmail.com,KYC documents pending,Normal,False
CUST-2515,TXN359304,21.0,Female,Current,Los Angeles,2018-07-04,2022-05-04,15401.15,USD,5878.41,Wire Transfer,607.0,2159.54,Default,No,Teacher,16377.78,pat.davis@yahoo.com,Loan disbursed to account,Normal,False
CUST-2980,TXN877128,34.0,Male,Checking,New York,2023-09-29,2024-02-25,61103.93,GBP,6583.85,Wire Transfer,671.0,1766.63,Default,No,Engineer,4688.24,taylor.smith@outlook.com,Account dormant >6 months,Normal,False
CUST-3165,TXN727475,51.0,Male,Fixed Deposit,New York,2018-05-20,2018-12-31,6352.14,EUR,2759.27,Withdrawal,491.0,4938.34,Default,No,Teacher,6019.55,alex.jackson@yahoo.com,Unknown,Normal,False
CUST-2632,TXN436258,0.0,Female,Savings,Los Angeles,2020-03-30,2022-06-16,5954.53,EUR,51.09,ATM,613.0,10872.04,Closed,No,Engineer,319.61,john.smith@outlook.com,Loan disbursed to account,Normal,False
CUST-1443,TXN709644,62.0,Male,Fixed Deposit,Los Angeles,2022-06-05,2022-10-21,665.84,USD,166.37,Deposit,717.0,13998.89,Closed,Yes,unknown,6180.67,sara.jones@gmail.com,Customer flagged for review,Normal,False
CUST-1006,TXN196781,71.0,Male,Savings,Phoenix,2022-12-15,2022-12-24,477.58,NGN,241.86,Wire Transfer,647.0,2146.97,Active,Yes,Engineer,1631.49,Unknown,Account dormant >6 months,Normal,False
CUST-1859,TXN374507,22.0,Female,Savings,Chicago,2021-02-27,2023-03-11,4434.47,NGN,908.06,ATM,637.0,7580.255,Unknown,Yes,unknown,7294.83,lee.jackson@bank.org,Auto-debit setup confirmed,Normal,False
CUST-3154,TXN179229,22.0,Male,Fixed Deposit,Chicago,2020-11-29,2023-11-08,771.72,USD,-25.62,ATM,509.0,5188.52,Closed,No,Doctor,4688.24,john.jones@outlook.com,KYC documents pending,Normal,False
CUST-2618,TXN612566,24.0,Female,Savings,Phoenix,2020-11-16,2022-01-10,9379.86,USD,2815.07,Wire Transfer,612.0,2239.79,Default,No,Doctor,4688.24,mike.jones@gmail.com,Customer flagged for review,Normal,False
CUST-1315,TXN498757,69.0,Male,Savings,New York,2018-04-04,2020-03-25,11220.41,EUR,1882.92,Wire Transfer,523.0,7580.255,Default,No,Doctor,28684.91,taylor.moore@yahoo.com,Auto-debit setup confirmed,Normal,False
CUST-1209,TXN861594,36.0,Male,Checking,New York,2020-06-27,2020-08-10,7768.94,USD,1917.79,Withdrawal,644.0,2413.86,Active,Yes,Lawyer,1355.06,taylor.jones@bank.org,Transaction verified by branch New York,Normal,False
CUST-2301,TXN714196,34.0,Female,Savings,Chicago,2022-09-07,2023-10-13,2491.33,USD,267.47,ATM,715.0,9743.05,Default,Yes,Doctor,6180.67,taylor.jackson@gmail.com,Customer flagged for review,Normal,False
CUST-2916,TXN122983,68.0,Male,Checking,Los Angeles,,2021-04-07,3289.88,NGN,239.1,Withdrawal,656.0,13155.45,Active,Yes,unknown,5693.96,alex.moore@outlook.com,KYC documents pending,Normal,False
CUST-2297,TXN975205,59.0,Female,Fixed Deposit,Los Angeles,2023-03-25,2023-08-08,4139.98,USD,1801.36,Withdrawal,455.0,16061.22,Closed,No,Lawyer,2518.36,john.jackson@gmail.com,Transaction verified by branch Los Angeles,Normal,False
CUST-3126,TXN298148,48.0,Male,Fixed Deposit,Los Angeles,2018-04-10,2023-08-16,1311.87,EUR,-136.51,Wire Transfer,615.0,6383.01,Active,Unknown,Doctor,4688.24,leemooregmail.com,KYC documents pending,Normal,False
CUST-2950,TXN787538,48.0,Female,Fixed Deposit,Los Angeles,2023-03-30,2023-08-13,2125.95,EUR,866.86,Wire Transfer,595.0,4384.61,Default,No,unknown,8607.98,mike.taylor@,Loan disbursed to account,Normal,False
CUST-2151,TXN509150,75.0,Female,Savings,Los Angeles,2019-02-12,2020-09-10,3351.54,NGN,150.72,Deposit,666.0,2892.94,Active,Yes,Accountant,2554.48,leetaylorgmail.com,Auto-debit setup confirmed,Normal,False
CUST-1706,TXN247706,71.0,Male,Savings,Phoenix,2021-11-17,2023-03-06,3387.39,USD,-382.12,Withdrawal,635.0,1586.88,Closed,No,Teacher,9928.24,jane.wilson@bank.org,Unknown,Normal,False
CUST-1515,TXN581416,29.0,Female,Checking,New York,2020-03-29,2020-04-26,2228.89,GBP,673.61,ATM,489.0,15297.09,Closed,No,Accountant,6180.67,alex.brown@yahoo.com,Auto-debit setup confirmed,Normal,False
CUST-3117,TXN768296,59.0,Female,Fixed Deposit,New York,2018-02-02,2024-05-17,5234.57,GBP,955.33,Wire Transfer,555.0,20615.75,Active,No,Lawyer,11675.75,taylor.anderson@outlook.com,Customer flagged for review,Normal,False
CUST-2968,TXN701174,60.0,Female,Checking,Chicago,2022-01-20,2023-08-21,271.39,USD,347.13,Withdrawal,814.0,37903.8,Default,Yes,Doctor,6180.67,morgan.smith@bank.org,Loan disbursed to account,Normal,False
CUST-3191,TXN224624,48.0,Male,Savings,New York,2020-10-19,2021-01-16,317.42,NGN,60.0,Wire Transfer,647.0,7580.255,Closed,No,Engineer,4688.24,mike.davis@bank.org,Unknown,Normal,False
CUST-1981,TXN408514,27.0,Male,Fixed Deposit,Houston,2020-04-04,2023-10-30,5145.9,GBP,1127.29,Deposit,529.0,25832.3,Active,Yes,Lawyer,9397.11,sara.anderson@yahoo.com,Account dormant >6 months,Normal,False
CUST-2467,TXN448766,18.0,Female,Checking,New York,2024-06-06,2024-06-29,5290.4,NGN,-27.79,Withdrawal,618.0,7773.91,Closed,Yes,unknown,2332.36,sara.moore@gmail.com,Auto-debit setup confirmed,Normal,False
CUST-1900,TXN969750,65.0,Male,Checking,New York,2020-10-06,2023-08-09,6663.74,USD,2086.34,Wire Transfer,637.0,9349.23,Closed,Yes,unknown,7318.36,chris.jones@bank.org,Transaction verified by branch N.Y.,Normal,False
CUST-1475,TXN518002,23.0,Male,Fixed Deposit,New York,2022-02-09,2023-08-10,2127.53,USD,625.5,Deposit,663.0,12606.16,Closed,Yes,Lawyer,6180.67,sara.smith@,Account dormant >6 months,Normal,False
CUST-1296,TXN790130,48.0,Male,Fixed Deposit,Chicago,2021-07-05,2023-06-26,456.09,GBP,618.64,Deposit,643.0,24767.7,Active,Yes,Doctor,1977.08,alex.moore@yahoo.com,KYC documents pending,Normal,False
CUST-1164,TXN921021,34.0,Male,Checking,Los Angeles,2018-05-01,2021-05-19,10281.74,USD,618.64,Wire Transfer,754.0,8275.08,Active,Yes,Teacher,4688.24,pat.wilson@outlook.com,Customer flagged for review,Normal,False
cust8939,TXN410186,23.0,Male,Savings,New York,2021-09-21,2022-03-03,12263.81,USD,250.88,Wire Transfer,621.0,69445.45,Default,Yes,Lawyer,23138.55,chris.anderson@,Customer flagged for review,Normal,False
CUST-3199,TXN807732,32.0,Female,Savings,Los Angeles,2021-08-03,2023-01-09,4617.46,NGN,480.4,Wire Transfer,689.0,8562.7,Default,Yes,Lawyer,4781.55,mike.brown@yahoo.com,Auto-debit setup confirmed,Normal,False
CUST-2690,TXN566415,44.0,Female,Savings,Los Angeles,2019-03-25,2021-02-11,1021.37,GBP,269.61,Wire Transfer,626.0,2355.0,Active,No,Engineer,6180.67,mike.davis@gmail.com,Loan disbursed to account,Normal,False
CUST-1479,TXN976903,58.0,Male,Fixed Deposit,New York,2018-10-17,2021-09-16,177.19,NGN,-68.79,Wire Transfer,657.0,9507.69,Closed,Yes,unknown,6180.67,mike.wilson@bank.org,Customer flagged for review,Normal,False
CUST-2540,TXN577226,24.0,Male,Savings,New York,2023-07-05,2023-08-23,363.74,USD,568.54,Deposit,648.0,7646.85,Default,Yes,Accountant,3072.39,sara.brown@bank.org,Unknown,Normal,False
CUST-2071,TXN282068,60.0,Female,Fixed Deposit,New York,2024-05-12,2024-05-15,7250.28,NGN,2450.31,Withdrawal,678.0,8789.2,Default,Unknown,Teacher,12583.22,pat.brown@bank.org,Transaction verified by branch new york,Normal,False
CUST-2472,TXN146570,51.0,Female,Savings,Chicago,2022-05-25,2022-12-12,10401.83,GBP,3033.9,ATM,719.0,540.48,Active,Yes,Engineer,14354.61,morgan.moore@outlook.com,Customer flagged for review,Normal,False
CUST-2430,TXN467054,21.0,Female,Savings,New York,2024-03-12,2024-05-08,9999999.0,USD,1197371.01,Withdrawal,697.0,7580.255,Closed,Yes,Engineer,9999999999.0,mike.taylor@yahoo.com,KYC documents pending,Suspicious - Extreme,False
CUST-1238,TXN122525,48.0,Female,Fixed Deposit,New York,2021-11-05,2023-09-17,360.95,USD,-98.17,Withdrawal,561.0,46736.02,Active,No,Teacher,5301.7,mike.brown@outlook.com,Unknown,Normal,False
cust2845,TXN329502,33.0,Female,Fixed Deposit,New York,2021-11-13,2022-06-24,613.68,USD,618.64,Wire Transfer,726.0,44829.13,Closed,Yes,Lawyer,219.15,lee.taylor@yahoo.com,Auto-debit setup confirmed,Normal,False
CUST-1583,TXN456705,53.0,Female,Fixed Deposit,Chicago,2020-02-13,2021-02-21,117.92,EUR,246.34,Withdrawal,611.0,3419.41,Active,Yes,Engineer,3576.89,mike.moore@bank.org,Unknown,Normal,False
CUST-1335,TXN748522,72.0,Female,Current,Los Angeles,2019-06-05,2020-02-01,23471.92,USD,2781.23,Withdrawal,660.0,6815.32,Active,No,Accountant,4688.24,chris.moore@gmail.com,Account dormant >6 months,Normal,False
CUST-2646,TXN358497,44.0,Male,Checking,Chicago,2022-02-21,2023-09-26,9229.19,NGN,743.93,Deposit,596.0,-382.46,Default,Yes,Doctor,6180.67,chris.anderson@gmail.com,Transaction verified by branch Chicago,Normal,False
CUST-1886,TXN190218,48.0,Female,Fixed Deposit,Chicago,2021-09-07,2022-05-29,1678.7,GBP,283.72,Wire Transfer,618.0,2479.89,Active,Yes,Teacher,1047.74,sara.jackson@outlook.com,Transaction verified by branch Chicago,Normal,False
CUST-2666,TXN769277,24.0,Male,Checking,Chicago,2020-12-15,2023-07-27,4368.16,EUR,1398.69,Deposit,609.0,13165.56,Active,No,Teacher,6180.67,morgan.jones@yahoo.com,Unknown,Normal,False
CUST-2693,TXN955096,71.0,Female,Current,Chicago,2022-06-07,2023-03-09,4295.02,GBP,1370.34,Wire Transfer,650.0,7580.255,Default,Yes,Teacher,6180.67,lee.jones@yahoo.com,Unknown,Normal,False
CUST-2874,TXN391343,24.0,Male,Savings,Los Angeles,2019-08-21,2020-08-24,940.91,GBP,366.14,Wire Transfer,696.0,10084.13,Closed,Yes,unknown,930.01,chris.davis@bank.org,KYC documents pending,Normal,False
cust6549,TXN923556,30.0,Male,Savings,Los Angeles,2021-04-20,2021-10-30,2135.14,EUR,833.27,Withdrawal,596.0,5414.98,Unknown,Yes,Accountant,12188.21,lee.jones@outlook.com,Auto-debit setup confirmed,Normal,False
CUST-2224,TXN625923,48.0,Female,Fixed Deposit,Los Angeles,2023-09-29,2024-06-11,1965.95,USD,659.52,ATM,633.0,7811.95,Active,No,Doctor,4641.02,chris.jones@,Loan disbursed to account,Normal,False
cust8864,TXN541713,23.0,Female,Checking,Los Angeles,2023-04-14,2023-07-29,788.38,USD,618.64,Withdrawal,748.0,4284.21,Active,Yes,Engineer,3806.82,mike.moore@gmail.com,Transaction verified by branch Los Angeles,Normal,False
CUST-2933,TXN843708,70.0,Male,Checking,New York,2020-11-15,2024-01-03,2502.74,NGN,618.64,Withdrawal,571.0,9511.61,Active,No,Teacher,6180.67,lee.wilson@bank.org,Transaction verified by branch new york,Normal,False
CUST-2044,TXN546929,29.0,Female,Current,Los Angeles,2021-10-01,2024-04-06,2954.45,USD,1309.79,Wire Transfer,647.0,26718.54,Default,Yes,Doctor,4688.24,pat.jones@bank.org,Unknown,Normal,False
CUST-1275,TXN414186,28.0,Male,Savings,Houston,2023-03-26,2023-11-27,1145.87,EUR,460.33,Deposit,647.0,4579.08,Active,Unknown,Engineer,6180.67,morganwilsongmail.com,Custome,Normal,False
CUST-1535,TXN664371,72.0,Male,Checking,Chicago,2022-12-27,2024-05-25,9056.49,GBP,2354.28,Withdrawal,631.0,-284.53,Default,Yes,Doctor,3193.88,mike.miller@yahoo.com,Loan disbursed to account,Normal,False
CUST-2711,TXN736107,0.0,Male,Savings,Houston,2019-02-02,2024-01-21,777.01,EUR,-25.52,ATM,647.0,14749.97,Default,No,Engineer,5540.72,jane.anderson@yahoo.com,KYC documents pending,Normal,False
CUST-1474,TXN967977,58.0,Female,Checking,New York,2019-05-26,2024-06-27,1013.61,USD,411.46,Withdrawal,571.0,7106.34,Default,Yes,unknown,790.69,Unknown,Unknown,Normal,False
CUST-1992,TXN986572,36.0,Female,Savings,Los Angeles,2021-01-12,2021-01-31,6060.56,EUR,786.74,Deposit,517.0,13403.24,Active,No,Engineer,6180.67,pat.jackson@bank.org,Transaction verified by branch Los Angeles,Normal,False
CUST-2996,TXN931751,33.0,Female,Fixed Deposit,Chicago,2018-07-07,2021-10-11,745.16,USD,263.39,Withdrawal,692.0,4370.86,Closed,Yes,Teacher,7360.98,alex.brown@bank.org,Account dormant >6 months,Normal,False
CUST-1902,TXN848544,51.0,Male,Checking,Phoenix,2023-02-07,2023-06-06,13392.47,GBP,2688.45,Withdrawal,706.0,12448.32,Default,Yes,Accountant,7202.76,pat.wilson@gmail.com,Auto-debit setup confirmed,Normal,False
CUST-1182,TXN519692,35.0,Female,Savings,Los Angeles,2018-08-29,2024-01-27,1213.1,NGN,476.33,Wire Transfer,653.0,7580.255,Unknown,No,Accountant,5278.84,taylor.jones@bank.org,Unknown,Normal,False
CUST-2185,TXN760650,60.0,Female,Fixed Deposit,Chicago,2024-02-16,2024-04-14,401.9,EUR,272.38,Withdrawal,753.0,107786.64,Closed,Yes,Engineer,6180.67,lee.davis@gmail.com,KYC documents pending,Normal,False
CUST-1537,TXN659119,42.0,Male,Checking,New York,2019-11-14,2019-12-04,2896.07,USD,1376.42,Wire Transfer,647.0,14004.29,Active,Yes,Engineer,9999999999.0,taylor.anderson@gmail.com,KYC documents pending,Suspicious - Extreme,False
CUST-1652,TXN152364,57.0,Female,Fixed Deposit,New York,2023-07-01,2024-04-12,3439.28,USD,1006.67,ATM,704.0,5990.65,Active,Yes,Lawyer,5101.32,taylor.jackson@bank.org,Loan disbursed to account,Normal,False
CUST-3091,TXN409162,32.0,Female,Fixed Deposit,Houston,2023-10-15,2024-05-21,269.95,USD,244.5,Wire Transfer,647.0,2903.43,Active,No,Teacher,8133.0,alex.jones@gmail.com,Account dormant >6 months,Normal,False
cust9243,TXN196248,43.0,Female,Fixed Deposit,Los Angeles,2021-06-17,2021-11-09,356.77,USD,176.01,Withdrawal,730.0,3480.94,Default,Yes,Doctor,6180.67,john.moore@bank.org,Transaction verified by branch LA,Normal,False
CUST-2196,TXN876434,47.0,Male,Savings,Phoenix,2018-01-16,2023-08-17,4166.87,USD,1515.05,ATM,736.0,9999.63,Default,No,Doctor,3511.14,alex.davis@gmail.com,Customer flagged for review,Normal,False
CUST-2697,TXN772257,42.0,Male,Fixed Deposit,New York,,2022-10-29,24049.78,USD,11083.11,Deposit,675.0,18215.48,Closed,No,Engineer,30193.57,morgan.taylor@bank.org,Unknown,Normal,False
CUST-2419,TXN321398,59.0,Female,Fixed Deposit,Houston,2022-03-15,2022-06-07,4720.53,GBP,618.64,ATM,664.0,7580.255,Default,No,Doctor,7066.96,chris.davis@yahoo.com,Customer flagged for review,Normal,False
CUST-2208,TXN961656,38.0,Female,Checking,Phoenix,2021-11-10,2022-10-03,1236.92,USD,8.13,ATM,577.0,43674.72,Active,No,Doctor,5706.06,lee.davis@outlook.com,KYC documents pending,Normal,False
CUST-2667,TXN762688,74.0,Male,Fixed Deposit,Houston,2024-03-06,2024-05-19,4714.97,GBP,1896.79,ATM,578.0,7580.255,Closed,No,Doctor,5474.76,sara.miller@yahoo.com,Auto-debit setup confirmed,Normal,False
CUST-2505,TXN772020,62.0,Female,Savings,New York,2021-06-18,2023-10-03,323.2,NGN,39.31,Wire Transfer,647.0,59399.24,Unknown,No,Teacher,9661.23,johnmooregmail.com,Unknown,Normal,False
CUST-3083,TXN970182,50.0,Female,Savings,New York,,2022-11-22,1055.64,USD,55.54,ATM,537.0,7508.27,Active,Unknown,Engineer,8650.83,pat.jones@outlook.com,Account dormant >6 months,Normal,False
CUST-1468,TXN325515,68.0,Female,Fixed Deposit,Chicago,2018-04-30,2020-01-25,22262.87,GBP,9464.35,Wire Transfer,659.0,6904.08,Default,Yes,Lawyer,22154.27,alex.moore@bank.org,Unknown,Normal,False
CUST-1550,TXN636838,32.0,Male,Fixed Deposit,New York,2019-01-22,2022-06-14,108.01,USD,326.24,Wire Transfer,536.0,6206.47,Default,No,Teacher,6180.67,lee.taylor@outlook.com,Transaction verified by branch New York,Normal,False
CUST-1377,TXN283120,27.0,Male,Checking,Los Angeles,2020-04-15,2022-05-19,321.39,USD,-455.35,Deposit,724.0,2065.49,Default,Yes,Doctor,6180.67,mikejacksongmail.com,KYC documents pending,Normal,False
CUST-2718,TXN535714,46.0,Female,Checking,New York,2021-10-01,2024-01-19,5117.08,USD,1111.87,Withdrawal,569.0,3445.78,Closed,No,Accountant,6180.67,pat.anderson@yahoo.com,Loan disbursed to account,Normal,False
CUST-1671,TXN948190,46.0,Male,Current,Chicago,2018-08-12,2021-04-09,292.09,NGN,-10.34,Withdrawal,627.0,6271.81,Active,No,Engineer,6180.67,jane.miller@outlook.com,Transaction verified by branch Chicago,Normal,False
CUST-2806,TXN907394,53.0,Female,Fixed Deposit,New York,2023-06-27,2024-02-29,119349.09,GBP,12076.39,Deposit,647.0,3414.26,Active,Yes,Doctor,236103.12,morgan.taylor@outlook.com,Auto-debit setup confirmed,Normal,False
CUST-2456,TXN413432,22.0,Female,Checking,Los Angeles,2018-03-16,2024-06-15,3481.81,USD,476.53,ATM,629.0,7580.255,Closed,Yes,Teacher,4643.51,john.brown@yahoo.com,KYC documents pending,Normal,False
CUST-1971,TXN864761,67.0,Unknown,Fixed Deposit,Chicago,2020-01-16,2020-11-13,22773.65,EUR,2756.98,Withdrawal,690.0,1697.59,Closed,Yes,Teacher,4440.87,Unknown,Account dormant >6 months,Normal,False
CUST-1814,TXN233760,36.0,Male,Savings,Houston,2019-11-17,2023-04-03,13839.69,USD,3150.32,Deposit,543.0,5367.82,Active,No,Teacher,13869.53,chris.moore@,Unknown,Normal,False
CUST-2256,TXN374458,67.0,Female,Fixed Deposit,Los Angeles,2019-07-24,2022-06-06,1385.08,EUR,-107.12,Withdrawal,636.0,7580.255,Active,Yes,Accountant,3783.45,sara.moore@yahoo.com,KYC documents pending,Normal,False
CUST-3173,TXN182156,75.0,Female,Current,Los Angeles,2024-04-04,2024-05-04,13118.68,NGN,3664.41,Wire Transfer,723.0,5940.83,Active,Yes,Doctor,1197.25,jane.brown@yahoo.com,Account dormant >6 months,Normal,False
CUST-3068,TXN464765,57.0,Female,Checking,Los Angeles,2021-11-09,2023-06-13,893.23,GBP,391.02,Wire Transfer,761.0,12965.06,Closed,Yes,Accountant,2229.55,lee.jones@bank.org,Loan disbursed to account,Normal,False
CUST--3727,TXN857079,50.0,Female,Checking,New York,2022-07-23,2023-12-13,1199.55,GBP,223.18,ATM,647.0,4916.1,Default,Yes,Accountant,6180.67,morgan.jackson@gmail.com,KYC documents pending,Normal,False
CUST-1727,TXN381469,58.0,Female,Savings,Los Angeles,2019-04-11,2020-04-18,1800.14,USD,949.89,Deposit,745.0,2055.61,Active,Yes,Accountant,6180.67,chris.jackson@bank.org,Customer flagged for review,Normal,False
CUST-1528,TXN214705,29.0,Female,Checking,Houston,2023-02-05,2024-02-09,1517.34,USD,295.49,Withdrawal,698.0,1912.46,Active,No,Accountant,6180.67,lee.anderson@gmail.com,Transaction verified by branch Houston,Normal,False
CUST-2343,TXN665708,73.0,Male,Savings,Phoenix,2023-02-28,2023-08-06,10870.58,USD,1833.8,Withdrawal,715.0,18348.56,Default,Yes,Accountant,9986.61,mike.taylor@outlook.com,Loan d,Normal,False
CUST-2132,TXN418411,64.0,Female,Fixed Deposit,Houston,2018-06-01,2019-02-09,8958.17,EUR,3331.49,ATM,630.0,8748.25,Unknown,Yes,Teacher,3214.96,jane.miller@yahoo.com,Unknown,Normal,False
CUST-1444,TXN389733,48.0,Male,Savings,New York,2019-11-07,2023-09-15,1719.46,USD,692.32,Deposit,576.0,40756.71,Closed,Yes,Accountant,659.1,lee.davis@gmail.com,KYC documents pending,Normal,False
CUST-2904,TXN291844,31.0,Male,Current,Los Angeles,2022-03-17,2023-01-04,20007.92,USD,517.51,Wire Transfer,673.0,9540.82,Active,No,Teacher,36571.95,sara.anderson@outlook.com,Loan disbursed to account,Normal,False
CUST-3119,TXN260710,25.0,Male,Checking,New York,2018-12-25,2021-12-17,12897.13,EUR,4693.82,Withdrawal,633.0,7580.255,Closed,No,unknown,22024.37,pat.anderson@yahoo.com,KYC documents pending,Normal,False
CUST-2706,TXN367088,22.0,Male,Fixed Deposit,New York,2018-05-02,2023-08-29,1517.31,USD,62.94,ATM,745.0,2120.72,Closed,Yes,unknown,347.2,mike.taylor@bank.org,Auto-debit setup confirmed,Normal,False
CUST-1525,TXN109771,26.0,Female,Savings,Los Angeles,2020-03-19,2022-08-09,4438.37,USD,858.16,Deposit,454.0,7084.9,Closed,No,Engineer,15313.18,morgan.davis@gmail.com,Auto-debit se,Normal,False
cust4112,TXN670409,66.0,Male,Checking,Los Angeles,2020-01-25,2020-06-28,109.08,EUR,310.8,Withdrawal,647.0,2970.72,Active,Yes,Doctor,6180.67,jane.taylor@bank.org,Customer flagged for review,Normal,False
CUST-1151,TXN831758,69.0,Male,Checking,New York,2020-02-26,2022-02-20,449.74,USD,277.55,Deposit,819.0,22753.3,Active,Yes,Engineer,6180.67,jane.anderson@bank.org,Customer flagged for review,Normal,False
CUST-2656,TXN384645,27.0,Male,Checking,Chicago,2022-01-19,2024-03-10,37035.09,EUR,1859.77,Wire Transfer,803.0,1762.39,Default,Yes,Accountant,52820.53,chris.jones@outlook.com,Customer flagged for review,Normal,False
CUST-2073,TXN151628,67.0,Female,Fixed Deposit,New York,2020-06-17,2024-06-06,6483.35,USD,2715.72,Withdrawal,625.0,7473.23,Default,Yes,Accountant,6180.67,morgan.wilson@yahoo.com,Unknown,Normal,False
CUST-3074,TXN648376,39.0,Female,Checking,Chicago,2024-06-21,2024-06-25,9874.91,USD,3483.56,Withdrawal,625.0,28348.98,Default,Yes,Accountant,15339.87,mike.taylor@outlook.com,Loan ,Normal,False
CUST-2925,TXN159638,26.0,Female,Current,Los Angeles,2023-12-18,2024-02-14,4646.64,NGN,88.88,Withdrawal,615.0,1545.12,Default,Yes,unknown,5230.1,sara.taylor@outlook.com,Unknown,Normal,False
cust7582,TXN506872,72.0,Male,Savings,Los Angeles,2020-06-17,2023-10-07,2033.61,USD,225.4,ATM,676.0,8829.85,Active,Yes,Teacher,6180.67,sara.miller@bank.org,Customer flagged for review,Normal,False
CUST--4789,TXN841339,36.0,Male,Savings,Los Angeles,2020-01-28,2022-10-01,1826.36,USD,594.69,Withdrawal,525.0,1991.1,Closed,No,Doctor,176.93,Unknown,Customer flagged for review,Normal,False
CUST-1979,TXN871691,75.0,Female,Savings,Los Angeles,2019-05-11,2024-02-04,-99999.0,GBP,-10352.75,Wire Transfer,608.0,2082.71,Default,No,Doctor,6180.67,alex.brown@yahoo.com,Account dor,Normal,False
CUST-2859,TXN392024,63.0,Female,Fixed Deposit,Phoenix,2019-09-23,2023-09-22,19920.32,EUR,618.64,Deposit,701.0,44250.58,Active,Unknown,Teacher,35681.44,Unknown,Customer flagged for review,Normal,False
CUST-2998,TXN193974,64.0,Female,Fixed Deposit,Los Angeles,2023-03-26,2023-04-06,2246.45,NGN,744.23,ATM,647.0,7580.255,Default,Yes,Teacher,1838.74,alex.miller@gmail.com,Auto-debit setup confirmed,Normal,False
CUST-2645,TXN450468,64.0,Female,Fixed Deposit,Los Angeles,2023-10-29,2023-11-13,72173.94,USD,904.21,Wire Transfer,635.0,45510.29,Default,Yes,Lawyer,121042.18,Unknown,Unknown,Normal,False
CUST-2259,TXN535907,66.0,Female,Savings,Los Angeles,2022-01-01,2023-05-31,5167.9,USD,1656.81,Wire Transfer,719.0,7580.255,Active,Yes,Accountant,8670.52,pat.moore@outlook.com,Loan disbursed to account,Normal,False
CUST-2150,TXN161400,60.0,Female,Checking,Los Angeles,2022-02-11,2023-09-13,943.6,NGN,348.28,Wire Transfer,732.0,7580.255,Default,Yes,Lawyer,4688.24,sarawilsongmail.com,Unknown,Normal,False
CUST-1961,TXN604752,43.0,Male,Fixed Deposit,Phoenix,2019-01-05,2024-04-04,837.53,GBP,65.07,Deposit,611.0,11608.3,Closed,No,Doctor,9999999999.0,jane.smith@yahoo.com,KYC documents pending,Suspicious - Extreme,False
CUST-2551,TXN529396,50.0,Female,Current,New York,2023-01-20,2024-01-18,1602.24,USD,316.72,Withdrawal,528.0,17997.27,Active,No,Accountant,6180.67,chris.jackson@bank.org,Unknown,Normal,False
CUST-2522,TXN675823,47.0,Female,Checking,Chicago,2021-02-11,2023-11-17,326.44,USD,250.64,Wire Transfer,654.0,7580.255,Closed,No,Lawyer,6180.67,john.anderson@gmail.com,Transaction verified by branch CHI,Normal,False
CUST-2153,TXN216616,33.0,Female,Current,Chicago,2020-07-19,2021-04-28,362.72,GBP,-500.0,Withdrawal,639.0,13620.87,Default,No,Engineer,8557.73,lee.smith@gmail.com,Unknown,Normal,False
CUST-3127,TXN938172,73.0,Female,Savings,New York,2022-03-22,2023-06-24,4343.46,EUR,423.65,Deposit,704.0,4276.14,Closed,No,Doctor,5144.5,alex.jackson@gmail.com,Unknown,Normal,False
CUST-1445,TXN591650,45.0,Male,Savings,Phoenix,2022-03-28,2022-06-26,18503.92,EUR,4163.07,Deposit,729.0,5262.6,Active,Yes,unknown,20364.26,taylor.jackson@gmail.com,Auto-debit setup confirmed,Normal,False
CUST-2097,TXN747216,49.0,Female,Fixed Deposit,Houston,2023-11-11,2024-05-13,1118.21,EUR,218.12,Deposit,656.0,7580.255,Default,Yes,Doctor,1360.01,pat.wilson@gmail.com,KYC documents pending,Normal,False
CUST-2356,TXN755303,55.0,Male,Savings,Los Angeles,,2023-06-21,4228.34,USD,1583.08,Wire Transfer,602.0,10204.77,Default,Yes,Doctor,6180.67,sara.wilson@gmail.com,Unknown,Normal,False
CUST-1795,TXN953217,61.0,Female,Savings,Los Angeles,2020-07-28,2024-06-28,2654.03,USD,547.05,Deposit,766.0,49374.86,Active,Yes,Lawyer,6180.67,jane.brown@gmail.com,Loan disbursed to account,Normal,False
CUST-2571,TXN193277,74.0,Female,Checking,New York,2021-10-19,2024-05-27,1191.82,USD,-21.6,Withdrawal,758.0,323.43,Default,Yes,Teacher,3683.37,pat.miller@yahoo.com,Account dormant >6 months,Normal,False
CUST-1388,TXN551266,49.0,Male,Savings,New York,2018-12-01,2019-06-11,619.95,USD,131.5,Wire Transfer,647.0,-95.76,Closed,No,Teacher,7033.62,taylor.miller@yahoo.com,Unknown,Normal,False
CUST-2120,TXN886887,40.0,Male,Checking,Chicago,2022-07-30,2024-05-20,9748.61,EUR,3821.32,Withdrawal,676.0,2019.69,Closed,Unknown,Engineer,18159.39,alex.wilson@yahoo.com,Account dormant >6 months,Normal,False
CUST-2707,TXN299254,60.0,Male,Current,New York,2019-07-08,2024-01-02,3701.39,NGN,44.95,ATM,583.0,4105.62,Active,No,Teacher,1940.16,john.brown@gmail.com,Unknown,Normal,False
CUST-1225,TXN537503,73.0,Unknown,Savings,Chicago,2023-06-17,2023-08-25,28115.22,GBP,12722.43,Wire Transfer,645.0,10721.1,Active,No,Lawyer,4688.24,john.jackson@bank.org,Customer flagged for review,Normal,False
CUST-1464,TXN650004,69.0,Unknown,Fixed Deposit,Phoenix,2019-06-09,2023-12-30,6817.36,EUR,1356.08,Withdrawal,785.0,4347.48,Unknown,Yes,Lawyer,13335.06,morgan.moore@bank.org,Unknown,Normal,False
CUST-2453,TXN958351,23.0,Female,Checking,Los Angeles,2023-05-24,2023-07-13,411.03,NGN,521.12,Withdrawal,612.0,9497.24,Closed,Yes,Lawyer,6258.15,lee.anderson@gmail.com,Account dormant >6 months,Normal,False
CUST-2085,TXN459505,70.0,Male,Savings,Los Angeles,2023-09-25,2024-01-30,4616.28,USD,1623.5,Withdrawal,571.0,127416.66,Unknown,No,unknown,7184.76,pat.miller@gmail.com,Unknown,Normal,False
CUST-1976,TXN800325,35.0,Male,Savings,Los Angeles,2018-06-16,2020-10-30,850.57,USD,9999999.0,ATM,763.0,7393.04,Closed,Yes,unknown,4688.24,taylor.anderson@bank.org,Customer flagged for review,Normal,False
CUST-2202,TXN724280,24.0,Female,Savings,Phoenix,2018-10-18,2020-07-11,7485.0,GBP,536.88,Wire Transfer,663.0,25906.77,Active,No,Engineer,76.37,pat.jones@gmail.com,Unknown,Normal,False
CUST-2747,TXN430411,59.0,Female,Savings,Chicago,2020-10-11,2022-12-08,34837.19,USD,15277.29,ATM,593.0,7580.255,Default,No,Accountant,60090.95,pat.anderson@outlook.com,Customer flagged for review,Normal,False
cust1061,TXN940417,27.0,Male,Fixed Deposit,Phoenix,2020-11-21,2022-10-16,6706.85,USD,2269.86,Deposit,619.0,-642.79,Default,No,Accountant,6736.08,mike.wilson@yahoo.com,Account dormant >6 months,Normal,False
CUST-1398,TXN924786,56.0,Unknown,Fixed Deposit,Los Angeles,2022-02-04,2022-11-17,7183.53,USD,618.64,Deposit,651.0,11035.06,Default,Yes,Accountant,16407.25,alex.moore@bank.org,Account dormant >6 months,Normal,False
CUST-1627,TXN626597,39.0,Female,Savings,New York,2019-07-20,2020-01-31,57.19,NGN,-0.01,Withdrawal,650.0,7580.255,Default,Yes,Teacher,4734.88,taylor.brown@outlook.com,Transaction verified by branch new york,Normal,False
CUST-2642,TXN124740,30.0,Female,Savings,Los Angeles,2023-02-10,2024-03-30,1289.24,NGN,251.38,Withdrawal,622.0,4326.78,Default,No,Doctor,6983.95,alex.davis@bank.org,Loan disbursed to account,Normal,False
CUST-2159,TXN538712,54.0,Female,Checking,Chicago,2019-03-14,2021-07-19,6664.97,USD,1707.52,Deposit,617.0,20089.7,Active,Unknown,unknown,10784.03,morgan.anderson@yahoo.com,KYC documents pending,Normal,False
CUST-2958,TXN405054,21.0,Female,Checking,New York,2020-10-26,2023-02-22,3200.13,USD,324.71,Deposit,615.0,23663.29,Default,Yes,Accountant,3194.96,mike.jackson@outlook.com,Unknown,Normal,False
CUST-1688,TXN945689,48.0,Male,Fixed Deposit,New York,2023-06-29,2024-01-07,2109.51,GBP,618.64,Deposit,665.0,4763.73,Active,No,Lawyer,3592.1,lee.moore@gmail.com,Loan disbursed to account,Normal,False
CUST-1599,TXN500699,45.0,Female,Savings,New York,2019-06-26,2020-07-18,2113.11,EUR,33.83,Deposit,527.0,13551.53,Default,Unknown,Doctor,6091.03,alex.wilson@yahoo.com,Unknown,Normal,False
CUST-2161,TXN589457,56.0,Female,Fixed Deposit,Phoenix,2022-06-17,2023-07-23,830.2,USD,198.74,ATM,607.0,-650.28,Default,No,Teacher,6180.67,john.moore@outlook.com,Unknown,Normal,False
CUST-1806,TXN524213,21.0,Unknown,Savings,Los Angeles,2018-07-20,2018-08-13,5582.03,EUR,2275.6,Deposit,735.0,10431.33,Closed,Yes,Lawyer,11098.8,chrissmithgmail.com,Account dormant >6 months,Normal,False
CUST--9722,TXN220466,46.0,Female,Checking,Los Angeles,2018-01-17,2021-03-09,5277.67,EUR,1981.43,Wire Transfer,671.0,4234.42,Closed,No,Teacher,10550.27,Unknown,Unknown,Normal,False
CUST-2303,TXN422678,48.0,Female,Checking,Houston,2021-07-22,2022-01-17,495.3,GBP,-288.97,Wire Transfer,480.0,16663.85,Closed,No,Engineer,6180.67,taylor.jones@outlook.com,Transaction verified by branch Houston,Normal,False
CUST--3805,TXN778096,73.0,Male,Checking,New York,2023-09-03,2023-09-03,3375.03,GBP,862.99,Deposit,459.0,17071.25,Active,No,Accountant,5138.61,mike.smith@yahoo.com,Unknown,Normal,False
CUST-1833,TXN624051,29.0,Female,Fixed Deposit,New York,2018-09-15,2021-01-27,2515.7,USD,693.15,ATM,668.0,3801.82,Active,Yes,Accountant,6180.67,patdavisgmail.com,Loan disbursed to account,Normal,False
CUST-2900,TXN133484,41.0,Female,Savings,New York,2021-09-25,2023-10-12,4067.2,USD,498.22,Deposit,768.0,1840.15,Unknown,Yes,Engineer,1353.12,morgan.taylor@bank.org,Customer flagged for review,Normal,False
CUST-2249,TXN737545,23.0,Male,Checking,New York,2019-10-03,2024-05-21,3051.91,USD,1218.14,Wire Transfer,731.0,41920.97,Active,Yes,Lawyer,5374.99,chris.brown@bank.org,Account dormant >6 months,Normal,False
CUST-2075,TXN103230,72.0,Female,Savings,Los Angeles,2021-05-30,2024-01-19,2766.06,NGN,-123.55,Wire Transfer,687.0,10839.45,Default,No,Teacher,7473.11,chris.miller@outlook.com,Unknown,Normal,False
CUST-2184,TXN623783,20.0,Male,Checking,Los Angeles,2018-01-28,2020-02-18,5575.84,EUR,682.54,Deposit,584.0,24151.62,Closed,Yes,Teacher,5567.9,mike.taylor@gmail.com,KYC documents pending,Normal,False
CUST-1484,TXN942613,25.0,Male,Savings,New York,2023-05-11,2023-11-22,246.23,USD,218.46,Deposit,740.0,2721.76,Default,Yes,Doctor,6180.67,john.smith@outlook.com,KYC documents pending,Normal,False
CUST-1261,TXN831396,28.0,Female,Fixed Deposit,Houston,2021-10-21,2023-10-23,10413.76,EUR,2187.94,Wire Transfer,644.0,1539.23,Closed,Yes,Teacher,10647.89,john.smith@yahoo.com,Transaction verified by branch Houston,Normal,False
CUST-2481,TXN961866,52.0,Female,Savings,Los Angeles,2020-04-18,2023-02-07,365.21,USD,27.02,Withdrawal,556.0,7580.255,Active,No,Accountant,664.01,alex.davis@outlook.com,Transaction verified by branch los angeles,Normal,False
CUST-2736,TXN798277,23.0,Unknown,Fixed Deposit,Chicago,2018-10-09,2020-10-02,28090.52,EUR,6548.06,Withdrawal,492.0,10807.85,Active,No,Lawyer,4688.24,morgan.jackson@bank.org,Loan disbursed to account,Normal,False
CUST-1589,TXN505132,59.0,Female,Checking,New York,2018-01-08,2021-05-31,6327.59,NGN,2314.65,Deposit,765.0,5654.64,Default,Yes,unknown,4585.33,lee.brown@bank.org,KYC documents pending,Normal,False
CUST-2110,TXN701070,54.0,Female,Current,New York,2018-05-23,2023-06-13,638.36,USD,7.35,Withdrawal,701.0,20501.34,Default,No,Teacher,6180.67,mike.taylor@gmail.com,KYC documents pending,Normal,False
CUST-1577,TXN391352,18.0,Male,Fixed Deposit,Houston,2021-11-01,2022-02-09,5610.41,GBP,2156.48,Wire Transfer,600.0,4636.42,Closed,No,Accountant,6180.67,jane.taylor@gmail.com,Auto-debit setup confirmed,Normal,False
CUST--2702,TXN455950,53.0,Female,Savings,Phoenix,2021-04-16,2022-11-21,5700.59,USD,2465.98,Deposit,727.0,21889.93,Unknown,No,Teacher,13018.99,john.anderson@gmail.com,Customer flagged for review,Normal,False
CUST-1541,TXN982584,63.0,Female,Fixed Deposit,New York,2018-12-11,2020-10-29,3816.7,USD,1169.12,ATM,663.0,10341.84,Default,No,Accountant,2341.51,Unknown,Loan disbursed to account,Normal,False
CUST-1731,TXN864648,57.0,Female,Fixed Deposit,Los Angeles,2023-07-30,2023-09-30,3064.39,GBP,848.89,Withdrawal,647.0,2277.13,Closed,No,Doctor,9435.93,jane.miller@outlook.com,Unknown,Normal,False
CUST-3047,TXN999867,54.0,Female,Savings,New York,2022-05-18,2023-10-05,2804.81,USD,813.68,Deposit,670.0,7580.255,Closed,Yes,Teacher,6180.67,taylor.miller@gmail.com,Account dormant >6 months,Normal,False
CUST-2814,TXN737325,42.0,Female,Current,Phoenix,2020-06-25,2021-09-20,10893.11,GBP,-0.01,Wire Transfer,647.0,7580.255,Default,No,Lawyer,12831.58,morgan.moore@outlook.com,Auto-debit setup confirmed,Normal,False
CUST-1739,TXN249961,64.0,Female,Savings,Houston,2021-02-24,2021-07-16,997.84,USD,234.84,Wire Transfer,546.0,7580.255,Active,No,Engineer,4247.55,jane.davis@yahoo.com,Loan disbursed to account,Normal,False
CUST-2772,TXN905235,56.0,Female,Savings,Phoenix,2023-03-04,2023-09-26,164.33,EUR,-306.33,Wire Transfer,548.0,3331.37,Active,No,Engineer,6180.67,mike.anderson@bank.org,Account dormant >6 months,Normal,False
CUST-2334,TXN110557,48.0,Female,Checking,Chicago,2018-10-04,2019-09-16,666.83,USD,321.82,ATM,719.0,9618.75,Closed,No,unknown,6159.19,morgan.brown@gmail.com,Transaction verified by branch CHI,Normal,False
CUST-1823,TXN943258,61.0,Female,Checking,New York,2023-03-06,2023-01-11,6312.96,GBP,23.62,Withdrawal,747.0,3371.88,Default,Unknown,Engineer,14853.09,lee.smith@bank.org,Unknown,Normal,False
CUST-2976,TXN588912,63.0,Male,Current,Houston,2020-01-08,2021-11-04,6701.1,EUR,1765.28,Withdrawal,624.0,7580.255,Default,Yes,Lawyer,14407.92,lee.anderson@bank.org,KYC documents pending,Normal,False
CUST-1593,TXN691056,18.0,Male,Fixed Deposit,Chicago,2019-12-26,2022-02-05,315.83,NGN,-12.75,ATM,643.0,1901.42,Default,Yes,unknown,6180.67,alex.jackson@yahoo.com,Loan disbursed to account,Normal,False
CUST-2948,TXN807893,48.0,Male,Savings,Los Angeles,,2018-03-01,10159.87,GBP,2550.26,Wire Transfer,674.0,7698.37,Default,No,Engineer,15137.51,chris.miller@bank.org,Unknown,Normal,False
CUST-1218,TXN984274,36.0,Female,Checking,New York,2023-11-19,2024-04-23,10343.45,USD,2112.55,Withdrawal,668.0,17515.92,Default,Yes,Teacher,818.01,jane.smith@yahoo.com,Unknown,Normal,False
CUST-2794,TXN665206,59.0,Female,Fixed Deposit,Phoenix,2022-08-02,2024-03-22,27673.1,GBP,869.33,Withdrawal,632.0,2137.35,Closed,Yes,Doctor,14448.05,morgan.taylor@yahoo.com,Loan disbursed to account,Normal,False
CUST-2452,TXN454683,33.0,Male,Checking,Chicago,2018-10-31,2022-10-25,27246.18,NGN,10885.32,ATM,647.0,29403.34,Active,Yes,Engineer,34159.4,chris.taylor@,Unknown,Normal,False
CUST-3190,TXN933756,37.0,Female,Savings,Phoenix,2023-01-23,2024-05-20,14523.76,USD,1230.95,Deposit,647.0,13393.79,Default,Yes,Doctor,29991.76,lee.jones@bank.org,Unknown,Normal,False
CUST-2190,TXN350843,25.0,Female,Checking,Chicago,2019-02-04,2020-01-16,5913.73,USD,9999999.0,Withdrawal,530.0,7580.255,Active,No,unknown,17511.06,lee.jackson@gmail.com,Loan disbursed to account,Normal,False
CUST-1989,TXN754358,72.0,Female,Checking,New York,2023-11-11,2024-06-14,1799.33,USD,656.49,Withdrawal,641.0,7580.255,Default,Yes,Lawyer,6180.67,sara.taylor@outlook.com,Transaction verified by branch new york,Normal,False
CUST-2518,TXN504198,54.0,Male,Fixed Deposit,New York,2022-01-31,2022-04-29,3946.11,GBP,9999999.0,ATM,646.0,3909.02,Unknown,Yes,Doctor,4768.8,john.moore@outlook.com,Unknown,Normal,False
CUST-1514,TXN752669,63.0,Male,Savings,Chicago,2024-06-15,2024-06-26,267.38,EUR,-37.22,Deposit,588.0,3165.6,Active,Unknown,Engineer,4582.91,chris.wilson@gmail.com,Transaction verified by branch CHI,Normal,False
CUST-2498,TXN783024,45.0,Male,Fixed Deposit,Chicago,2020-08-16,2022-08-13,2001.42,USD,426.57,Withdrawal,647.0,21513.4,Active,No,Accountant,6180.67,mike.taylor@bank.org,Customer flagged for review,Normal,False
CUST-1870,TXN884813,63.0,Female,Checking,Chicago,2020-01-03,2021-10-11,6515.37,NGN,469.4,Wire Transfer,663.0,2995.46,Default,No,Teacher,9536.35,john.davis@outlook.com,Auto-debit setup confirmed,Normal,False
CUST-1904,TXN228992,44.0,Female,Savings,Phoenix,2021-03-26,2024-01-16,1838.96,USD,574.72,ATM,537.0,14558.12,Unknown,No,Doctor,6180.67,sara.smith@yahoo.com,Loan disbursed to account,Normal,False
CUST-3125,TXN955272,20.0,Female,Fixed Deposit,Los Angeles,2019-02-07,2023-01-05,17203.54,EUR,4358.63,Wire Transfer,552.0,2678.81,Default,No,Accountant,25970.88,sara.miller@gmail.com,Loan disbursed to account,Normal,False
CUST-2048,TXN811098,45.0,Female,Checking,Phoenix,2022-10-23,2023-11-25,12163.76,USD,5427.0,Deposit,754.0,2718.56,Closed,Unknown,Accountant,22541.55,leebrowngmail.com,Loan disbursed to account,Normal,False
CUST-2938,TXN466112,24.0,Male,Savings,Los Angeles,2019-12-17,2020-07-11,7818.78,USD,3542.57,Deposit,625.0,2968.06,Active,No,Lawyer,10204.96,morgan.jackson@bank.org,Unknown,Normal,False
CUST-2375,TXN604403,42.0,Male,Fixed Deposit,Los Angeles,2022-05-01,2024-08-05,593.14,EUR,117.24,Deposit,647.0,537.75,Active,Yes,Engineer,6180.67,mike.anderson@bank.org,Unknown,Normal,False
CUST-1672,TXN777591,69.0,Female,Savings,Houston,2021-06-22,2022-06-05,2717.19,GBP,651.1,Deposit,719.0,4231.17,Default,Yes,Teacher,6180.67,morgan.brown@outlook.com,Loan disbursed to account,Normal,False
CUST-2729,TXN327709,28.0,Female,Current,New York,2023-05-21,2024-01-28,15818.75,EUR,618.64,Wire Transfer,656.0,6134.15,Active,Yes,Lawyer,26076.52,sara.moore@outlook.com,Auto-,Normal,False
CUST-2549,TXN985975,45.0,Male,Checking,New York,2020-04-16,2022-10-24,1342.36,EUR,192.71,Wire Transfer,571.0,40350.37,Unknown,Yes,Lawyer,4688.24,jane.miller@yahoo.com,Unknown,Normal,False
CUST-1772,TXN766543,33.0,Female,Savings,Los Angeles,2022-08-23,2023-12-03,3193.92,USD,15.56,Deposit,647.0,15762.94,Active,Yes,Accountant,12843.4,pat.miller@gmail.com,Auto-debit setup confirmed,Normal,False
CUST-1499,TXN691995,48.0,Male,Checking,New York,2023-07-14,2024-06-19,4731.87,GBP,162.21,ATM,671.0,-671.79,Active,Yes,unknown,2687.58,alex.jones@gmail.com,Auto-debit setup confirmed,Normal,False
CUST-1651,TXN849933,25.0,Male,Checking,Los Angeles,2020-05-31,2024-01-28,1328.41,EUR,-117.0,ATM,492.0,7580.255,Active,No,Accountant,6180.67,sara.miller@gmail.com,Loan disbursed to account,Normal,False
CUST-2298,TXN647536,71.0,Female,Fixed Deposit,Los Angeles,2022-03-31,2022-08-16,3882.47,USD,1397.95,Wire Transfer,628.0,8380.97,Default,Yes,Accountant,6448.96,chris.jackson@bank.org,Transaction verifie,Normal,False
CUST-1420,TXN103322,37.0,Male,Savings,Los Angeles,2022-08-01,2023-08-29,798.73,USD,-51.04,ATM,631.0,-492.95,Default,No,Doctor,3146.52,chris.miller@outlook.com,Unknown,Normal,False
CUST-1569,TXN770555,60.0,Female,Current,New York,2021-04-13,2023-05-10,8259.01,USD,1.27,Withdrawal,647.0,15777.06,Active,Yes,Teacher,9256.18,morgan.smith@outlook.com,KYC documents pending,Normal,False
CUST-1329,TXN116349,31.0,Unknown,Checking,New York,2018-03-01,2021-12-07,6269.94,USD,2455.01,Withdrawal,679.0,89627.33,Active,Yes,Doctor,4377.64,alex.brown@outlook.com,Auto-debit setup confirmed,Normal,False
CUST-2495,TXN573863,70.0,Male,Fixed Deposit,Los Angeles,2020-01-01,2021-06-19,1160.01,GBP,536.66,Wire Transfer,652.0,882.19,Unknown,Yes,Engineer,6180.67,alex.anderson@outlook.com,Loan disbursed to account,Normal,False
CUST-2461,TXN263837,28.0,Male,Checking,Chicago,2018-02-04,2023-10-04,915.29,USD,223.32,ATM,704.0,21215.83,Closed,Yes,Doctor,6180.67,jane.anderson@gmail.com,Auto-debit setup confirmed,Normal,False
CUST-2491,TXN413460,60.0,Female,Fixed Deposit,New York,2020-07-19,2021-09-07,11399.78,NGN,1552.19,Wire Transfer,628.0,11681.48,Default,Yes,Teacher,6180.67,Unknown,Loan disbursed to account,Normal,False
CUST-1179,TXN704272,49.0,Female,Current,Los Angeles,,2023-08-20,4977.26,USD,2270.85,Deposit,726.0,4550.97,Default,Yes,Engineer,2047.19,mike.miller@yahoo.com,Unknown,Normal,False
CUST-1633,TXN304144,35.0,Female,Current,Los Angeles,2020-04-20,2020-11-11,1166.17,USD,-100.59,Withdrawal,633.0,3640.81,Closed,Yes,Accountant,6180.67,mike.smith@bank.org,Customer flagged for review,Normal,False
CUST-2832,TXN467423,69.0,Male,Checking,New York,2019-08-08,2019-08-22,7615.78,GBP,671.31,Wire Transfer,758.0,761.39,Closed,Yes,Engineer,14832.39,morgan.taylor@gmail.com,Transaction verified by branch N.Y.,Normal,False
CUST-1557,TXN960251,61.0,Female,Fixed Deposit,New York,2024-06-22,2024-06-22,-1.0,EUR,419.45,ATM,630.0,7580.255,Active,Yes,Lawyer,6180.67,taylor.anderson@outlook.com,KYC documents pending,Normal,False
CUST-1390,TXN396287,46.0,Male,Current,Los Angeles,2018-12-04,2019-07-05,1837.17,GBP,861.48,Deposit,647.0,14132.47,Default,Unknown,Accountant,5403.3,pat.anderson@outlook.com,Transaction verified by branch LA,Normal,False
CUST-2749,TXN432660,64.0,Unknown,Current,Houston,2021-12-31,2024-10-03,2301.78,EUR,568.89,ATM,752.0,14335.4,Active,Unknown,Engineer,0.0,pat.anderson@bank.org,Unknown,Normal,False
CUST-1470,TXN736045,61.0,Female,Savings,New York,2022-01-03,2023-07-04,3077.79,USD,830.47,Wire Transfer,645.0,7580.255,Closed,No,Accountant,0.0,taylor.brown@outlook.com,Customer flagged for review,Normal,False
CUST-1365,TXN519487,52.0,Female,Checking,Los Angeles,2022-09-09,2024-06-21,569.61,NGN,-284.39,Wire Transfer,681.0,98027.13,Closed,Yes,Doctor,296.8,sara.brown@yahoo.com,KYC documents pending,Normal,False
CUST-3003,TXN410563,40.0,Female,Checking,Los Angeles,2019-10-13,2021-05-16,5298.52,EUR,997.48,Wire Transfer,756.0,1516.89,Default,Yes,Doctor,6180.67,taylor.taylor@bank.org,Customer flagged for review,Normal,False
CUST-1264,TXN967176,51.0,Male,Fixed Deposit,Houston,2022-12-17,2024-04-02,1374.62,USD,258.27,Wire Transfer,613.0,5247.48,Closed,Yes,Lawyer,564.27,jane.smith@outlook.com,Customer flagged for review,Normal,False
CUST-2592,TXN509821,18.0,Female,Fixed Deposit,Chicago,2021-07-15,2023-04-07,668.21,USD,464.06,ATM,614.0,3450.16,Default,Yes,Engineer,6180.67,taylor.davis@bank.org,Unknown,Normal,False
CUST-3112,TXN356566,48.0,Male,Checking,Los Angeles,2021-12-21,2022-10-20,2167.48,EUR,750.05,ATM,776.0,12088.34,Default,Yes,Doctor,2364.37,alex.moore@outlook.com,Customer flagged for review,Normal,False
CUST-1573,TXN181193,48.0,Female,Savings,Houston,2018-11-26,2021-05-26,6527.45,USD,1080.36,Wire Transfer,762.0,15528.78,Closed,Yes,Teacher,434.27,john.moore@gmail.com,Account dormant >6 months,Normal,False
CUST-1975,TXN144136,71.0,Unknown,Fixed Deposit,Chicago,2023-11-05,2024-02-27,4088.78,GBP,1664.83,Wire Transfer,562.0,10237.86,Active,Yes,Lawyer,7548.97,morgan.jones@yahoo.com,Customer flagged for review,Normal,False
CUST-1297,TXN490219,59.0,Male,Savings,New York,2022-11-12,2023-07-23,5914.31,USD,1762.28,Withdrawal,685.0,15409.24,Active,No,Doctor,17222.74,lee.jones@outlook.com,Customer flagged for review,Normal,False
CUST-1285,TXN860541,46.0,Female,Checking,New York,2022-08-27,2023-04-18,875.33,GBP,105.68,Deposit,618.0,8339.39,Default,Yes,Lawyer,7471.58,sara.wilson@bank.org,Loan disbursed to account,Normal,False
CUST-2602,TXN796796,44.0,Female,Current,Phoenix,2023-12-09,2023-10-15,10885.16,NGN,3381.03,Wire Transfer,413.0,4265.32,Unknown,No,Accountant,1062.09,chris.taylor@yahoo.com,KYC documents pending,Normal,False
CUST-1521,TXN649999,53.0,Female,Checking,Phoenix,2022-11-16,2023-10-20,868.15,EUR,363.65,Withdrawal,650.0,8028.07,Active,Yes,Accountant,6180.67,alex.smith@yahoo.com,Transaction verified by branch Phoenix,Normal,False
CUST-1356,TXN190277,47.0,Female,Checking,Chicago,2018-03-24,2020-08-30,1125.61,USD,286.71,Deposit,652.0,3751.93,Active,Yes,Accountant,2841.42,lee.miller@bank.org,Auto-debit set,Normal,False
CUST-1235,TXN538539,39.0,Male,Fixed Deposit,Chicago,2024-03-14,2024-05-19,2400.56,GBP,893.8,Wire Transfer,606.0,7841.98,Default,No,Engineer,6180.67,jane.taylor@gmail.com,Unknown,Normal,False
CUST-3009,TXN919151,70.0,Female,Savings,Los Angeles,2021-06-25,2024-05-10,1576.72,EUR,326.54,ATM,612.0,5960.75,Active,No,Accountant,6249.22,taylor.jones@yahoo.com,Transaction verified by branch los angeles,Normal,False
CUST-2757,TXN695006,53.0,Female,Savings,Los Angeles,2018-01-04,2018-09-29,87645.64,USD,38605.36,Deposit,647.0,1916.18,Default,Yes,Accountant,125071.5,lee.davis@bank.org,Loan di,Normal,False
CUST-1966,TXN666065,43.0,Female,Checking,New York,2018-02-19,2019-10-05,6254.75,USD,2016.12,ATM,581.0,2627.92,Default,No,Engineer,5318.08,taylor.moore@bank.org,Auto-debit setup confirmed,Normal,False
CUST-2746,TXN530718,50.0,Male,Savings,New York,2021-09-20,2023-05-08,1757.89,GBP,618.64,ATM,647.0,7580.255,Active,Unknown,Teacher,2008.81,sara.taylor@outlook.com,KYC documents pending,Normal,False
CUST-3097,TXN388811,49.0,Male,Fixed Deposit,Chicago,2020-03-16,2020-03-18,7191.01,USD,1769.78,Deposit,647.0,3608.46,Default,Yes,Lawyer,16179.83,morgan.jackson@yahoo.com,KYC documents pending,Normal,False
CUST-2137,TXN601786,48.0,Female,Fixed Deposit,Los Angeles,2019-04-14,2022-12-23,79034.71,USD,6980.14,Wire Transfer,779.0,11886.61,Default,Yes,Accountant,158856.55,taylor.taylor@yahoo.com,KYC documents pending,Normal,False
CUST-1149,TXN327558,73.0,Male,Savings,Houston,2019-04-26,2023-03-20,907.98,GBP,231.76,Wire Transfer,690.0,19259.41,Default,No,Engineer,6180.67,mike.smith@bank.org,Loan disbursed to account,Normal,False
CUST-2838,TXN794091,66.0,Male,Checking,Los Angeles,2022-12-20,2023-02-03,1146.8,USD,389.97,Withdrawal,626.0,7580.255,Active,Yes,Doctor,1406.86,jane.davis@bank.org,Account dormant >6 months,Normal,False
CUST-2850,TXN623767,49.0,Male,Current,Houston,2022-08-19,2024-02-19,19930.21,NGN,3380.73,Wire Transfer,640.0,4650.49,Active,Yes,Accountant,6343.71,alex.brown@bank.org,Unknown,Normal,False
CUST-1626,TXN355022,31.0,Female,Checking,Phoenix,2023-05-26,2024-04-13,177.7,USD,423.73,Withdrawal,681.0,3400.6,Closed,No,Engineer,2786.25,Unknown,Transaction verified by branch Phoenix,Normal,False
CUST-1552,TXN325561,18.0,Male,Savings,New York,2019-09-13,2021-07-30,385.77,GBP,55.05,Wire Transfer,647.0,12405.4,Active,Yes,unknown,615.01,john.taylor@yahoo.com,Unknown,Normal,False
CUST-2710,TXN614984,61.0,Female,Savings,New York,2023-11-08,2024-09-01,1640.2,NGN,-500.0,ATM,647.0,9427.7,Active,Yes,Accountant,6180.67,taylor.miller@gmail.com,Customer flagged for review,Normal,False
CUST-1782,TXN602408,38.0,Male,Savings,Los Angeles,2020-10-16,2022-04-08,506.33,USD,113.97,ATM,816.0,2937.28,Default,Yes,Doctor,6180.67,lee.anderson@gmail.com,Unknown,Normal,False
CUST-1562,TXN214140,37.0,Female,Savings,Chicago,2021-01-18,2022-10-09,57795.19,GBP,27097.24,Wire Transfer,779.0,8994.39,Closed,Yes,Accountant,25000.82,taylor.taylor@gmail.com,Unknown,Normal,False
CUST-2328,TXN156274,74.0,Male,Fixed Deposit,Chicago,2018-04-08,2020-06-05,3141.11,NGN,1176.52,ATM,759.0,9190.28,Default,Yes,Teacher,4688.24,john.jackson@bank.org,KYC documents pending,Normal,False
CUST-2035,TXN376177,48.0,Female,Checking,Houston,2024-02-29,2024-04-12,2146.73,USD,507.57,Wire Transfer,566.0,56681.04,Default,Yes,unknown,6180.67,taylor.taylor@outlook.com,Auto-debit setup confirmed,Normal,False
CUST-2569,TXN598562,53.0,Female,Current,Los Angeles,2021-02-22,2023-04-02,7611.04,EUR,2299.21,Withdrawal,754.0,7522.51,Active,No,Teacher,4954.43,mike.miller@bank.org,KYC documents pending,Normal,False
cust2301,TXN290403,30.0,Female,Savings,Chicago,2020-11-29,2021-11-12,45484.8,NGN,12071.2,Wire Transfer,772.0,7580.255,Active,Yes,Teacher,31041.49,morgan.brown@yahoo.com,KYC documents pending,Normal,False
CUST-1747,TXN977239,32.0,Female,Savings,Chicago,2019-07-28,2023-02-17,1206.85,USD,623.68,Withdrawal,687.0,3993.3,Closed,Yes,Lawyer,6180.67,morgan.moore@gmail.com,Loan disbursed to account,Normal,False
CUST-2732,TXN339766,22.0,Male,Checking,Phoenix,2019-07-04,2023-11-15,6012.13,GBP,2947.53,Wire Transfer,743.0,7580.255,Active,Yes,Teacher,6180.67,mike.davis@outlook.com,Transactio,Normal,False
CUST-2157,TXN222397,51.0,Female,Fixed Deposit,Los Angeles,2021-04-26,2023-08-29,10569.83,EUR,833.84,Deposit,686.0,1665.33,Closed,Yes,Lawyer,14795.09,lee.jackson@bank.org,Transaction verified by branch los angeles,Normal,False
CUST-1959,TXN927320,65.0,Male,Fixed Deposit,New York,2021-02-08,2023-05-26,1441.93,EUR,363.25,Wire Transfer,635.0,7580.255,Unknown,Yes,Teacher,1571.99,alex.jackson@yahoo.com,Loan disbursed to account,Normal,False
CUST-1347,TXN800423,68.0,Female,Checking,Los Angeles,2021-03-22,2023-01-17,23068.21,USD,11065.37,Wire Transfer,615.0,9157.22,Default,No,Lawyer,31686.41,chris.moore@bank.org,Transaction verified by branch Los Angeles,Normal,False
CUST-2090,TXN291837,44.0,Male,Checking,Los Angeles,2018-01-22,2018-12-15,2009.98,GBP,26.46,Deposit,590.0,15558.0,Default,Yes,Engineer,8542.99,mike.wilson@bank.org,KYC documents pending,Normal,False
CUST-2279,TXN971112,25.0,Male,Savings,Los Angeles,2024-04-19,2024-06-28,2109.32,USD,540.51,Withdrawal,645.0,7010.2,Default,Yes,Accountant,2777.76,taylor.anderson@outlook.com,Unknown,Normal,False
CUST-2101,TXN534167,18.0,Female,Savings,Los Angeles,,2024-09-03,12372.35,GBP,1082.12,ATM,638.0,5035.18,Active,No,Engineer,8501.28,mike.wilson@bank.org,Unknown,Normal,False
CUST-2788,TXN180351,72.0,Female,Fixed Deposit,Chicago,2022-12-20,2024-06-04,8295.83,NGN,2534.66,Wire Transfer,698.0,5377.46,Active,Yes,Lawyer,9591.23,Unknown,Customer flagged for review,Normal,False
CUST-3077,TXN978976,38.0,Male,Savings,Los Angeles,2021-04-06,2021-06-19,10783.12,USD,1824.34,Withdrawal,425.0,12509.75,Active,No,Doctor,10393.02,pat.jackson@gmail.com,Unknown,Normal,False
CUST-1316,TXN878920,64.0,Male,Savings,Los Angeles,2019-04-11,2023-04-29,1166.38,NGN,455.98,Deposit,689.0,10516.22,Default,Yes,Accountant,6180.67,jane.taylor@bank.org,Unknown,Normal,False
CUST-1339,TXN968386,69.0,Female,Checking,Chicago,2022-10-18,2024-05-06,70.17,EUR,491.14,ATM,538.0,1563.37,Active,No,Lawyer,5138.51,alex.davis@gmail.com,Account dormant >6 months,Normal,False
CUST-2376,TXN784026,50.0,Male,Savings,Phoenix,2019-06-14,2023-04-21,348.54,GBP,22.73,Wire Transfer,626.0,5663.26,Active,Yes,Accountant,6180.67,morgan.davis@yahoo.com,Unknown,Normal,False
CUST-1643,TXN823683,23.0,Female,Savings,Chicago,2019-06-21,2021-10-02,4755.05,NGN,1224.43,Wire Transfer,735.0,9804.88,Default,Yes,Lawyer,6498.1,chris.smith@gmail.com,Transaction verified by branch CHI,Normal,False
CUST-3140,TXN498701,43.0,Male,Savings,Los Angeles,2020-12-12,2021-02-15,14657.76,USD,5289.83,Wire Transfer,667.0,21331.33,Closed,Yes,Lawyer,8014.13,john.wilson@gmail.com,Unknown,Normal,False
CUST-1538,TXN723907,34.0,Female,Current,Los Angeles,2023-01-06,2023-02-23,507.14,EUR,416.74,Wire Transfer,647.0,16617.07,Active,Yes,Accountant,2758.22,Unknown,Loan disbursed to account,Normal,False
CUST-2368,TXN192431,39.0,Female,Checking,New York,2023-04-04,2024-05-27,752.18,EUR,153.79,Withdrawal,524.0,9352.76,Default,Yes,Doctor,4809.4,alex.davis@gmail.com,Transaction verified by branch N.Y.,Normal,False
CUST-1960,TXN578819,47.0,Female,Savings,Phoenix,2020-08-20,2023-01-21,4724.29,USD,1562.07,Wire Transfer,622.0,10703.74,Active,Yes,Teacher,2705.22,mike.anderson@,Customer flagged for review,Normal,False
CUST-2050,TXN368506,29.0,Male,Checking,New York,2021-06-02,2023-07-03,144.04,USD,315.41,Deposit,609.0,-242.66,Default,No,Teacher,380.01,jane.wilson@bank.org,Unknown,Normal,False
CUST-1426,TXN271328,34.0,Female,Savings,Los Angeles,2023-02-26,2023-09-04,16696.53,EUR,4446.54,Wire Transfer,654.0,12441.79,Active,No,Engineer,17005.87,pat.smith@outlook.com,Auto-debit setup confirmed,Normal,False
CUST-1326,TXN408287,29.0,Female,Checking,New York,2019-03-31,2024-06-04,11783.92,GBP,770.51,Wire Transfer,729.0,447.53,Active,Yes,unknown,32162.35,alex.wilson@yahoo.com,Unknown,Normal,False
CUST-2955,TXN547221,74.0,Male,Checking,New York,2024-10-03,2024-04-15,16682.85,EUR,2517.53,Withdrawal,647.0,651.42,Default,No,Accountant,17235.99,alex.jones@bank.org,Unknown,Normal,False
CUST-1653,TXN143709,48.0,Female,Checking,New York,2018-10-02,2022-06-03,8935.67,USD,1753.4,Deposit,675.0,12955.4,Default,Yes,Lawyer,1463.76,taylor.wilson@,Loan disburse,Normal,False
CUST-1161,TXN273565,58.0,Female,Checking,Los Angeles,2023-08-05,2023-08-31,10089.93,USD,-0.01,Wire Transfer,700.0,3536.9,Closed,No,Teacher,9888.14,mike.taylor@yahoo.com,Unknown,Normal,False
CUST-2830,TXN520934,44.0,Male,Savings,Los Angeles,2024-04-15,2024-06-11,31609.73,USD,11527.67,Deposit,647.0,19846.76,Active,Yes,Lawyer,55900.24,pat.anderson@bank.org,Customer flagged for review,Normal,False
cust8794,TXN430950,48.0,Female,Savings,Phoenix,2023-09-14,2023-11-20,992.88,NGN,206.14,Wire Transfer,819.0,21543.89,Active,Yes,Engineer,6180.67,jane.moore@outlook.com,Unknown,Normal,False
CUST-1255,TXN288085,50.0,Female,Savings,Los Angeles,2023-12-13,2024-01-11,3933.38,NGN,1743.7,Wire Transfer,706.0,4556.74,Active,Yes,Teacher,6186.06,john.wilson@gmail.com,Auto-debit setup confirmed,Normal,False
CUST-2905,TXN858964,47.0,Female,Savings,Houston,2024-01-03,2024-02-04,12798.95,USD,1216.1,Deposit,554.0,7580.255,Default,No,Doctor,4688.24,sara.miller@yahoo.com,Unknown,Normal,False
CUST-3004,TXN108256,48.0,Male,Current,Los Angeles,2019-05-16,2021-01-14,36893.87,USD,618.64,Deposit,544.0,10087.69,Active,No,Accountant,22291.29,pat.taylor@gmail.com,Unknown,Normal,False
CUST-2637,TXN696310,48.0,Male,Checking,Chicago,2023-01-29,2023-07-07,9313.78,NGN,4413.69,ATM,542.0,7580.255,Closed,Unknown,Lawyer,8743.0,lee.taylor@yahoo.com,Loan disbursed to account,Normal,False
CUST-2935,TXN154504,31.0,Male,Fixed Deposit,Chicago,2020-01-18,2022-10-21,796.74,NGN,222.39,Withdrawal,632.0,7580.255,Default,Unknown,Lawyer,728.05,lee.wilson@outlook.com,KYC documents pending,Normal,False
CUST-2542,TXN982850,48.0,Female,Fixed Deposit,Los Angeles,2020-09-28,2023-09-08,9447.9,USD,4314.6,Wire Transfer,649.0,12073.45,Default,Yes,Engineer,4688.24,chris.smith@,Customer flagged for review,Normal,False
CUST-2490,TXN353518,74.0,Female,Current,Chicago,2021-09-26,2023-07-16,712.0,GBP,9999999.0,Withdrawal,691.0,7580.255,Default,Unknown,Doctor,275.83,taylor.wilson@bank.org,Unknown,Normal,False
CUST-1448,TXN326632,66.0,Female,Checking,Chicago,2019-05-16,2023-11-23,1462.12,USD,618.64,Withdrawal,542.0,9194.67,Active,Yes,Lawyer,12415.39,morgan.taylor@bank.org,Unknown,Normal,False
CUST-1266,TXN654844,31.0,Male,Fixed Deposit,New York,2019-05-02,2019-12-13,1541.33,EUR,420.59,Wire Transfer,665.0,22739.18,Active,Yes,unknown,6180.67,lee.miller@yahoo.com,Unknown,Normal,False
CUST-2812,TXN781844,29.0,Male,Savings,Los Angeles,2020-12-15,2021-07-13,10375.97,USD,356.93,Wire Transfer,536.0,54808.8,Closed,No,unknown,15094.87,morgan.smith@bank.org,Account dormant >6 months,Normal,False
CUST-1635,TXN787031,23.0,Female,Checking,New York,2023-08-06,2024-04-14,10642.88,USD,1578.8,Wire Transfer,647.0,7580.255,Default,No,Doctor,20798.32,alex.smith@outlook.com,Transaction verified by branch new york,Normal,False
CUST-1304,TXN557311,44.0,Male,Checking,Chicago,2024-08-05,2024-06-21,2057.47,GBP,420.99,Withdrawal,569.0,6117.44,Active,Yes,Engineer,12081.18,alex.wilson@gmail.com,Transaction verified by branch Chicago,Normal,False
CUST-2006,TXN897694,34.0,Female,Fixed Deposit,Chicago,2021-03-30,2024-01-24,797.18,USD,264.57,ATM,639.0,18899.34,Active,Yes,Accountant,6180.67,lee.davis@bank.org,Unknown,Normal,False
CUST-2013,TXN352279,74.0,Male,Checking,Chicago,2022-11-22,2024-04-04,17329.46,USD,618.64,Deposit,622.0,13361.64,Default,No,Engineer,2559.95,alexjonesgmail.com,Customer flagged for review,Normal,False
CUST-3113,TXN732046,57.0,Female,Checking,Houston,2018-08-09,2023-04-22,10461.81,USD,723.59,ATM,613.0,7580.255,Default,Yes,unknown,6180.67,chris.wilson@yahoo.com,Auto-debit setup confirmed,Normal,False
CUST-1286,TXN399214,58.0,Female,Checking,Los Angeles,2023-04-13,2024-02-19,3970.51,NGN,618.64,Wire Transfer,541.0,17090.08,Default,No,Lawyer,7586.01,sara.smith@,Account dormant >6 months,Normal,False
CUST-1877,TXN331290,64.0,Female,Fixed Deposit,Los Angeles,2022-05-14,2022-07-27,6046.98,USD,-0.01,ATM,503.0,7580.255,Active,Unknown,Accountant,6180.67,lee.anderson@gmail.com,Loan disb,Normal,False
CUST-3196,TXN952587,45.0,Male,Fixed Deposit,Chicago,2020-08-23,2022-02-23,235900.13,GBP,71892.79,ATM,563.0,10235.27,Closed,No,Accountant,341500.45,john.smith@gmail.com,Customer flagged for review,Normal,False
CUST-2975,TXN136660,31.0,Female,Fixed Deposit,Los Angeles,2022-08-31,2022-08-31,9306.54,EUR,3423.11,ATM,772.0,12339.2,Default,Yes,Lawyer,22627.48,morgan.brown@yahoo.com,Account dormant >6 months,Normal,False
CUST-2133,TXN960467,56.0,Unknown,Current,New York,2022-12-31,2023-11-13,126.83,GBP,417.83,ATM,662.0,12066.0,Active,Yes,Lawyer,6180.67,pat.jackson@outlook.com,Unknown,Normal,False
CUST-1028,TXN945742,48.0,Female,Checking,Los Angeles,2024-06-15,2024-06-27,4847.05,NGN,-15.38,Withdrawal,595.0,14938.19,Active,Yes,Lawyer,13954.45,morgan.moore@yahoo.com,Unknown,Normal,False
CUST-2025,TXN911914,54.0,Male,Fixed Deposit,Los Angeles,2020-11-04,2021-02-13,5394.48,GBP,618.64,Wire Transfer,602.0,5122.31,Closed,Yes,Teacher,11106.11,pat.jackson@outlook.com,Unknown,Normal,False
CUST-2404,TXN122374,54.0,Female,Savings,Houston,2023-04-19,2023-09-21,1533.19,USD,125.58,Wire Transfer,640.0,8813.98,Default,Yes,Doctor,5175.88,chris.wilson@bank.org,Account dormant >6 months,Normal,False
CUST-2333,TXN625633,47.0,Male,Fixed Deposit,Phoenix,2021-10-08,2022-07-21,3169.68,USD,1403.62,ATM,618.0,13873.95,Closed,No,Engineer,5145.91,lee.davis@bank.org,KYC documents pending,Normal,False
CUST-1655,TXN508877,67.0,Male,Checking,Chicago,2019-08-03,2021-03-29,2436.35,GBP,1242.34,ATM,764.0,23903.18,Default,Yes,Doctor,6180.67,lee.moore@bank.org,Loan disbursed to account,Normal,False
CUST-1389,TXN663703,68.0,Male,Checking,New York,2023-10-25,2024-02-29,8764.2,EUR,4274.71,Wire Transfer,589.0,1955.09,Default,No,Engineer,22217.75,taylor.jones@outlook.com,Unknown,Normal,False
CUST-1527,TXN432039,69.0,Female,Fixed Deposit,Phoenix,2023-09-09,2024-05-14,1180.3,USD,492.52,Withdrawal,699.0,27007.89,Active,Yes,Accountant,629.48,sara.jackson@outlook.com,Auto-debit setup confirmed,Normal,False
CUST-2601,TXN446622,62.0,Male,Checking,Los Angeles,2018-09-15,2023-10-29,2810.97,USD,443.47,Deposit,565.0,23747.24,Active,No,Teacher,7192.31,sara.smith@yahoo.com,Auto-debit setup confirmed,Normal,False
cust7418,TXN647893,70.0,Female,Checking,New York,2023-02-05,2023-04-13,21033.79,USD,6376.7,Wire Transfer,605.0,7580.255,Active,No,Doctor,30078.78,taylor.taylor@bank.org,Unknown,Normal,False
CUST-1221,TXN647718,37.0,Female,Savings,Los Angeles,2021-03-07,2023-04-03,825.41,EUR,138.47,ATM,611.0,13081.83,Closed,Yes,Accountant,3167.93,john.brown@,Transaction verified by branch Los Angeles,Normal,False
CUST-1756,TXN829737,21.0,Female,Fixed Deposit,New York,2021-12-15,2024-01-05,1814.96,USD,317.54,Withdrawal,756.0,2448.45,Unknown,Unknown,Engineer,6809.91,alex.davis@outlook.com,KYC documents pending,Normal,False
CUST-3054,TXN325846,41.0,Female,Savings,Chicago,2020-04-13,2024-02-10,19230.26,USD,1604.13,Deposit,655.0,42836.35,Active,No,Doctor,16193.84,morgan.anderson@bank.org,Account,Normal,False
CUST-1251,TXN910749,39.0,Male,Savings,Los Angeles,2019-03-14,2020-09-26,13017.33,USD,2853.32,Wire Transfer,731.0,1285.79,Default,Unknown,Accountant,3105.69,chris.jones@bank.org,Unknown,Normal,False
CUST-3169,TXN145988,19.0,Male,Savings,Chicago,2021-01-27,2021-05-20,1089.5,GBP,69.77,ATM,561.0,12500.72,Closed,No,Doctor,6180.67,morgan.jones@bank.org,Transaction verified by branch CHI,Normal,False
CUST-2236,TXN663633,75.0,Male,Fixed Deposit,Los Angeles,2018-10-02,2023-11-23,7629.73,USD,618.64,Wire Transfer,529.0,3843.19,Closed,No,Teacher,3597.71,mike.wilson@outlook.com,Customer flagged for review,Normal,False
CUST-1230,TXN563031,48.0,Female,Checking,Los Angeles,2023-08-01,2023-01-08,653.17,EUR,-218.88,Deposit,715.0,8719.51,Closed,Yes,Teacher,6180.67,john.jones@outlook.com,Unknown,Normal,False
CUST-1950,TXN929282,74.0,Male,Fixed Deposit,Los Angeles,2018-10-01,2019-03-28,44271.11,USD,12408.31,ATM,782.0,6354.63,Active,Yes,Doctor,49984.98,sara.smith@gmail.com,Transaction verified by branch Los Angeles,Normal,False
CUST--2460,TXN841071,74.0,Female,Savings,Chicago,2023-11-13,2023-12-27,8470.2,NGN,2994.74,Withdrawal,647.0,6192.61,Closed,No,Teacher,6180.67,lee.taylor@gmail.com,Account dormant >6 months,Normal,False
CUST-1081,TXN216739,0.0,Male,Fixed Deposit,Los Angeles,2018-11-05,2020-12-18,6279.66,USD,2034.86,Deposit,701.0,37161.55,Default,Yes,Doctor,9329.57,morgan.jones@outlook.com,Account dormant >6 months,Normal,False
CUST-2725,TXN387783,30.0,Female,Checking,Chicago,2022-09-12,2024-06-18,6080.78,GBP,3101.02,Wire Transfer,517.0,14538.04,Active,No,Doctor,6656.03,taylor.jones@yahoo.com,Unknown,Normal,False
CUST-2883,TXN265088,73.0,Female,Current,Los Angeles,2023-01-24,2024-01-26,2424.52,USD,344.78,Deposit,556.0,5676.36,Default,Unknown,Lawyer,12394.95,alex.wilson@outlook.com,Unknown,Normal,False
CUST-2819,TXN419075,19.0,Male,Savings,Los Angeles,2023-06-16,2024-03-28,391.78,GBP,161.24,Deposit,636.0,8843.09,Active,Yes,Accountant,117.25,alex.anderson@gmail.com,Unknown,Normal,False
CUST-1799,TXN854782,29.0,Female,Fixed Deposit,Los Angeles,2020-05-25,2022-10-14,3672.36,USD,618.64,ATM,585.0,-558.08,Default,Yes,Lawyer,3659.99,chris.davis@gmail.com,Transaction verified by branch los angeles,Normal,False
CUST-2586,TXN372863,24.0,Female,Fixed Deposit,New York,2019-04-04,2021-08-24,16848.9,USD,7269.94,Withdrawal,619.0,2228.44,Default,No,Accountant,15649.86,john.taylor@bank.org,Auto-debit setup confirmed,Normal,False
CUST-2195,TXN204956,53.0,Female,Checking,Chicago,2020-01-13,2024-01-07,2017.34,NGN,-279.79,Deposit,632.0,6676.14,Active,Yes,Doctor,4233.93,taylor.wilson@yahoo.com,Transaction verified by branch CHI,Normal,False
CUST-3014,TXN651930,28.0,Female,Savings,New York,2022-02-27,2023-02-03,10617.51,USD,4400.04,Withdrawal,508.0,21920.28,Closed,No,Lawyer,21653.3,lee.miller@outlook.com,Unknown,Normal,False
CUST-2535,TXN626658,48.0,Female,Fixed Deposit,New York,2022-02-02,2024-02-29,4222.33,NGN,658.46,Withdrawal,622.0,7580.255,Closed,No,Lawyer,9611.11,mike.anderson@yahoo.com,Unknown,Normal,False
CUST-1422,TXN340216,28.0,Female,Fixed Deposit,New York,2019-12-22,2022-06-05,971.83,GBP,-438.44,Withdrawal,720.0,16930.02,Default,No,Engineer,6180.67,john.moore@yahoo.com,Loan disbursed to account,Normal,False
CUST-1090,TXN172933,32.0,Female,Checking,Los Angeles,2022-02-03,2022-09-05,2098.11,USD,512.77,Wire Transfer,711.0,5067.11,Closed,Yes,Engineer,5365.24,sara.taylor@bank.org,Auto-debit setup confirmed,Normal,False
CUST-2619,TXN148934,42.0,Female,Fixed Deposit,Los Angeles,2024-06-03,2024-06-25,4077.67,EUR,802.34,Withdrawal,618.0,-847.95,Default,No,Teacher,6180.67,lee.taylor@outlook.com,KYC documents pending,Normal,False
CUST-2056,TXN908828,63.0,Male,Checking,New York,2018-05-15,2023-09-01,10106.88,USD,3556.33,Withdrawal,631.0,32500.94,Unknown,No,Teacher,11517.87,mike.taylor@gmail.com,Account dormant >6 months,Normal,False
CUST-1283,TXN495727,33.0,Female,Savings,Los Angeles,2018-03-01,2018-11-14,6379.92,USD,2873.26,Wire Transfer,743.0,32278.58,Active,Yes,Lawyer,9999999999.0,chris.smith@gmail.com,KYC documents pending,Suspicious - Extreme,False
CUST-2341,TXN827226,47.0,Female,Checking,New York,2023-01-31,2023-10-24,14872.57,USD,156.82,Withdrawal,492.0,4504.74,Active,No,Accountant,6180.67,morgan.wilson@bank.org,Customer flagged for review,Normal,False
CUST-3048,TXN510720,21.0,Female,Fixed Deposit,Los Angeles,2022-12-26,2024-02-29,25602.63,USD,1516.66,Wire Transfer,595.0,7374.11,Closed,No,Teacher,15877.53,morgan.miller@bank.org,KYC documents pending,Normal,False
CUST-1406,TXN474426,44.0,Female,Fixed Deposit,New York,2022-06-10,2022-09-09,355.12,USD,-197.46,Deposit,527.0,28640.7,Unknown,No,Teacher,4688.24,alex.taylor@,Unknown,Normal,False
CUST-1829,TXN367709,63.0,Female,Savings,Los Angeles,2022-08-19,2023-08-08,2769.59,GBP,447.05,Deposit,676.0,34578.99,Active,No,Teacher,6564.52,mike.wilson@outlook.com,Loan disbursed to account,Normal,False
CUST-2887,TXN792912,72.0,Male,Checking,Phoenix,2024-03-22,2024-03-22,2694.13,USD,745.4,Wire Transfer,622.0,19972.09,Closed,No,Lawyer,4312.77,taylor.smith@bank.org,Loan disbursed to account,Normal,False
CUST-2109,TXN831111,52.0,Male,Checking,New York,2023-02-25,2024-03-03,555.53,USD,191.2,Wire Transfer,698.0,5475.96,Active,Yes,Doctor,6180.67,john.brown@outlook.com,Account dormant >6 months,Normal,False
CUST-1649,TXN823070,62.0,Male,Checking,Los Angeles,2023-03-15,2024-05-30,718.72,USD,171.53,ATM,540.0,18923.77,Default,Yes,Teacher,4688.24,pat.taylor@gmail.com,Unknown,Normal,False
CUST-2069,TXN652451,45.0,Female,Current,New York,2024-02-11,2024-01-06,341.11,GBP,222.96,Wire Transfer,696.0,7580.255,Unknown,Yes,Lawyer,6180.67,taylor.brown@bank.org,Customer flagged for review,Normal,False
CUST-2459,TXN712723,45.0,Female,Fixed Deposit,New York,2018-04-30,2023-06-05,-1.0,USD,347.91,Deposit,546.0,8590.82,Default,No,Accountant,4562.65,Unknown,Loan disbursed to account,Normal,False
cust8638,TXN897895,62.0,Male,Fixed Deposit,Los Angeles,2022-10-11,2022-12-31,1935.54,USD,89.26,ATM,628.0,1731.16,Closed,Yes,Doctor,9966.97,Unknown,Account dormant >6 months,Normal,False
CUST-1210,TXN555401,73.0,Female,Fixed Deposit,New York,2022-04-16,2022-05-28,3200.61,NGN,954.23,Wire Transfer,619.0,22165.51,Default,Yes,Engineer,439.81,mike.taylor@yahoo.com,Loan disbursed to account,Normal,False
CUST--6451,TXN533134,69.0,Female,Current,Houston,2022-02-20,2023-08-05,1613.3,EUR,618.64,Wire Transfer,559.0,25031.97,Active,Unknown,Accountant,2478.98,jane.davis@gmail.com,Loan disbursed to account,Normal,False
CUST--6011,TXN680567,66.0,Male,Savings,Los Angeles,2022-07-19,2023-11-18,1325.35,USD,-56.11,Deposit,618.0,5184.13,Active,No,Engineer,6180.67,morgan.moore@outlook.com,Loan disbursed to account,Normal,False
CUST--2698,TXN839920,72.0,Female,Savings,Chicago,2018-01-07,2018-07-24,798.4,EUR,189.82,ATM,688.0,36196.24,Unknown,Yes,Doctor,4688.24,chris.jones@outlook.com,Transaction verified by branch CHI,Normal,False
CUST-2896,TXN228509,63.0,Male,Savings,Los Angeles,2020-01-18,2022-12-27,7835.86,EUR,847.84,Deposit,647.0,7580.255,Default,No,Lawyer,12962.77,john.anderson@gmail.com,Auto-debit setup confirmed,Normal,False
CUST-2026,TXN188120,75.0,Female,Fixed Deposit,Phoenix,2022-09-20,2023-01-10,36903.65,EUR,16774.49,Deposit,736.0,925.49,Default,Yes,unknown,56838.16,sara.anderson@gmail.com,Unknown,Normal,False
CUST-1845,TXN378589,64.0,Female,Fixed Deposit,Los Angeles,2019-04-08,2020-09-25,1946.46,EUR,837.56,Wire Transfer,721.0,2053.17,Default,Yes,Doctor,3182.39,jane.brown@gmail.com,Loan disbursed to account,Normal,False
CUST-1875,TXN230904,62.0,Male,Savings,New York,2021-08-19,2023-01-31,3060.76,USD,226.66,Withdrawal,754.0,15751.69,Default,No,Lawyer,1982.08,chris.anderson@gmail.com,Customer flagged for review,Normal,False
CUST-2854,TXN502129,27.0,Male,Checking,Chicago,2024-04-02,2024-06-04,2994.67,EUR,955.83,Withdrawal,669.0,-200.19,Default,Yes,Accountant,3846.79,alex.davis@outlook.com,Unknown,Normal,False
CUST-1677,TXN495439,61.0,Female,Fixed Deposit,Chicago,2019-10-05,2022-01-09,661.11,USD,213.15,Wire Transfer,507.0,7475.6,Active,No,unknown,6180.67,jane.jones@outlook.com,Account dormant >6 months,Normal,False
CUST--4806,TXN860633,48.0,Male,Current,Chicago,2020-12-22,2021-05-20,131.48,GBP,297.21,ATM,575.0,2054.77,Default,Yes,Accountant,5943.69,chris.brown@gmail.com,Account dormant >6 months,Normal,False
CUST-2287,TXN559391,32.0,Female,Current,New York,2020-05-13,2021-02-04,1847.76,EUR,800.37,Deposit,643.0,9947.49,Closed,No,Engineer,6180.67,mike.taylor@bank.org,Auto-debit setup confirmed,Normal,False
CUST-2355,TXN646008,69.0,Female,Savings,Chicago,2021-03-15,2024-06-10,806.91,NGN,394.49,Wire Transfer,709.0,2582.88,Unknown,Yes,Doctor,1227.02,lee.anderson@,Unknown,Normal,False
CUST-1402,TXN762902,48.0,Male,Savings,Houston,2022-05-22,2023-02-05,5388.42,GBP,2005.59,Withdrawal,685.0,26812.71,Default,Yes,Doctor,6180.67,leewilsongmail.com,Auto-debit setup confirmed,Normal,False
CUST-2299,TXN531464,30.0,Female,Savings,Houston,2021-02-16,2021-08-26,559.9,GBP,382.19,ATM,602.0,1518.58,Unknown,No,Teacher,4688.24,chris.anderson@yahoo.com,Transaction verified by branch Houston,Normal,False
CUST-2922,TXN389381,48.0,Male,Savings,New York,2018-01-20,2021-03-31,980.2,USD,-25.12,Deposit,659.0,4917.47,Default,Unknown,Engineer,4629.05,Unknown,Unknown,Normal,False
CUST-1249,TXN319927,22.0,Male,Checking,Los Angeles,2021-07-07,2022-12-03,1326.58,USD,-130.3,Wire Transfer,665.0,3046.13,Default,No,Engineer,4165.65,pat.miller@yahoo.com,KYC documents pending,Normal,False
CUST-2546,TXN688560,25.0,Male,Savings,New York,2020-12-03,2021-04-06,2828.09,USD,272.04,Withdrawal,753.0,8562.94,Active,Yes,Lawyer,15531.43,taylor.davis@outlook.com,Auto-debit setup confirmed,Normal,False
CUST-2678,TXN130536,41.0,Female,Fixed Deposit,New York,2018-07-29,2018-11-27,121.06,USD,200.46,Deposit,647.0,31960.99,Active,No,Lawyer,855.54,sara.moore@gmail.com,Unknown,Normal,False
CUST-1171,TXN349556,38.0,Female,Checking,Los Angeles,2020-05-08,2022-04-25,339.64,USD,-205.17,Wire Transfer,592.0,7580.255,Default,No,Teacher,1840.45,jane.miller@gmail.com,Customer flagged for review,Normal,False
CUST-2292,TXN399024,43.0,Male,Savings,Los Angeles,2021-11-24,2022-01-11,9999999.0,EUR,1758160.92,Deposit,449.0,7580.255,Active,No,Accountant,4792540.98,morgan.jones@outlook.com,KYC documents pending,Normal,False
CUST-1555,TXN638648,26.0,Male,Savings,New York,2021-07-01,2024-05-12,1863.88,USD,910.54,Deposit,549.0,14831.6,Active,No,Lawyer,7612.19,sara.davis@outlook.com,Transaction verified by branch N.Y.,Normal,False
CUST-1189,TXN969005,65.0,Female,Savings,New York,2021-09-20,2021-11-14,3331.38,USD,1700.23,Wire Transfer,539.0,-327.37,Active,No,Doctor,6180.67,alex.taylor@gmail.com,Loan disbursed to account,Normal,False
CUST-1421,TXN125455,54.0,Female,Savings,Los Angeles,2022-01-12,2023-04-03,11735.54,GBP,1422.65,Wire Transfer,769.0,6178.78,Active,Unknown,Lawyer,4688.24,jane.anderson@outlook.com,Unknown,Normal,False
CUST-3056,TXN493268,24.0,Male,Fixed Deposit,Phoenix,2018-12-27,2024-06-28,2486.09,USD,618.64,Wire Transfer,617.0,18567.15,Default,Yes,unknown,6180.67,alex.moore@outlook.com,Transaction verified by branch Phoenix,Normal,False
CUST-2871,TXN561551,70.0,Female,Checking,Los Angeles,2020-01-02,2020-10-19,2581.17,NGN,1062.36,Wire Transfer,647.0,23112.22,Active,No,Accountant,6180.67,chris.taylor@gmail.com,KYC documents pending,Normal,False
CUST-1559,TXN590281,40.0,Female,Savings,Houston,,2023-07-18,1211.2,USD,-33.79,ATM,730.0,4086.2,Closed,Yes,unknown,4688.24,pat.moore@,Loan disbursed to account,Normal,False
CUST-2738,TXN602869,26.0,Female,Fixed Deposit,Phoenix,2023-05-21,2023-12-08,12883.92,USD,901.52,Deposit,536.0,21544.42,Active,No,Teacher,14138.31,chris.taylor@outlook.com,Account dormant >6 months,Normal,False
CUST-1341,TXN313953,41.0,Male,Current,Phoenix,2021-08-30,2023-07-17,9305.8,EUR,4588.31,Wire Transfer,658.0,7580.255,Active,Yes,Accountant,8239.93,mike.moore@gmail.com,Loan disbursed to account,Normal,False
CUST-2716,TXN230289,43.0,Female,Current,Chicago,2021-03-06,2021-06-16,8000.14,USD,163.62,Withdrawal,777.0,35073.83,Default,Yes,Accountant,7284.77,mike.smith@bank.org,Transaction verified by branch CHI,Normal,False
CUST-1802,TXN551215,55.0,Female,Savings,Chicago,2021-10-16,2022-06-16,2570.18,GBP,1345.88,Wire Transfer,447.0,16027.63,Unknown,No,Accountant,3778.01,pat.smith@outlook.com,Transaction verified by branch Chicago,Normal,False
CUST--9602,TXN715426,18.0,Male,Fixed Deposit,Los Angeles,2019-06-02,2020-02-18,7803.38,GBP,121.01,Wire Transfer,571.0,4882.27,Default,No,Doctor,8217.12,jane.miller@gmail.com,Account dormant >6 months,Normal,False
CUST-1684,TXN637277,35.0,Female,Fixed Deposit,New York,2020-09-02,2022-01-10,34164.36,USD,15894.23,Deposit,637.0,10890.26,Default,No,Engineer,36213.79,morgan.anderson@outlook.com,Unknown,Normal,False
CUST-2079,TXN238601,56.0,Male,Savings,New York,2021-02-11,2024-01-29,2029.57,USD,250.41,Wire Transfer,617.0,4746.88,Default,Yes,Lawyer,2505.36,chris.jackson@,KYC documents pending,Normal,False
CUST-1792,TXN313142,31.0,Female,Current,Phoenix,2023-12-10,2024-06-23,-99999.0,GBP,618.64,Deposit,479.0,12812.39,Default,No,unknown,6180.67,taylor.anderson@yahoo.com,Unknown,Normal,False
CUST-1370,TXN717545,57.0,Male,Current,Chicago,2019-12-25,2022-11-12,23988.06,EUR,6606.88,ATM,650.0,2182.36,Active,No,Teacher,39604.12,morgan.brown@yahoo.com,KYC documents pending,Normal,False
CUST-2235,TXN461486,49.0,Female,Checking,Houston,2021-04-17,2021-11-08,7757.45,USD,2310.7,ATM,745.0,1774.07,Closed,Yes,Engineer,14637.38,lee.moore@bank.org,Unknown,Normal,False
CUST-1695,TXN302576,23.0,Male,Savings,Los Angeles,2021-12-30,2022-02-23,9436.22,USD,3875.59,ATM,690.0,410954.47,Default,Yes,Engineer,6180.67,chris.davis@yahoo.com,Customer flagged for review,Normal,False
CUST-1885,TXN811053,51.0,Female,Current,Chicago,2024-01-15,2024-01-18,5598.69,USD,2475.51,ATM,647.0,7580.255,Active,Unknown,Accountant,6180.67,Unknown,KYC documents pending,Normal,False
CUST-2350,TXN456178,64.0,Unknown,Savings,New York,2019-04-27,2020-05-09,7077.51,EUR,2118.44,Wire Transfer,664.0,-424.01,Default,No,Teacher,10645.5,lee.miller@gmail.com,Auto-debit setup confirmed,Normal,False
CUST-1596,TXN788545,60.0,Male,Savings,Los Angeles,2020-03-15,2022-01-03,10348.52,USD,4128.66,Deposit,558.0,18375.58,Closed,No,Engineer,25779.21,leedavisgmail.com,Unknown,Normal,False
CUST-2622,TXN312027,21.0,Male,Checking,New York,2018-03-23,2022-12-02,2051.94,GBP,134.35,ATM,624.0,11095.99,Closed,Yes,Accountant,5696.37,sara.jones@yahoo.com,Customer flagged for review,Normal,False
CUST-1320,TXN764327,69.0,Unknown,Savings,Chicago,2018-09-05,2022-03-29,2778.37,USD,9999999.0,Withdrawal,647.0,8750.11,Closed,Yes,Doctor,6180.67,chris.anderson@bank.org,Unknown,Normal,False
CUST-2319,TXN736746,40.0,Unknown,Fixed Deposit,Los Angeles,2022-09-03,2022-10-11,573.31,GBP,350.43,Wire Transfer,662.0,15430.85,Default,Yes,Engineer,1554.13,lee.davis@,Account dormant >6 months,Normal,False
CUST-2460,TXN956532,55.0,Female,Checking,Chicago,2023-10-11,2024-06-30,5611.51,USD,618.64,ATM,513.0,3605.71,Closed,No,Lawyer,11096.17,pat.anderson@bank.org,KYC documents pending,Normal,False
cust9938,TXN408341,24.0,Female,Checking,Los Angeles,2020-12-05,2021-10-15,13312.36,USD,2353.49,Wire Transfer,710.0,6052.59,Closed,Yes,Accountant,17971.8,taylor.taylor@yahoo.com,Account dormant >6 months,Normal,False
CUST-2712,TXN108020,36.0,Female,Checking,Los Angeles,2020-07-10,2023-07-10,1420.43,USD,184.37,Deposit,647.0,25993.32,Active,No,Teacher,1558.4,morgan.miller@bank.org,Auto-debit setup confirmed,Normal,False
CUST-2084,TXN324191,37.0,Female,Savings,Los Angeles,2019-07-30,2021-12-22,2874.55,EUR,1322.49,Deposit,562.0,338.08,Default,No,Accountant,5704.7,taylor.jones@outlook.com,Account dormant >6 months,Normal,False
CUST-2807,TXN182334,75.0,Male,Fixed Deposit,New York,2022-02-10,2023-07-17,1853.78,USD,374.51,Wire Transfer,714.0,427.03,Active,Yes,Engineer,6180.67,sara.brown@outlook.com,Unknown,Normal,False
CUST--7551,TXN306386,48.0,Female,Fixed Deposit,Los Angeles,2018-03-09,2022-08-20,4219.24,GBP,545.01,Withdrawal,605.0,476.74,Active,No,Teacher,10858.14,Unknown,Customer flagged for review,Normal,False
CUST-2902,TXN278015,21.0,Female,Checking,New York,2018-09-20,2020-05-09,2568.37,EUR,114.24,ATM,493.0,5940.82,Active,No,Lawyer,8690.37,Unknown,Account dormant >6 months,Normal,False
CUST-1607,TXN507900,46.0,Female,Savings,Los Angeles,2022-05-31,2023-01-04,3340.69,GBP,1368.24,Wire Transfer,688.0,2350.39,Active,Yes,Engineer,7401.04,john.miller@outlook.com,KYC documents pending,Normal,False
CUST-2661,TXN909389,34.0,Male,Savings,New York,2023-08-19,2024-06-16,990.08,USD,-60.18,Wire Transfer,477.0,7857.42,Active,No,Engineer,6180.67,pat.taylor@gmail.com,Unknown,Normal,False
CUST-1493,TXN720213,57.0,Male,Fixed Deposit,Houston,2024-02-24,2024-03-31,40085.6,GBP,12768.46,ATM,701.0,13371.01,Default,Yes,unknown,32238.08,jane.jackson@yahoo.com,Customer flagged for review,Normal,False
CUST-2506,TXN297548,18.0,Male,Checking,New York,2019-05-23,2020-05-05,810.88,NGN,348.84,Deposit,709.0,4458.29,Closed,Yes,Lawyer,6180.67,lee.wilson@gmail.com,Customer flagged for review,Normal,False
CUST-1447,TXN508819,66.0,Male,Savings,Chicago,2020-07-27,2024-05-26,1484.86,USD,396.92,Withdrawal,672.0,6254.74,Active,No,Lawyer,5210.27,taylor.smith@outlook.com,Transaction verified by branch Chicago,Normal,False
CUST-1509,TXN192756,27.0,Male,Checking,New York,2020-12-27,2023-11-16,6465.71,USD,1498.26,Withdrawal,684.0,18041.13,Closed,Yes,Lawyer,13627.02,alex.taylor@outlook.com,Account dormant >6 months,Normal,False
CUST-1777,TXN896086,52.0,Female,Fixed Deposit,New York,2024-02-24,2024-02-28,28428.0,GBP,4121.41,Wire Transfer,647.0,4325.43,Default,Yes,Doctor,35184.23,chris.taylor@outlook.com,Transaction verified by branch New York,Normal,False
CUST-2052,TXN250581,63.0,Male,Checking,New York,2022-02-24,2023-12-07,1509.52,GBP,927.65,Withdrawal,579.0,17532.23,Default,No,Accountant,4445.46,chris.wilson@gmail.com,Auto-debit setup confirmed,Normal,False
CUST-3167,TXN521468,48.0,Female,Current,Chicago,2023-01-14,2023-11-12,2020.64,GBP,503.38,Wire Transfer,583.0,9138.02,Active,Unknown,Doctor,2925.17,mike.wilson@bank.org,Transaction verified by branch CHI,Normal,False
CUST-1428,TXN932138,59.0,Unknown,Savings,New York,2022-02-11,2022-11-05,37.26,EUR,88.4,Deposit,722.0,762.85,Default,Yes,Doctor,6180.67,Unknown,Account dormant >6 months,Normal,False
CUST-2136,TXN772414,74.0,Male,Checking,Houston,2024-02-14,2024-06-28,19565.2,EUR,4886.76,Wire Transfer,693.0,16576.38,Closed,Yes,Accountant,24568.58,chris.jackson@yahoo.com,Loan disbursed to account,Normal,False
CUST-1185,TXN979562,50.0,Male,Savings,Chicago,2021-08-11,2023-12-16,30538.03,GBP,14747.38,ATM,744.0,8669.08,Closed,No,Lawyer,54371.2,mike.anderson@gmail.com,Unknown,Normal,False
CUST-1183,TXN742686,59.0,Female,Savings,Los Angeles,2021-08-06,2023-02-26,600.98,USD,96.29,ATM,659.0,13554.03,Default,Yes,Lawyer,4722.41,morgan.anderson@outlook.com,Transaction verified by branch Los Angeles,Normal,False
CUST-1306,TXN861566,27.0,Female,Fixed Deposit,Chicago,2019-12-23,2024-01-24,3259.88,USD,1317.26,Deposit,647.0,12009.89,Closed,Yes,Doctor,9999999999.0,john.brown@yahoo.com,Transaction verified by branch Chicago,Suspicious - Extreme,False
CUST-1203,TXN563324,44.0,Unknown,Fixed Deposit,Chicago,,2024-04-26,365.82,GBP,223.27,ATM,597.0,4978.45,Default,Yes,Lawyer,6180.67,morgan.davis@yahoo.com,Customer flagged for review,Normal,False
CUST-2433,TXN171410,73.0,Male,Checking,Los Angeles,2022-01-08,2022-07-01,7509.7,EUR,927.25,ATM,577.0,-475.54,Default,Yes,Lawyer,2056.56,taylor.moore@gmail.com,Unknown,Normal,False
CUST-2318,TXN965160,70.0,Female,Savings,Los Angeles,2022-05-18,2024-05-05,2095.64,EUR,835.6,Wire Transfer,647.0,7580.255,Default,No,Lawyer,6080.98,john.jones@bank.org,Unknown,Normal,False
CUST-1834,TXN728381,44.0,Female,Fixed Deposit,Los Angeles,2021-05-23,2022-05-03,17888.05,USD,3052.3,Wire Transfer,654.0,10189.11,Closed,Yes,Teacher,29792.87,taylor.smith@bank.org,Unknown,Normal,False
CUST-2304,TXN893652,51.0,Male,Fixed Deposit,Chicago,2020-11-20,2022-12-01,240603.38,USD,37484.83,Withdrawal,576.0,4603.66,Active,Yes,Accountant,4688.24,taylor.jones@yahoo.com,Auto-debit setup confirmed,Normal,False
CUST-1794,TXN564835,18.0,Male,Fixed Deposit,Phoenix,2018-06-10,2019-05-30,55820.07,NGN,7886.24,ATM,664.0,12094.2,Unknown,No,Doctor,58630.52,alex.brown@bank.org,Loan disbursed to account,Normal,False
CUST-2289,TXN237632,20.0,Female,Checking,Los Angeles,2018-07-21,2018-11-22,422.31,USD,118.75,Withdrawal,621.0,8343.1,Closed,No,unknown,3997.68,chris.taylor@yahoo.com,Loan disbursed to account,Normal,False
cust9757,TXN536189,67.0,Female,Savings,Los Angeles,2018-11-09,2024-02-21,553.46,USD,86.45,Deposit,731.0,10630.64,Default,Yes,Lawyer,3435.83,jane.miller@outlook.com,Unknown,Normal,False
CUST-2440,TXN504223,71.0,Male,Checking,Los Angeles,2023-05-08,2023-05-13,25259.1,USD,1789.33,Wire Transfer,720.0,3783.53,Active,No,unknown,0.0,mike.jackson@gmail.com,KYC documents pending,Normal,False
CUST-2265,TXN124786,27.0,Male,Checking,New York,2024-05-07,2024-06-13,1088.69,NGN,449.62,Withdrawal,576.0,8162.96,Closed,No,Doctor,6180.67,sara.smith@bank.org,KYC documents pending,Normal,False
CUST-2448,TXN485372,18.0,Female,Checking,New York,2022-08-20,2022-09-25,874.07,GBP,91.66,Wire Transfer,696.0,7972.69,Default,Yes,unknown,7431.83,pat.jones@bank.org,KYC documents pending,Normal,False
CUST-1427,TXN360820,27.0,Female,Current,Los Angeles,2021-10-05,2024-01-20,3884.16,EUR,73.74,Wire Transfer,583.0,7580.255,Active,No,Doctor,1116.92,taylor.miller@gmail.com,Transaction verified by branch LA,Normal,False
CUST-1930,TXN821578,31.0,Male,Fixed Deposit,New York,2021-08-07,2022-01-11,9928.78,EUR,4422.78,Wire Transfer,647.0,2562.78,Default,Yes,Doctor,4130.82,lee.davis@yahoo.com,Loan disbursed to account,Normal,False
CUST-1760,TXN726068,58.0,Male,Checking,New York,2022-07-18,2023-06-01,20298.43,USD,6539.39,Wire Transfer,595.0,3741.87,Active,Yes,Engineer,25033.92,lee.anderson@yahoo.com,Auto-debit setup confirmed,Normal,False
CUST-1446,TXN228356,34.0,Female,Fixed Deposit,New York,2020-11-25,2023-07-23,2874.71,GBP,380.58,ATM,675.0,7580.255,Default,Yes,Accountant,8852.37,chris.anderson@outlook.com,Transaction verified by branch New York,Normal,False
cust7958,TXN489739,24.0,Female,Fixed Deposit,Los Angeles,2022-02-05,2022-04-24,1260.73,GBP,120.43,ATM,821.0,45594.54,Active,Unknown,unknown,4017.03,morgan.davis@yahoo.com,Auto-debit setup confirmed,Normal,False
CUST-1667,TXN972872,30.0,Female,Savings,New York,2021-01-30,2022-02-12,2377.35,NGN,988.08,Wire Transfer,613.0,9848.01,Active,No,Doctor,147.66,jane.jackson@bank.org,KYC documents pending,Normal,False
CUST--5252,TXN270757,27.0,Male,Savings,Phoenix,2021-12-29,2023-06-24,7256.49,USD,2243.73,Wire Transfer,676.0,2318.99,Closed,Unknown,Lawyer,18157.43,sara.brown@gmail.com,Customer flagged for review,Normal,False
cust5111,TXN383393,73.0,Male,Checking,New York,2019-07-28,2022-12-29,25989.5,EUR,2903.96,ATM,715.0,6130.53,Closed,Yes,Lawyer,39738.55,taylor.miller@bank.org,KYC documents pending,Normal,False
CUST-2486,TXN500654,70.0,Male,Fixed Deposit,Houston,2023-07-23,2023-08-06,887.68,NGN,334.94,Wire Transfer,566.0,48238.98,Default,Yes,Engineer,9163.6,alex.moore@bank.org,Account dormant >6 months,Normal,False
CUST-2128,TXN825448,66.0,Male,Checking,Los Angeles,2021-06-30,2023-09-02,8306.84,EUR,618.64,Deposit,695.0,4199.11,Default,Yes,Accountant,9616.98,sara.brown@bank.org,Customer flagged for review,Normal,False
CUST--3085,TXN701757,67.0,Female,Savings,Los Angeles,2020-03-09,2022-07-18,15459.06,GBP,3969.98,Withdrawal,409.0,14345.33,Active,No,Accountant,17307.25,chris.miller@yahoo.com,Account dormant >6 months,Normal,False
CUST-2405,TXN977709,59.0,Female,Fixed Deposit,Los Angeles,2023-06-10,2024-12-02,1529.64,GBP,723.45,Wire Transfer,646.0,3210.27,Active,No,Engineer,2251.8,sara.davis@yahoo.com,Auto-debit setup confirmed,Normal,False
CUST-1991,TXN558948,27.0,Female,Checking,Houston,2019-12-08,2023-11-25,1631.59,EUR,530.76,Wire Transfer,557.0,7580.255,Active,No,Doctor,2597.0,taylor.miller@yahoo.com,Unknown,Normal,False
CUST-2326,TXN799616,57.0,Female,Savings,Chicago,2020-05-25,2022-12-08,10040.59,USD,4866.76,Withdrawal,718.0,7164.29,Default,Yes,Lawyer,0.0,taylor.anderson@outlook.com,Account dorma,Normal,False
CUST-1914,TXN217080,52.0,Male,Fixed Deposit,Chicago,2021-05-14,2021-10-30,1247.66,EUR,-68.71,Withdrawal,642.0,6377.29,Active,Unknown,Accountant,6289.79,morgan.moore@outlook.com,Transaction verified by branch CHI,Normal,False
CUST-3155,TXN582699,48.0,Female,Savings,Chicago,2018-06-25,2019-11-07,6561.05,EUR,2221.11,Deposit,554.0,7580.255,Unknown,No,Doctor,4358.04,lee.jones@yahoo.com,Unknown,Normal,False
CUST-2482,TXN576652,50.0,Male,Savings,Houston,2023-04-27,2024-06-01,26725.73,EUR,623.22,Wire Transfer,647.0,33818.39,Default,No,Lawyer,49524.05,john.jones@gmail.com,KYC documents pending,Normal,False
CUST-1663,TXN615139,47.0,Female,Savings,Chicago,2019-05-21,2020-03-23,796.54,USD,558.15,ATM,607.0,5795.65,Closed,Yes,Doctor,1971.88,Unknown,Auto-debit setup confirmed,Normal,False
CUST-2744,TXN201520,48.0,Female,Fixed Deposit,Los Angeles,2020-06-06,2020-07-21,8818.06,USD,618.64,ATM,512.0,3200.54,Default,No,Engineer,5935.7,chris.wilson@yahoo.com,Unknown,Normal,False
CUST-1471,TXN870621,21.0,Female,Fixed Deposit,Los Angeles,2018-12-05,2021-09-23,307.79,USD,-350.25,Wire Transfer,523.0,10584.3,Default,No,Doctor,4688.24,taylor.smith@bank.org,Loan disbursed to account,Normal,False
CUST-2281,TXN251248,43.0,Male,Fixed Deposit,Los Angeles,2019-04-10,2020-06-01,24786.15,USD,2957.43,ATM,657.0,11365.72,Default,Yes,Doctor,3066.09,chris.jackson@gmail.com,Account dormant >6 months,Normal,False
CUST-2111,TXN240297,21.0,Female,Savings,Chicago,2018-01-11,2018-11-12,528.35,GBP,135.68,Withdrawal,647.0,4825.88,Active,Yes,Doctor,4688.24,mike.miller@gmail.com,Loan disbursed to account,Normal,False
CUST-2403,TXN696838,39.0,Male,Checking,Los Angeles,2022-05-15,2024-02-02,24054.04,EUR,618.64,Wire Transfer,755.0,2083.54,Default,No,Doctor,0.0,alex.wilson@outlook.com,KYC documents pending,Normal,False
CUST-1990,TXN432901,52.0,Male,Savings,Los Angeles,2019-01-07,2024-06-02,949.77,GBP,618.64,Withdrawal,602.0,19941.0,Closed,Yes,Teacher,4688.24,taylor.jones@outlook.com,Auto-debit setup confirmed,Normal,False
CUST-2926,TXN337108,34.0,Female,Checking,Los Angeles,2021-09-19,2023-02-04,20087.43,GBP,4391.13,Wire Transfer,582.0,7580.255,Unknown,Yes,Lawyer,19832.26,morgan.moore@bank.org,Transaction verified by branch LA,Normal,False
CUST-2361,TXN326484,27.0,Male,Savings,Chicago,2022-10-10,2023-05-13,4086.94,NGN,618.64,Withdrawal,587.0,26155.38,Active,Yes,Accountant,9866.09,lee.jones@gmail.com,Transaction verified by branch Chicago,Normal,False
cust4719,TXN877960,65.0,Male,Checking,Chicago,2021-08-12,2022-02-07,17060.16,USD,184.42,Deposit,706.0,20496.63,Active,Yes,Engineer,29490.46,taylor.smith@yahoo.com,Customer fla,Normal,False
CUST-1783,TXN297093,54.0,Female,Current,Los Angeles,2021-11-15,2023-01-01,5567.32,GBP,1694.22,Wire Transfer,571.0,24880.95,Closed,Yes,unknown,15633.17,sara.smith@bank.org,Loan disbursed to account,Normal,False
CUST-2397,TXN249336,65.0,Female,Fixed Deposit,Phoenix,2021-05-07,2022-07-05,1238.07,EUR,103.86,Wire Transfer,534.0,7580.255,Default,No,Engineer,6990.03,mike.wilson@gmail.com,Unknown,Normal,False
CUST-2512,TXN398732,55.0,Male,Savings,New York,2024-06-06,2024-06-20,3128.21,GBP,-308.49,Wire Transfer,651.0,44070.55,Default,No,Doctor,4688.24,chris.jackson@yahoo.com,KYC documents pending,Normal,False
CUST-1732,TXN783808,46.0,Female,Savings,Los Angeles,2023-01-09,2024-06-30,4037.95,USD,1880.95,Withdrawal,591.0,49914.26,Closed,Yes,Doctor,8677.32,morgan.taylor@gmail.com,Account dormant >6 months,Normal,False
cust2670,TXN811267,72.0,Male,Savings,New York,2023-04-25,2023-06-24,7905.4,GBP,2487.89,Deposit,797.0,2779.19,Default,No,Teacher,3522.41,Unknown,Unknown,Normal,False
CUST-1613,TXN800420,55.0,Female,Fixed Deposit,Chicago,2024-06-16,2024-06-20,3096.67,USD,-34.71,Withdrawal,648.0,4065.42,Default,Yes,Engineer,6180.67,john.miller@gmail.com,Unknown,Normal,False
CUST-3060,TXN631439,66.0,Female,Savings,Los Angeles,2018-08-30,2022-08-21,77474.49,NGN,36139.28,Deposit,584.0,2467.74,Active,No,Teacher,155753.55,pat.smith@gmail.com,Unknown,Normal,False
CUST-2704,TXN470225,38.0,Male,Checking,Phoenix,2020-12-01,2024-01-29,3984.27,NGN,94.95,Withdrawal,658.0,4282.07,Default,No,unknown,6738.18,mike.miller@gmail.com,Unknown,Normal,False
CUST-1309,TXN244935,59.0,Male,Fixed Deposit,New York,2023-12-22,2024-03-29,1122.01,GBP,341.4,Deposit,647.0,12384.07,Default,Yes,Teacher,4804.45,sara.wilson@yahoo.com,Auto-debit setup confirmed,Normal,False
CUST-2286,TXN347590,40.0,Male,Current,Phoenix,2022-09-15,2023-06-19,3115.5,NGN,1476.76,Wire Transfer,571.0,1988.59,Unknown,No,Engineer,1780.49,taylor.brown@outlook.com,Unknown,Normal,False
CUST-1735,TXN933200,61.0,Male,Fixed Deposit,Los Angeles,2019-10-21,2021-05-22,4745.72,NGN,-500.0,Deposit,645.0,7580.255,Active,Yes,Engineer,6180.67,pat.taylor@yahoo.com,Customer flagged for review,Normal,False
CUST-2923,TXN139802,57.0,Unknown,Checking,Los Angeles,2019-10-22,2023-05-15,49197.58,EUR,9096.1,Deposit,516.0,1094.73,Active,Yes,Teacher,60031.83,chris.miller@,Unknown,Normal,False
CUST-2634,TXN324449,49.0,Female,Current,Los Angeles,2019-12-06,2022-09-14,3417.8,USD,1146.88,ATM,507.0,36414.94,Closed,No,Engineer,8582.34,morgan.jones@bank.org,Transaction verified by branch None,Normal,False
CUST-1187,TXN564586,58.0,Female,Fixed Deposit,Chicago,2020-03-03,2023-12-31,23224.14,NGN,618.64,Withdrawal,704.0,23351.69,Unknown,No,Accountant,19894.44,chris.anderson@gmail.com,Auto-debit setup confirmed,Normal,False
CUST-3022,TXN746257,25.0,Male,Fixed Deposit,Chicago,2024-02-04,2024-04-20,3348.87,USD,488.82,ATM,685.0,8358.74,Default,Yes,Teacher,845.58,sara.moore@bank.org,Unknown,Normal,False
CUST-2845,TXN659426,64.0,Female,Checking,Los Angeles,2018-11-13,2023-03-04,7372.93,USD,895.55,Wire Transfer,553.0,4601.16,Active,No,Doctor,10887.06,morgan.brown@bank.org,Customer flagged for review,Normal,False
CUST-2009,TXN592987,58.0,Male,Fixed Deposit,New York,2024-03-28,2024-06-27,160.08,EUR,-0.85,Wire Transfer,647.0,31878.95,Active,Yes,Accountant,6180.67,alex.wilson@bank.org,Unknown,Normal,False
CUST-1290,TXN573870,60.0,Male,Savings,Los Angeles,2022-01-15,2024-02-07,1042.96,GBP,453.94,Withdrawal,528.0,4633.55,Closed,No,Lawyer,2255.23,jane.davis@bank.org,Unknown,Normal,False
CUST--7007,TXN259739,70.0,Male,Current,New York,2023-02-23,2024-02-13,7578.76,USD,3164.79,Deposit,680.0,24124.43,Closed,No,unknown,23013.2,john.smith@outlook.com,Loan disbursed to account,Normal,False
CUST-3066,TXN955535,53.0,Male,Checking,New York,2020-08-26,2023-03-29,-99999.0,EUR,-49239.38,Deposit,631.0,5268.88,Closed,Yes,Accountant,6180.67,lee.taylor@bank.org,Loan disbursed to account,Normal,False
CUST-2516,TXN917971,29.0,Female,Savings,Los Angeles,2022-08-07,2023-07-17,8102.61,GBP,32.87,Deposit,613.0,2106.42,Active,No,Accountant,8980.51,leejonesgmail.com,Unknown,Normal,False
CUST-1570,TXN289863,28.0,Female,Current,New York,2019-08-28,2022-07-20,223.92,USD,618.64,Wire Transfer,745.0,3037.63,Closed,Yes,Teacher,6180.67,lee.jackson@gmail.com,Unknown,Normal,False
CUST-2827,TXN885178,48.0,Female,Savings,Chicago,2023-02-17,2024-05-19,740.7,USD,618.64,ATM,668.0,8971.32,Closed,No,Engineer,2201.89,sara.moore@bank.org,Transact,Normal,False
CUST-1844,TXN619846,23.0,Female,Current,New York,2019-02-16,2021-07-09,2278.7,GBP,133.41,Deposit,705.0,16892.71,Closed,Unknown,Doctor,6180.67,lee.davis@yahoo.com,Transaction verified by branch N.Y.,Normal,False
CUST-2228,TXN184072,35.0,Male,Checking,Chicago,2021-07-30,2023-11-10,2893.75,EUR,5.52,ATM,737.0,57517.08,Active,Yes,Teacher,7880.25,Unknown,Unknown,Normal,False
CUST-2750,TXN285352,55.0,Male,Fixed Deposit,New York,2022-01-19,2022-11-19,3472.34,GBP,2001.56,Withdrawal,624.0,7580.255,Active,No,Accountant,787.49,lee.miller@bank.org,Unknown,Normal,False
CUST-2197,TXN189401,67.0,Female,Checking,Los Angeles,2022-07-01,2024-06-25,2940.18,EUR,1328.33,ATM,647.0,7580.255,Default,Unknown,Engineer,6180.67,lee.wilson@bank.org,Customer flagged for review,Normal,False
CUST-1611,TXN811218,18.0,Female,Current,Los Angeles,2024-03-02,2024-03-10,8428.53,GBP,371.8,Wire Transfer,787.0,59427.68,Default,Yes,Engineer,4688.24,john.moore@bank.org,Auto-debit setup confirmed,Normal,False
CUST-2858,TXN131627,60.0,Female,Fixed Deposit,Chicago,2020-03-17,2023-05-26,1527.46,USD,306.93,Withdrawal,647.0,13096.02,Closed,Yes,Lawyer,8322.77,john.taylor@gmail.com,KYC documents pending,Normal,False
CUST-2563,TXN203404,57.0,Female,Checking,Los Angeles,2019-06-12,2021-02-26,361.18,USD,16.21,Deposit,639.0,8979.02,Active,No,Teacher,6180.67,sara.wilson@bank.org,Customer flagged for review,Normal,False
CUST-2953,TXN929648,20.0,Female,Savings,Los Angeles,2019-11-29,2021-03-21,9914.69,USD,2746.31,ATM,735.0,7580.255,Default,Yes,Lawyer,4688.24,lee.taylor@outlook.com,Loan disbursed to account,Normal,False
CUST-1571,TXN160329,67.0,Female,Checking,New York,2019-08-17,2021-12-20,5961.58,EUR,1528.99,Deposit,629.0,7580.255,Default,No,Engineer,4688.24,morgan.davis@yahoo.com,Auto-debit setup confirmed,Normal,False
CUST-1498,TXN921739,41.0,Female,Savings,Los Angeles,2022-07-20,2023-08-10,312.79,USD,137.86,Withdrawal,687.0,23999.45,Closed,Yes,Accountant,761.35,lee.davis@bank.org,Account dormant >6 months,Normal,False
CUST-2816,TXN287935,56.0,Female,Savings,New York,2021-08-17,2021-08-20,34966.4,GBP,12632.97,ATM,783.0,7580.255,Default,Yes,Engineer,23991.98,chris.miller@bank.org,Customer flagged for review,Normal,False
CUST-1135,TXN587192,48.0,Male,Fixed Deposit,New York,2018-06-29,2022-01-11,2655.39,USD,142.43,Withdrawal,672.0,7580.255,Closed,Yes,Doctor,2519.89,alex.jones@yahoo.com,Account dormant >6 months,Normal,False
CUST-1305,TXN391248,35.0,Male,Savings,Houston,2018-01-06,2022-02-25,7795.21,USD,474.07,Withdrawal,647.0,32838.45,Active,No,Accountant,15626.12,taylor.anderson@outlook.com,Unknown,Normal,False
CUST-1708,TXN612900,69.0,Female,Checking,New York,2021-08-01,2021-10-25,12067.7,USD,2278.17,Deposit,647.0,7580.255,Default,No,unknown,11248.34,taylor.smith@yahoo.com,Account dormant >6 months,Normal,False
CUST-3013,TXN775833,49.0,Female,Savings,Phoenix,2020-12-28,2024-02-05,953.65,USD,-93.87,Wire Transfer,660.0,2798.85,Active,Yes,Accountant,3198.93,jane.davis@bank.org,Unknown,Normal,False
CUST-3027,TXN479559,60.0,Male,Fixed Deposit,New York,2020-03-23,2021-11-27,15777.92,USD,4761.35,ATM,624.0,30809.26,Closed,No,Lawyer,4688.24,mike.smith@outlook.com,Transaction verified by branch N.Y.,Normal,False
CUST-2385,TXN387626,19.0,Male,Fixed Deposit,New York,2018-12-23,2019-01-21,2154.29,USD,339.72,ATM,756.0,7580.255,Active,Yes,Accountant,4688.24,Unknown,Auto-debit setup confirmed,Normal,False
CUST-2272,TXN826612,61.0,Male,Fixed Deposit,Los Angeles,2019-05-04,2020-01-17,619.72,USD,618.64,Wire Transfer,691.0,5432.2,Default,No,Engineer,6180.67,sara.wilson@outlook.com,Unknown,Normal,False
cust7130,TXN743668,67.0,Female,Checking,Houston,2023-01-10,2023-07-15,1305.31,GBP,330.26,Wire Transfer,609.0,6989.89,Default,No,Doctor,6180.67,taylor.brown@gmail.com,Unknown,Normal,False
CUST-2940,TXN854498,19.0,Male,Savings,New York,2024-06-18,2024-06-20,2770.69,GBP,-71.13,Withdrawal,829.0,13048.52,Active,Yes,Lawyer,432.01,sara.anderson@bank.org,Unknown,Normal,False
CUST-1328,TXN248513,19.0,Male,Checking,Houston,2022-03-28,2023-12-29,1169.52,USD,896.56,Wire Transfer,634.0,10071.18,Active,No,Teacher,4688.24,mike.taylor@outlook.com,Auto-debit setup confirmed,Normal,False
CUST-2103,TXN955681,74.0,Male,Fixed Deposit,Los Angeles,2018-03-17,2019-03-05,2822.86,USD,1268.26,Withdrawal,608.0,175757.48,Default,No,Doctor,8035.56,taylor.jones@outlook.com,KYC documents pending,Normal,False
CUST-2129,TXN449008,62.0,Male,Fixed Deposit,New York,2020-03-26,2022-09-24,8665.6,NGN,618.64,ATM,714.0,3470.09,Active,Yes,Engineer,3476.95,jane.miller@bank.org,Auto-debit setup confirmed,Normal,False
CUST-3104,TXN374690,55.0,Female,Fixed Deposit,Phoenix,2023-11-27,2024-01-01,22843.67,USD,4388.46,Withdrawal,683.0,4931.26,Default,Yes,unknown,22172.7,jane.wilson@outlook.com,Auto-debit setup confirmed,Normal,False
CUST-2709,TXN213252,73.0,Male,Fixed Deposit,Phoenix,2024-03-20,2024-03-21,34852.66,USD,515.42,Wire Transfer,696.0,6781.66,Default,Yes,Accountant,12938.72,chris.davis@gmail.com,Account dormant >6 months,Normal,False
CUST-1827,TXN197955,48.0,Male,Checking,New York,2018-06-09,2019-08-11,191.04,USD,-205.31,Deposit,769.0,51932.62,Closed,Yes,Lawyer,6180.67,chris.wilson@gmail.com,Unknown,Normal,False
CUST-1418,TXN359026,68.0,Female,Fixed Deposit,New York,2023-06-07,2024-01-28,36022.13,EUR,4726.27,ATM,647.0,12949.01,Default,Yes,unknown,65931.48,lee.moore@yahoo.com,Transac,Normal,False
CUST-1729,TXN752185,32.0,Male,Checking,New York,2020-01-21,2022-09-07,4050.45,EUR,292.52,ATM,618.0,11130.6,Active,No,Lawyer,1569.19,alex.smith@yahoo.com,Unknown,Normal,False
CUST-1993,TXN114355,62.0,Male,Fixed Deposit,Phoenix,2020-09-11,2021-12-11,1851.91,USD,895.55,Withdrawal,665.0,56859.73,Active,No,unknown,5941.18,morgan.miller@bank.org,Transaction verified by branch Phoenix,Normal,False
CUST-2119,TXN832055,48.0,Male,Checking,New York,2021-05-28,2023-08-12,402.66,USD,75.51,Withdrawal,684.0,10303.16,Active,No,Teacher,6386.92,mike.miller@outlook.com,Customer flagged for review,Normal,False
CUST-3152,TXN545377,54.0,Female,Checking,Los Angeles,2019-11-06,2021-08-15,2935.67,NGN,396.44,Deposit,591.0,3253.26,Closed,Yes,Lawyer,4904.5,morgan.moore@,Account dormant >6 months,Normal,False
CUST-1134,TXN769989,47.0,Female,Savings,New York,2019-08-12,2023-01-22,51286.84,GBP,17256.4,Wire Transfer,589.0,3329.19,Default,Yes,Accountant,32330.2,jane.jackson@gmail.com,Account dormant >6 months,Normal,False
CUST-2436,TXN300039,75.0,Male,Checking,Phoenix,2020-09-29,2023-04-12,21622.59,USD,5495.96,Deposit,577.0,21120.38,Active,No,Lawyer,40893.63,taylor.moore@outlook.com,Loan disbursed to account,Normal,False
CUST-1175,TXN121215,68.0,Male,Checking,Houston,2022-12-20,2024-02-19,4171.95,GBP,1911.53,ATM,657.0,3740.56,Active,Yes,Engineer,4688.24,john.miller@bank.org,Customer flagged for review,Normal,False
CUST-1273,TXN157076,51.0,Female,Fixed Deposit,Los Angeles,2023-01-03,2023-06-03,553.31,USD,98.83,Deposit,663.0,13259.26,Active,Yes,Lawyer,2038.33,pat.jackson@gmail.com,Account dormant >6 months,Normal,False
CUST-3137,TXN736978,64.0,Female,Savings,New York,2021-12-08,2023-05-10,927.54,GBP,86.92,Deposit,628.0,-681.53,Active,Yes,Accountant,9645.85,mike.brown@gmail.com,Customer flagged for review,Normal,False
CUST-2175,TXN941081,54.0,Male,Checking,Phoenix,2020-04-17,2021-10-07,1379.05,USD,389.37,Withdrawal,792.0,8212.81,Default,Yes,Engineer,1035.07,lee.smith@bank.org,Loan disburs,Normal,False
CUST-2675,TXN494063,73.0,Female,Fixed Deposit,Los Angeles,2018-12-06,2021-10-28,3015.71,NGN,296.71,Wire Transfer,605.0,1245.13,Active,Yes,Doctor,4688.24,jane.jackson@outlook.com,Auto-debit setup confirmed,Normal,False
CUST-2897,TXN215049,67.0,Male,Fixed Deposit,Chicago,2021-05-29,2024-03-20,3975.9,EUR,1268.57,ATM,675.0,7056.22,Default,Yes,Accountant,4656.67,jane.moore@bank.org,Loan disbursed to account,Normal,False
CUST-3075,TXN681377,51.0,Male,Fixed Deposit,Chicago,2019-09-29,2022-07-27,3479.61,USD,18.18,Wire Transfer,572.0,7804.35,Default,Unknown,Accountant,8237.46,jane.taylor@bank.org,Auto-debit setup confirmed,Normal,False
CUST-2543,TXN437178,50.0,Female,Checking,Los Angeles,2021-05-25,2022-04-20,207.16,USD,156.55,ATM,631.0,16439.75,Default,Yes,Lawyer,4046.91,lee.jones@outlook.com,Customer flagged for review,Normal,False
CUST-2029,TXN733868,31.0,Male,Checking,New York,2024-02-15,2024-04-21,2685.71,USD,-151.95,Withdrawal,734.0,4495.75,Default,Yes,unknown,6180.67,pat.moore@bank.org,KYC documents pending,Normal,False
CUST-1847,TXN856255,46.0,Male,Fixed Deposit,Los Angeles,2024-04-23,2024-05-19,9377.28,EUR,2729.32,Deposit,599.0,14712.33,Default,No,Lawyer,6826.65,pat.brown@yahoo.com,Unknown,Normal,False
CUST-2344,TXN650951,39.0,Male,Savings,Chicago,2023-05-02,2024-06-30,18540.64,EUR,2152.36,Wire Transfer,621.0,7580.255,Default,No,Teacher,7635.86,jane.jackson@gmail.com,KYC documents pending,Normal,False
CUST-2022,TXN780991,49.0,Female,Checking,Los Angeles,2018-07-28,2022-03-10,368.06,EUR,388.98,Deposit,554.0,10783.83,Closed,No,Accountant,6180.67,sara.taylor@outlook.com,Transaction verified by branch Los Angeles,Normal,False
CUST-1608,TXN929513,64.0,Female,Current,Los Angeles,2022-02-11,2023-05-21,11281.69,USD,2335.55,Deposit,653.0,16047.83,Default,No,Accountant,14721.52,morgan.wilson@bank.org,KYC documents pending,Normal,False
CUST-1810,TXN132473,52.0,Female,Checking,Houston,2023-03-23,2023-12-26,32303.81,EUR,2814.09,Wire Transfer,558.0,7248.07,Closed,No,Accountant,28094.19,morgan.jackson@yahoo.com,Account dormant >6 months,Normal,False
CUST-3016,TXN746107,35.0,Female,Checking,New York,2021-01-27,2023-08-31,713.68,GBP,267.61,Withdrawal,643.0,7580.255,Default,Yes,Accountant,6180.67,morgan.miller@yahoo.com,Unknown,Normal,False
CUST-1707,TXN492264,57.0,Male,Savings,New York,2022-03-08,2024-05-09,9567.35,EUR,2991.52,Wire Transfer,771.0,3137.19,Active,Yes,Lawyer,21985.13,alex.smith@bank.org,Customer flagged for review,Normal,False
CUST-1487,TXN182976,56.0,Female,Savings,Phoenix,2022-08-01,2024-05-15,12673.61,USD,781.91,Deposit,551.0,4480.71,Default,No,Teacher,10343.94,morgan.wilson@outlook.com,KYC docume,Normal,False
CUST-2217,TXN779461,50.0,Female,Checking,Los Angeles,2023-03-17,2024-05-07,2600.31,USD,587.9,Withdrawal,702.0,21245.64,Active,Yes,Lawyer,4688.24,lee.miller@bank.org,Transaction verified by branch None,Normal,False
CUST-1967,TXN278539,57.0,Unknown,Savings,Los Angeles,2024-02-29,2024-09-04,1329.99,NGN,361.72,Deposit,501.0,8480.22,Default,Yes,Teacher,3227.02,chris.jackson@bank.org,Unknown,Normal,False
CUST-1851,TXN938991,39.0,Female,Fixed Deposit,Chicago,2022-03-09,2023-09-10,4101.51,NGN,808.59,Withdrawal,615.0,12186.12,Active,Unknown,Doctor,8888.05,taylor.wilson@yahoo.com,Auto-d,Normal,False
CUST-2011,TXN553190,63.0,Male,Checking,Los Angeles,2022-04-03,2023-12-19,5041.99,NGN,624.03,Deposit,658.0,4999.9,Closed,No,unknown,6180.67,john.miller@bank.org,KYC documents pending,Normal,False
CUST-1248,TXN664570,47.0,Male,Current,Los Angeles,2023-04-08,2023-09-17,9089.69,EUR,3725.31,Deposit,635.0,8253.84,Closed,Yes,Doctor,5199.29,pat.wilson@gmail.com,KYC documents pending,Normal,False
CUST-1853,TXN207312,71.0,Male,Savings,Phoenix,2020-10-23,2021-08-21,130.36,EUR,93.62,Withdrawal,827.0,5653.11,Active,Yes,unknown,6180.67,taylor.anderson@bank.org,Unknown,Normal,False
CUST-2606,TXN292183,18.0,Male,Checking,Phoenix,2022-04-26,2024-03-11,616.91,GBP,4.44,Wire Transfer,613.0,7580.255,Default,Yes,Engineer,2075.26,lee.smith@outlook.com,KYC documents pending,Normal,False
CUST-1502,TXN964286,22.0,Female,Savings,Houston,2023-08-14,2023-10-17,1219.88,GBP,627.96,Wire Transfer,647.0,186791.54,Default,Yes,Engineer,6175.28,mike.davis@yahoo.com,Auto-debit setup confirmed,Normal,False
CUST-2373,TXN155274,37.0,Male,Current,Los Angeles,2022-01-31,2022-11-06,1885.28,GBP,524.08,Withdrawal,806.0,7622.83,Active,Yes,Accountant,6180.67,chris.brown@yahoo.com,Customer flagged for review,Normal,False
CUST-1440,TXN356779,72.0,Female,Fixed Deposit,New York,,2023-02-13,4859.52,GBP,191.95,ATM,647.0,11367.16,Default,Yes,Accountant,4843.6,sara.jones@gmail.com,KYC documents pending,Normal,False
CUST-2939,TXN768908,48.0,Female,Fixed Deposit,Los Angeles,2019-02-22,2021-09-18,1720.7,GBP,867.78,Withdrawal,651.0,3020.99,Default,Yes,Doctor,5216.97,taylor.anderson@outlook.com,Unknown,Normal,False
CUST-2087,TXN507233,75.0,Female,Checking,New York,2022-04-17,2023-02-19,2001.38,GBP,659.1,Deposit,640.0,10554.09,Active,Yes,Lawyer,1346.49,morgan.smith@bank.org,Loan disbursed to account,Normal,False
CUST-2215,TXN446865,64.0,Female,Checking,Houston,2020-07-04,2021-02-16,11095.12,NGN,2256.24,ATM,701.0,7580.255,Active,Unknown,Accountant,6180.67,taylor.jackson@yahoo.com,Account dormant >6 months,Normal,False
CUST-1832,TXN445641,53.0,Male,Fixed Deposit,Los Angeles,2020-07-02,2020-10-04,128969.97,GBP,43150.65,ATM,647.0,15375.69,Active,Yes,Lawyer,223742.77,mike.moore@yahoo.com,Loan disbursed to account,Normal,False
CUST-1640,TXN126148,32.0,Female,Checking,Houston,2022-12-27,2023-08-29,26469.11,USD,4710.73,Wire Transfer,713.0,8811.62,Active,No,Accountant,28403.96,morgan.jackson@bank.org,Transaction verified by branch Houston,Normal,False
CUST-2708,TXN288810,60.0,Male,Fixed Deposit,Los Angeles,2018-03-25,2022-06-19,3975.22,EUR,952.36,Withdrawal,605.0,12431.17,Active,No,unknown,14665.76,mike.jackson@bank.org,Unknown,Normal,False
CUST-2566,TXN709869,72.0,Male,Current,Houston,2018-05-16,2021-11-05,21399.28,EUR,9616.58,Deposit,647.0,5253.29,Unknown,No,Teacher,16623.8,alex.davis@outlook.com,Loan disbursed to account,Normal,False
CUST-1709,TXN263678,69.0,Female,Fixed Deposit,Los Angeles,2020-10-20,2023-03-16,1196.45,EUR,372.59,Wire Transfer,647.0,27531.42,Closed,Yes,Lawyer,292.37,alex.brown@yahoo.com,Loan disbursed to account,Normal,False
CUST-1147,TXN663356,26.0,Female,Savings,Phoenix,2024-02-09,2024-07-04,996.7,NGN,511.07,Withdrawal,653.0,4223.42,Active,Yes,unknown,11933.29,john.brown@outlook.com,Account dormant >6 months,Normal,False
CUST-2055,TXN396059,29.0,Female,Savings,Houston,2022-08-23,2024-06-18,37.66,USD,119.45,ATM,552.0,1077.78,Default,No,Lawyer,6180.67,alex.wilson@yahoo.com,Unknown,Normal,False
CUST-1380,TXN959860,50.0,Female,Savings,New York,2019-09-14,2022-08-24,2913.28,EUR,1135.25,Wire Transfer,659.0,3062.33,Default,No,Accountant,8943.18,chris.brown@gmail.com,KYC documents pending,Normal,False
CUST-1510,TXN312134,20.0,Female,Checking,New York,2018-04-25,2021-04-22,17736.32,GBP,5218.16,Wire Transfer,678.0,23627.11,Closed,Yes,Accountant,33265.39,morgan.moore@yahoo.com,Auto-debit setup confirmed,Normal,False
CUST-2861,TXN253610,48.0,Male,Savings,New York,2019-04-05,2023-08-19,3265.53,EUR,1939.37,Withdrawal,656.0,26339.99,Closed,No,Doctor,2526.23,pat.moore@gmail.com,Auto-debit setup confirmed,Normal,False
CUST-3002,TXN743476,38.0,Unknown,Fixed Deposit,Los Angeles,2023-11-26,2023-12-04,2702.37,GBP,989.76,Wire Transfer,561.0,6004.75,Unknown,Yes,Engineer,489.29,john.jones@outlook.com,Auto-debit setup confirmed,Normal,False
CUST-2692,TXN249739,57.0,Male,Savings,Phoenix,2020-07-17,2023-02-13,433.37,NGN,-160.1,Withdrawal,647.0,9571.0,Active,Yes,unknown,4688.24,lee.smith@yahoo.com,Account dormant >6 months,Normal,False
CUST-2846,TXN195512,43.0,Male,Fixed Deposit,Los Angeles,2023-12-05,2024-05-05,29921.33,USD,13342.94,Wire Transfer,602.0,13070.86,Default,Unknown,Doctor,4688.24,sara.miller@yahoo.com,Unknown,Normal,False
CUST-2614,TXN219162,39.0,Female,Savings,New York,2019-05-30,2022-05-08,647.51,USD,-86.94,Deposit,546.0,3292.99,Closed,Unknown,Engineer,4688.24,morgan.anderson@,Account dormant >6 months,Normal,False
CUST-1787,TXN715561,35.0,Female,Fixed Deposit,Houston,2023-12-13,2024-05-29,32362.59,EUR,618.64,Deposit,761.0,2117.25,Unknown,Yes,Accountant,16113.75,alex.anderson@bank.org,Transaction verifi,Normal,False
CUST-1435,TXN394301,44.0,Female,Checking,Phoenix,2018-04-18,2019-04-05,1523.88,USD,342.5,Wire Transfer,655.0,7580.255,Active,No,Doctor,4669.59,morgan.davis@gmail.com,Unknown,Normal,False
CUST-1742,TXN311800,20.0,Female,Checking,Los Angeles,2022-09-30,2023-07-11,35707.31,USD,5399.54,Wire Transfer,601.0,13242.78,Active,No,Engineer,38061.94,sara.wilson@gmail.com,Auto-debit setup confirmed,Normal,False
CUST-1414,TXN180552,49.0,Male,Savings,Los Angeles,2020-01-19,2023-11-17,706.87,GBP,212.64,Withdrawal,737.0,53347.71,Default,Unknown,Lawyer,4688.24,pat.anderson@gmail.com,Account dormant >6 months,Normal,False
CUST-1882,TXN830121,54.0,Female,Savings,Los Angeles,2019-04-04,2019-05-17,2329.71,USD,457.43,Wire Transfer,570.0,2934.0,Active,No,Lawyer,6180.67,morgan.taylor@yahoo.com,Unknown,Normal,False
cust9102,TXN776552,63.0,Male,Savings,New York,2021-10-01,2022-10-06,-1.0,EUR,-252.73,ATM,497.0,4594.21,Active,No,Teacher,9006.92,morgan.davis@yahoo.com,Customer flagged for review,Normal,False
CUST-3178,TXN223604,35.0,Female,Fixed Deposit,Los Angeles,2023-09-23,2024-02-20,4710.87,USD,1679.81,Deposit,647.0,33045.73,Unknown,No,Lawyer,4688.24,lee.smith@bank.org,Unknown,Normal,False
CUST-1721,TXN417386,41.0,Male,Current,New York,2023-01-04,2023-07-07,6819.98,NGN,1140.71,ATM,612.0,5369.95,Default,No,Teacher,13427.4,morgan.taylor@gmail.com,Auto-debit setup confirmed,Normal,False
CUST-2630,TXN595205,0.0,Female,Fixed Deposit,Chicago,2018-12-30,2023-02-26,543.89,EUR,423.23,ATM,647.0,13901.67,Unknown,Yes,Accountant,4688.24,morgan.jones@yahoo.com,Unknown,Normal,False
CUST-2374,TXN569428,74.0,Female,Current,New York,,2023-03-21,5570.29,GBP,974.26,ATM,648.0,29102.38,Default,No,Accountant,7284.52,jane.jackson@outlook.com,Account dormant >6 months,Normal,False
CUST-3033,TXN384298,18.0,Female,Checking,Los Angeles,2023-11-05,2024-01-20,2149.5,USD,602.7,ATM,663.0,16347.38,Active,No,Teacher,6349.89,taylor.brown@gmail.com,Customer flagged for review,Normal,False
CUST-1192,TXN912853,43.0,Male,Fixed Deposit,New York,,2024-06-16,608.61,USD,41.03,Wire Transfer,726.0,3023.81,Closed,Yes,Engineer,2744.1,jane.anderson@outlook.com,Auto-debit setup confirmed,Normal,False
CUST-1934,TXN250656,41.0,Male,Savings,New York,2023-02-02,2024-02-24,5377.4,EUR,2113.0,ATM,664.0,12839.37,Active,No,Engineer,6629.82,chris.wilson@gmail.com,Unknown,Normal,False
CUST-1631,TXN206436,68.0,Female,Checking,New York,2023-07-30,2024-09-02,562.31,NGN,511.52,Withdrawal,729.0,10728.26,Default,Yes,Doctor,9696.15,lee.moore@yahoo.com,Auto-debit setup confirmed,Normal,False
CUST-2550,TXN846855,38.0,Female,Fixed Deposit,Los Angeles,2023-01-12,2023-02-08,282.27,USD,-136.25,ATM,467.0,7580.255,Active,Unknown,Lawyer,4394.54,lee.jones@yahoo.com,Unknown,Normal,False
CUST-1494,TXN475921,58.0,Male,Checking,Los Angeles,2018-01-24,2019-08-17,1320.8,EUR,59.1,ATM,600.0,6848.99,Default,No,Lawyer,6180.67,alex.brown@bank.org,Customer flagged for review,Normal,False
CUST-3019,TXN548828,63.0,Male,Checking,Los Angeles,2022-04-10,2023-09-08,901.3,GBP,229.2,Deposit,668.0,14864.96,Default,Yes,Lawyer,8632.95,pat.taylor@yahoo.com,Transaction verified by branch Los Angeles,Normal,False
CUST-2169,TXN306676,34.0,Male,Current,Chicago,2019-05-06,2023-08-17,752.23,EUR,407.25,Withdrawal,599.0,7775.3,Active,Yes,Accountant,4688.24,Unknown,Loan disbursed to account,Normal,False
CUST-1675,TXN969459,67.0,Female,Checking,New York,2023-02-23,2024-05-01,742.45,EUR,18.07,Deposit,582.0,14373.3,Closed,No,Doctor,6180.67,lee.moore@yahoo.com,Customer flagged for review,Normal,False
CUST-1673,TXN267439,24.0,Male,Savings,Los Angeles,2024-03-03,2024-03-12,624.49,USD,103.78,Deposit,621.0,3751.85,Default,Unknown,Lawyer,4688.24,john.miller@gmail.com,Unknown,Normal,False
CUST-3151,TXN391473,55.0,Male,Savings,New York,2024-06-28,2024-06-29,8372.8,EUR,1856.42,Wire Transfer,777.0,13374.82,Active,Yes,Engineer,6169.29,john.miller@bank.org,Account dormant >6 months,Normal,False
CUST-2402,TXN550274,20.0,Female,Savings,New York,2023-01-09,2024-02-24,21143.93,USD,618.64,Deposit,536.0,4832.66,Active,Yes,Doctor,34744.49,jane.brown@yahoo.com,Transaction verified by branch New York,Normal,False
CUST-1835,TXN947061,75.0,Male,Fixed Deposit,Chicago,2019-07-13,2022-12-04,4173.5,USD,647.47,ATM,647.0,30091.07,Default,Yes,unknown,5195.2,chris.taylor@outlook.com,Unknown,Normal,False
CUST-3081,TXN772521,67.0,Female,Fixed Deposit,Houston,2024-02-10,2024-05-13,11359.58,USD,4053.58,ATM,595.0,9749.42,Default,Yes,Doctor,32968.93,Unknown,Unknown,Normal,False
CUST-1379,TXN607348,30.0,Male,Savings,Los Angeles,2024-02-14,2024-04-25,61.16,EUR,-81.89,ATM,681.0,1846.58,Unknown,Unknown,Lawyer,946.7,alex.brown@bank.org,Customer flagged for review,Normal,False
CUST-2763,TXN702000,58.0,Male,Current,New York,2023-08-15,2024-04-15,11950.34,GBP,4077.04,ATM,621.0,20900.16,Active,Yes,Teacher,19889.32,taylor.taylor@outlook.com,Auto-debit setup confirmed,Normal,False
CUST-1437,TXN460991,55.0,Male,Fixed Deposit,Los Angeles,2020-11-10,2021-07-02,711.46,EUR,292.85,Withdrawal,815.0,2786.29,Active,Yes,Accountant,1202.02,john.moore@yahoo.com,Customer flagged for review,Normal,False
CUST--8775,TXN548709,29.0,Female,Savings,Chicago,,2023-12-22,2417.81,USD,1419.18,ATM,566.0,14954.6,Closed,No,Teacher,6180.67,morgan.jackson@gmail.com,Unknown,Normal,False
CUST-2822,TXN483745,19.0,Female,Current,New York,2024-02-26,2024-04-28,5671.12,USD,370.96,Deposit,825.0,21072.07,Closed,Yes,Teacher,4554.87,pat.moore@outlook.com,Unknown,Normal,False
CUST-1052,TXN941204,65.0,Male,Checking,Los Angeles,2023-04-12,2023-12-03,9024.51,GBP,3043.19,Withdrawal,640.0,5996.29,Closed,Yes,Accountant,2009.75,jane.moore@gmail.com,Transaction verified by branch LA,Normal,False
CUST-2209,TXN864977,19.0,Female,Savings,Los Angeles,2024-04-26,2024-05-21,3086.5,NGN,626.35,Withdrawal,528.0,2141.57,Default,No,Doctor,6180.67,mike.smith@gmail.com,Loan disbursed to account,Normal,False
CUST-3020,TXN843799,50.0,Female,Fixed Deposit,Los Angeles,2024-08-03,2024-03-24,1873.26,NGN,235.36,Wire Transfer,647.0,7580.255,Active,Yes,Engineer,1967.97,morgan.wilson@outlook.com,Unknown,Normal,False
CUST-2848,TXN603920,23.0,Female,Checking,Los Angeles,2023-09-10,2023-11-01,1839.72,EUR,88.96,Wire Transfer,803.0,2154.16,Active,Yes,Engineer,11879.15,sara.miller@gmail.com,Auto-debit setup confirmed,Normal,False
CUST-1168,TXN554197,43.0,Male,Savings,New York,2020-02-06,2020-06-12,775.97,GBP,212.61,ATM,595.0,21485.2,Active,No,Engineer,243.68,alex.brown@,Transaction verified by branch new york,Normal,False
CUST-2220,TXN974316,45.0,Female,Fixed Deposit,Houston,2018-12-08,2021-07-08,4977.77,USD,373.45,ATM,601.0,4301.71,Active,No,Lawyer,827.05,jane.moore@yahoo.com,Account dormant >6 months,Normal,False
CUST-2465,TXN430768,47.0,Male,Current,Los Angeles,2022-12-13,2023-03-18,5220.25,USD,2688.63,Withdrawal,602.0,7580.255,Active,Yes,Accountant,6180.67,john.smith@outlook.com,Transaction verified by branch los angeles,Normal,False
CUST-2245,TXN190523,56.0,Female,Fixed Deposit,Chicago,2022-02-20,2023-08-05,621.23,EUR,-0.01,Withdrawal,647.0,4339.39,Closed,Yes,unknown,4323.82,pat.jones@gmail.com,Unknown,Normal,False
CUST-2280,TXN213105,47.0,Male,Checking,Phoenix,2023-05-14,2023-12-27,13825.39,USD,624.16,Deposit,604.0,6117.29,Default,No,Doctor,16023.01,alex.brown@gmail.com,Account dormant >6 months,Normal,False
cust9531,TXN341500,48.0,Male,Fixed Deposit,New York,2024-01-16,2024-03-22,9999999.0,EUR,125546.57,Wire Transfer,709.0,14901.82,Default,Yes,Engineer,16370477.34,jane.jackson@outlook.com,Customer flagged for review,Suspicious - Extreme,False
CUST-2884,TXN410616,48.0,Male,Checking,Chicago,2019-04-28,2024-03-21,3302.66,USD,641.89,ATM,647.0,1999.51,Default,Yes,unknown,6868.09,jane.taylor@gmail.com,Auto-debit setup confirmed,Normal,False
CUST-1027,TXN564920,33.0,Female,Checking,New York,2022-09-01,2022-07-22,9208.66,USD,1207.37,Deposit,577.0,32951.57,Active,No,Teacher,11158.03,morgan.davis@gmail.com,Account dormant >6 months,Normal,False
CUST-1733,TXN467544,60.0,Female,Fixed Deposit,New York,2022-04-07,2022-12-05,6833.28,NGN,618.64,ATM,630.0,26917.49,Default,Yes,Lawyer,9999999999.0,sara.smith@outlook.com,KYC documents pending,Suspicious - Extreme,False
CUST-1657,TXN726915,53.0,Female,Checking,New York,2020-04-27,2020-10-26,13843.41,EUR,3389.96,Withdrawal,733.0,9366.43,Default,Yes,Engineer,15918.36,pat.moore@yahoo.com,Account dormant >6 months,Normal,False
CUST-2847,TXN448099,70.0,Male,Checking,Chicago,2023-12-10,2024-03-01,3747.29,EUR,-99.0,Withdrawal,827.0,2105.46,Default,Yes,Doctor,0.0,alex.miller@gmail.com,Transaction verified by branch Chicago,Normal,False
CUST-1393,TXN143046,50.0,Female,Checking,New York,2019-09-18,2021-12-02,1724.29,GBP,-102.92,Withdrawal,566.0,1134.16,Active,Yes,Accountant,10964.57,pat.anderson@yahoo.com,Account dormant >6 months,Normal,False
CUST-1872,TXN112498,18.0,Male,Savings,Phoenix,2023-11-08,2024-04-01,4883.71,EUR,1488.06,Wire Transfer,614.0,4055.18,Unknown,Yes,unknown,6180.67,sara.jones@yahoo.com,KYC documents pending,Normal,False
CUST-3107,TXN742419,48.0,Female,Savings,Houston,2024-05-16,2024-06-29,16789.73,USD,5902.75,Wire Transfer,661.0,2763.77,Active,Yes,Engineer,31349.19,pat.taylor@yahoo.com,Unknown,Normal,False
CUST-2362,TXN481228,55.0,Female,Savings,Chicago,2018-03-22,2023-08-12,876.35,USD,-141.68,Wire Transfer,674.0,4687.21,Closed,Yes,Teacher,9734.69,chris.brown@outlook.com,Auto-debit setup confirmed,Normal,False
CUST-1848,TXN929414,18.0,Female,Current,Chicago,2020-07-22,2022-01-31,2092.35,USD,238.92,ATM,683.0,10581.03,Default,No,Doctor,1106.47,jane.wilson@yahoo.com,Account dormant >6 months,Normal,False
CUST-2288,TXN281396,67.0,Male,Fixed Deposit,Los Angeles,2020-10-18,2024-05-15,50648.02,USD,16571.71,Deposit,705.0,3511.89,Active,Yes,Doctor,31557.91,jane.anderson@gmail.com,Auto-debit setup confirmed,Normal,False
CUST-2122,TXN235103,65.0,Male,Savings,New York,2018-12-10,2019-06-21,2477.45,GBP,975.15,Wire Transfer,597.0,-43.34,Unknown,Yes,unknown,2937.02,john.wilson@bank.org,Transaction verified by branch New York,Normal,False
CUST-1220,TXN256557,19.0,Male,Savings,Chicago,2020-02-07,2024-06-27,3915.9,EUR,609.75,Deposit,613.0,3463.92,Closed,No,Engineer,7590.61,morgan.davis@gmail.com,Auto-debit setup confirmed,Normal,False
CUST-2005,TXN533371,36.0,Male,Fixed Deposit,Chicago,2020-01-08,2020-06-28,701.84,NGN,488.74,Deposit,725.0,13191.2,Default,Yes,Accountant,5680.35,Unknown,Transaction verified by branch CHI,Normal,False
CUST-2820,TXN277752,28.0,Male,Savings,Los Angeles,2019-04-19,2023-11-10,143682.39,EUR,618.64,Withdrawal,490.0,11297.95,Active,No,unknown,255687.23,alex.smith@bank.org,Customer flagged for review,Normal,False
CUST-2406,TXN776081,47.0,Female,Checking,Los Angeles,2020-10-22,2023-02-28,2403.09,GBP,200.05,Withdrawal,652.0,8740.07,Default,Yes,unknown,126.42,jane.taylor@gmail.com,Unknown,Normal,False
CUST-2434,TXN455162,73.0,Female,Fixed Deposit,New York,2023-01-17,2024-01-29,4638.19,USD,2020.77,Deposit,487.0,7580.255,Default,No,Lawyer,7367.18,chris.jones@gmail.com,KYC documents pending,Normal,False
CUST-1610,TXN418961,37.0,Male,Fixed Deposit,New York,2018-09-21,2020-04-21,4701.93,USD,618.64,ATM,631.0,34657.2,Active,Yes,Accountant,2490.75,pat.smith@bank.org,KYC documents pending,Normal,False
CUST-1279,TXN685573,26.0,Male,Savings,Los Angeles,2021-12-23,2023-03-03,900.14,USD,-7.97,Deposit,591.0,7839.05,Default,Yes,Doctor,9933.79,jane.brown@gmail.com,Unknown,Normal,False
CUST-2193,TXN636470,52.0,Male,Checking,New York,2020-07-28,2021-01-12,15110.85,EUR,1884.53,Deposit,581.0,3793.44,Active,No,Teacher,25292.98,mike.brown@outlook.com,Transaction verified by branch New York,Normal,False
CUST-2647,TXN204591,74.0,Female,Checking,New York,2023-12-11,2024-03-15,103.25,NGN,64.84,Deposit,587.0,3639.73,Active,No,Accountant,6180.67,john.miller@yahoo.com,Customer flagged for review,Normal,False
CUST-2659,TXN865219,38.0,Female,Fixed Deposit,Los Angeles,2018-12-08,2020-08-02,5138.45,EUR,-113.8,Wire Transfer,621.0,2380.34,Active,No,Lawyer,7771.25,jane.miller@gmail.com,Auto-debit setup confirmed,Normal,False
CUST-2283,TXN794617,22.0,Female,Fixed Deposit,Phoenix,2020-10-16,2024-05-21,4037.66,GBP,1645.25,Wire Transfer,571.0,7744.56,Default,Yes,Engineer,875.54,chris.jackson@gmail.com,Unknown,Normal,False
CUST-1915,TXN611776,40.0,Female,Checking,Los Angeles,2018-06-28,2021-01-18,3942.71,EUR,1328.34,Deposit,801.0,8512.65,Active,Yes,unknown,7024.88,taylor.jackson@gmail.com,KYC documents pending,Normal,False
CUST-2247,TXN304867,19.0,Male,Savings,Phoenix,2022-04-27,2022-04-30,666.93,USD,6.96,Withdrawal,607.0,5744.14,Unknown,Yes,Lawyer,6180.67,lee.wilson@outlook.com,Loan disbursed to account,Normal,False
CUST-1963,TXN949152,59.0,Male,Fixed Deposit,Los Angeles,2022-01-30,2024-01-04,4426.33,GBP,1092.49,Wire Transfer,455.0,744.77,Default,No,unknown,219.12,taylor.moore@gmail.com,Auto-debit setup confirmed,Normal,False
CUST-2182,TXN158487,56.0,Female,Savings,Chicago,2019-02-28,2021-08-10,322.31,NGN,-134.38,Wire Transfer,559.0,5364.3,Default,No,Doctor,6180.67,taylor.smith@outlook.com,Customer flagged for review,Normal,False
CUST-2308,TXN891457,64.0,Female,Savings,New York,2023-01-16,2023-10-13,1212.29,USD,322.58,Deposit,594.0,7580.255,Default,Yes,Teacher,6180.67,mike.davis@yahoo.com,Account dormant >6 months,Normal,False
CUST-2389,TXN991066,47.0,Female,Fixed Deposit,New York,2024-02-16,2024-04-03,24949.72,USD,618.64,Wire Transfer,637.0,11029.1,Active,No,Teacher,26984.72,lee.anderson@yahoo.com,Transaction verified by branch new york,Normal,False
CUST-3045,TXN496179,65.0,Unknown,Checking,Los Angeles,2022-08-20,2023-09-20,5561.95,GBP,1903.34,Wire Transfer,668.0,17637.77,Default,No,unknown,847.07,chris.jones@bank.org,Account dormant >6 months,Normal,False
CUST-1480,TXN956835,68.0,Male,Fixed Deposit,Chicago,2022-05-26,2024-04-11,19901.73,USD,5768.08,Withdrawal,727.0,12421.63,Active,Yes,Accountant,10322.38,chris.jones@bank.org,Transaction verified by branch Chicago,Normal,False
CUST-1704,TXN260596,70.0,Male,Savings,New York,2018-06-24,2022-06-26,2112.6,GBP,584.41,ATM,618.0,21951.06,Default,No,Lawyer,9999999999.0,taylor.smith@gmail.com,Customer flagged for review,Suspicious - Extreme,False
CUST-2934,TXN536390,56.0,Male,Current,Phoenix,2023-09-26,2024-06-04,945.38,USD,441.83,Deposit,526.0,14253.76,Default,No,Engineer,4285.41,sara.davis@bank.org,KYC documents pending,Normal,False
CUST-3041,TXN435242,75.0,Male,Savings,Chicago,2020-10-14,2021-10-06,858.25,USD,177.47,Deposit,599.0,37893.97,Default,No,Engineer,6180.67,taylormillergmail.com,KYC documents pending,Normal,False
CUST-1650,TXN989928,69.0,Unknown,Checking,Chicago,2019-09-13,2024-05-31,6825.7,USD,3264.07,Withdrawal,594.0,14501.78,Default,Yes,Lawyer,4345.45,john.miller@outlook.com,Auto-debit,Normal,False
CUST-2271,TXN523355,63.0,Female,Checking,Chicago,2021-04-21,2022-09-03,444.88,USD,-17.02,Wire Transfer,655.0,7580.255,Closed,Yes,Accountant,2401.8,john.miller@yahoo.com,Account dormant >6 months,Normal,False
CUST-1351,TXN875615,23.0,Male,Current,Chicago,2019-10-26,2020-09-30,74438.14,USD,15978.78,ATM,674.0,15272.01,Default,No,Engineer,42308.76,sara.jackson@outlook.com,Loan disbursed to account,Normal,False
CUST-1575,TXN987606,48.0,Male,Checking,Chicago,2019-12-05,2020-12-20,316436.49,EUR,618.64,Withdrawal,635.0,13828.76,Active,Yes,Doctor,623015.68,sara.miller@gmail.com,Unknown,Normal,False
CUST-2599,TXN435875,19.0,Female,Fixed Deposit,New York,2022-04-24,2022-11-16,25710.23,USD,1724.1,Withdrawal,565.0,7576.22,Default,No,Accountant,47689.29,Unknown,Transaction verified by branch new york,Normal,False
CUST-1312,TXN888193,43.0,Female,Checking,Chicago,2019-02-03,2023-04-01,243.99,NGN,-0.01,Deposit,681.0,7580.255,Active,No,Teacher,6180.67,chris.taylor@outlook.com,Unknown,Normal,False
CUST-2564,TXN424121,66.0,Female,Current,Phoenix,2020-10-29,2024-03-21,7706.64,GBP,3500.56,ATM,495.0,-718.47,Active,No,Lawyer,13818.63,taylor.jones@bank.org,Transaction verified by branch Phoenix,Normal,False
CUST-3001,TXN746275,55.0,Male,Checking,Houston,2021-08-14,2021-12-08,6664.72,USD,2974.95,Wire Transfer,647.0,7580.255,Default,Yes,Teacher,14596.13,chrisjonesgmail.com,Loan disbursed to account,Normal,False
CUST-2688,TXN631893,58.0,Female,Checking,New York,2021-04-28,2022-02-18,31691.81,EUR,8201.37,ATM,647.0,3369.04,Active,Yes,Engineer,64794.12,mike.jackson@bank.org,Customer flagged for review,Normal,False
CUST-1430,TXN516798,73.0,Male,Current,New York,,2024-05-25,23442.7,EUR,10262.19,ATM,586.0,5000.32,Closed,No,Doctor,10677.52,morgan.davis@yahoo.com,Transaction verified by branch new york,Normal,False
CUST-1532,TXN849584,69.0,Female,Savings,Phoenix,2018-07-06,2021-05-07,10166.31,USD,2595.95,Withdrawal,577.0,3395.94,Active,No,Lawyer,23802.62,john.brown@outlook.com,Auto-debit setup confirmed,Normal,False
CUST-1376,TXN195201,41.0,Female,Savings,New York,2022-09-17,2022-12-28,3792.8,EUR,845.39,Withdrawal,684.0,26652.71,Active,Yes,Engineer,6710.59,lee.smith@outlook.com,Unknown,Normal,False
CUST-3080,TXN571532,34.0,Female,Current,Los Angeles,2023-11-29,2024-02-15,1127.99,EUR,-500.0,Withdrawal,678.0,4866.38,Active,Yes,Accountant,4688.24,sara.davis@gmail.com,Unknown,Normal,False
CUST-2435,TXN495029,54.0,Female,Current,Los Angeles,2018-02-26,2021-03-14,8558.76,EUR,1927.7,Wire Transfer,631.0,1984.3,Active,Yes,Engineer,12340.92,sara.brown@outlook.com,Account dormant >6 months,Normal,False
CUST-2911,TXN408148,67.0,Female,Fixed Deposit,Chicago,2020-05-26,2022-05-14,124.96,USD,-54.26,ATM,655.0,6149.71,Active,Yes,Engineer,6180.67,mike.jones@gmail.com,Loan disbursed to account,Normal,False
CUST-1391,TXN332329,22.0,Female,Fixed Deposit,New York,2022-04-12,2022-08-09,-99999.0,EUR,-48933.7,Wire Transfer,598.0,20493.03,Active,No,Accountant,6180.67,pat.moore@yahoo.com,Unknown,Normal,False
CUST-2001,TXN552564,48.0,Female,Checking,New York,2021-09-07,2021-10-26,63774.23,GBP,29296.03,Withdrawal,587.0,9481.79,Active,No,Engineer,54795.45,morgan.jones@bank.org,KYC documents pending,Normal,False
CUST-1548,TXN496058,34.0,Male,Checking,Chicago,2023-03-07,2023-06-19,851.74,EUR,537.27,Withdrawal,521.0,9747.25,Active,No,Lawyer,10765.35,taylor.wilson@gmail.com,Transaction verified by branch CHI,Normal,False
CUST-2509,TXN122791,54.0,Female,Savings,Chicago,2023-06-02,2023-05-18,209.41,GBP,-61.24,Wire Transfer,629.0,4288.86,Default,Yes,Engineer,6180.67,morgan.davis@outlook.com,Auto-debit setup confirmed,Normal,False
CUST-2648,TXN535499,74.0,Female,Savings,Houston,2019-06-01,2021-11-05,40834.89,USD,2873.61,Wire Transfer,667.0,5091.02,Default,Yes,Lawyer,31527.21,john.anderson@bank.org,Auto-debit setup confirmed,Normal,False
CUST-3036,TXN247310,55.0,Male,Current,Chicago,2018-10-17,2020-04-27,1572.06,GBP,618.64,Deposit,758.0,7824.84,Active,Yes,Accountant,6180.67,mike.anderson@gmail.com,Customer flagged for review,Normal,False
CUST-1403,TXN741337,26.0,Female,Savings,New York,,2023-11-23,2438.1,EUR,1114.64,ATM,587.0,15495.12,Default,No,Lawyer,1159.15,john.miller@yahoo.com,Customer flagged for review,Normal,False
CUST-2611,TXN456570,48.0,Male,Savings,New York,2023-05-03,2024-01-23,8837.3,NGN,3503.7,Deposit,761.0,10319.62,Default,Yes,Doctor,4688.24,sara.taylor@bank.org,Unknown,Normal,False
CUST-3006,TXN757761,74.0,Female,Savings,Los Angeles,2020-12-08,2023-08-27,28016.94,USD,10963.63,Wire Transfer,588.0,3187.15,Default,No,Engineer,25918.11,taylor.wilson@outlook.com,Unknown,Normal,False
CUST-3163,TXN587480,50.0,Female,Checking,New York,2018-05-25,2023-08-24,22960.03,EUR,9186.68,Wire Transfer,711.0,35515.35,Active,Yes,Accountant,29874.85,pat.davis@gmail.com,Unknown,Normal,False
CUST-2040,TXN618133,41.0,Female,Savings,Los Angeles,2023-01-01,2023-08-22,4142.08,GBP,1858.56,Wire Transfer,604.0,19005.21,Closed,Yes,Engineer,6180.67,morgantaylorgmail.com,Auto-debit setup confirmed,Normal,False
CUST-1167,TXN194813,61.0,Male,Checking,Chicago,2020-10-13,2021-01-21,16935.48,NGN,3683.49,ATM,699.0,7580.255,Active,No,Doctor,4688.24,lee.brown@outlook.com,Unknown,Normal,False
CUST-1034,TXN535673,48.0,Male,Fixed Deposit,New York,2019-07-14,2023-12-17,331.86,USD,62.96,ATM,670.0,8144.62,Default,Yes,Lawyer,6180.67,pat.moore@yahoo.com,Transaction verified by branch N.Y.,Normal,False
CUST-1424,TXN912721,27.0,Male,Checking,Los Angeles,2018-03-09,2021-01-07,454.21,USD,108.81,Deposit,541.0,12918.68,Closed,No,Doctor,326.46,Unknown,Customer flagged for review,Normal,False
CUST-2384,TXN559196,54.0,Male,Savings,Phoenix,2023-07-10,2024-04-14,12759.79,USD,5569.87,Deposit,654.0,3804.92,Active,Yes,Teacher,24880.77,morgan.anderson@,Unknown,Normal,False
CUST-2533,TXN935520,23.0,Female,Current,Chicago,2020-04-21,2020-08-15,331.14,USD,-53.01,Wire Transfer,570.0,-951.2,Active,No,Accountant,4688.24,lee.smith@gmail.com,KYC documents pending,Normal,False
CUST-2524,TXN574981,36.0,Male,Checking,New York,2019-11-16,2020-01-17,783.79,EUR,-316.69,Wire Transfer,757.0,7580.255,Active,Yes,Teacher,7044.59,sara.smith@bank.org,Transaction verified by branch New York,Normal,False
CUST-2573,TXN140913,20.0,Female,Current,Los Angeles,2018-06-27,2023-06-12,-1.0,USD,-530.56,Deposit,759.0,3874.85,Active,Yes,Doctor,3431.59,morgan.brown@outlook.com,Account dormant >6 months,Normal,False
CUST-1154,TXN363926,64.0,Female,Savings,Los Angeles,2022-06-09,2023-07-03,2040.9,GBP,630.4,Wire Transfer,780.0,1938.87,Default,Yes,Accountant,1138.64,taylor.wilson@gmail.com,Unknown,Normal,False
CUST-2063,TXN811948,42.0,Female,Checking,New York,2019-11-06,2020-11-24,10241.2,GBP,618.64,ATM,705.0,24485.42,Closed,Yes,Accountant,13926.13,chris.moore@outlook.com,Transaction verified by branch N.Y.,Normal,False
CUST-2031,TXN555816,51.0,Male,Fixed Deposit,New York,2022-07-01,2022-10-26,775.3,EUR,56.93,ATM,735.0,13311.72,Closed,Yes,Doctor,11408.08,mike.brown@outlook.com,Transaction verified by branch N.Y.,Normal,False
CUST-1287,TXN878246,49.0,Female,Savings,Los Angeles,2024-05-05,2024-06-01,76487.46,EUR,19016.31,Deposit,667.0,7580.255,Closed,Yes,Teacher,63898.24,mike.smith@bank.org,Customer flagged for review,Normal,False
CUST-1250,TXN730437,33.0,Unknown,Checking,Los Angeles,2022-11-22,2022-12-29,231.86,NGN,-0.01,Wire Transfer,647.0,7580.255,Closed,Yes,Doctor,1506.15,mike.wilson@gmail.com,KYC documents pending,Normal,False
CUST-2954,TXN677319,59.0,Female,Fixed Deposit,New York,2024-02-20,2024-06-28,2361.06,USD,243.05,Wire Transfer,647.0,21590.4,Default,Yes,Doctor,2522.8,chris.anderson@outlook.com,Account dormant >6 months,Normal,False
CUST-3160,TXN386895,43.0,Male,Current,Los Angeles,2021-01-27,2022-08-21,922.87,NGN,46.84,Deposit,715.0,7580.255,Closed,Yes,Engineer,5837.11,alex.brown@gmail.com,Unknown,Normal,False
CUST-2221,TXN660992,65.0,Female,Savings,Los Angeles,2020-04-06,2024-04-06,1324.1,GBP,788.01,ATM,632.0,2101.12,Default,No,Lawyer,9980.72,morgan.taylor@gmail.com,Account dormant >6 months,Normal,False
CUST-2963,TXN742279,62.0,Male,Current,Los Angeles,2018-11-26,2023-03-11,2230.52,USD,706.71,Wire Transfer,683.0,2621.14,Active,Yes,Lawyer,1868.04,sara.smith@gmail.com,Unknown,Normal,False
CUST-2230,TXN818326,41.0,Female,Checking,New York,2022-05-03,2023-12-17,5667.55,GBP,-35.45,Deposit,619.0,5372.1,Default,Yes,unknown,15537.2,lee.wilson@yahoo.com,Unknown,Normal,False
CUST-1843,TXN591754,59.0,Male,Savings,Los Angeles,2019-10-18,2020-07-07,15107.96,USD,3109.64,Deposit,647.0,8383.56,Active,Yes,Engineer,6347.47,mike.taylor@gmail.com,Unknown,Normal,False
CUST-2987,TXN989005,56.0,Male,Savings,New York,2022-06-04,2024-06-17,454.39,EUR,-38.51,Withdrawal,671.0,11409.77,Active,Yes,Doctor,6180.67,lee.taylor@outlook.com,Customer flagged for review,Normal,False
CUST-1849,TXN764965,23.0,Unknown,Savings,Phoenix,2022-09-06,2023-08-04,5193.13,NGN,795.38,Wire Transfer,647.0,4929.87,Closed,No,Teacher,4972.66,lee.wilson@bank.org,Transaction verified by branch Phoenix,Normal,False
CUST-1855,TXN704565,42.0,Male,Fixed Deposit,New York,2023-10-15,2023-11-04,7227.39,GBP,3281.01,Deposit,677.0,22684.96,Default,Yes,Lawyer,4688.24,lee.smith@outlook.com,Unknown,Normal,False
CUST-1911,TXN652819,51.0,Female,Savings,Los Angeles,2020-02-12,2020-05-06,935.56,USD,453.96,Deposit,748.0,4460.54,Closed,Yes,Doctor,4688.24,taylor.wilson@gmail.com,Customer,Normal,False
CUST-1761,TXN858303,34.0,Unknown,Fixed Deposit,Chicago,2020-09-27,2024-11-06,11505.7,GBP,3378.28,Wire Transfer,744.0,7580.255,Closed,Yes,unknown,4688.24,taylor.wilson@bank.org,Unknown,Normal,False
cust4337,TXN293711,60.0,Male,Fixed Deposit,Los Angeles,2021-05-25,2024-01-03,10751.52,GBP,2037.33,Wire Transfer,755.0,7978.68,Closed,Unknown,unknown,13058.16,morgan.jackson@,Unknown,Normal,False
CUST-3142,TXN572367,71.0,Unknown,Current,Los Angeles,2019-10-10,2021-05-21,2251.64,GBP,1120.37,Withdrawal,567.0,7580.255,Default,No,unknown,6180.67,mike.smith@outlook.com,Account dormant >6 months,Normal,False
CUST-1355,TXN839916,73.0,Female,Checking,New York,2018-09-13,2021-10-23,34289.52,USD,11557.77,Wire Transfer,633.0,4529.28,Default,No,Lawyer,7807.57,morgan.moore@gmail.com,Account dormant >6 months,Normal,False
CUST-2034,TXN159243,30.0,Male,Checking,Los Angeles,2019-11-03,2019-07-10,798.14,GBP,182.18,ATM,598.0,10063.63,Active,Yes,Accountant,6180.67,mike.moore@gmail.com,Loan disbursed to account,Normal,False
CUST-1969,TXN989552,26.0,Male,Savings,New York,2018-02-20,2019-05-30,10584.67,EUR,1579.68,Withdrawal,744.0,7580.255,Default,Yes,Engineer,9412.9,sara.miller@gmail.com,Auto-debit setup confirmed,Normal,False
CUST-1259,TXN512045,44.0,Male,Fixed Deposit,Los Angeles,2020-12-21,2022-08-01,2056.42,EUR,112.82,Deposit,647.0,9678.88,Default,No,Doctor,6180.67,sara.smith@yahoo.com,Loan disbursed to account,Normal,False
CUST--7981,TXN821933,20.0,Female,Savings,Los Angeles,2023-08-18,2024-03-22,11362.81,GBP,1103.37,Wire Transfer,647.0,8309.97,Closed,Yes,Engineer,10085.22,lee.taylor@gmail.com,Auto-debit setup confirmed,Normal,False
CUST-1713,TXN348762,42.0,Unknown,Current,Los Angeles,2018-09-27,2019-10-16,4429.45,EUR,2133.98,Deposit,708.0,7580.255,Default,Yes,Accountant,6180.67,chriswilsongmail.com,KYC documents pending,Normal,False
CUST-2200,TXN340555,57.0,Unknown,Savings,Phoenix,2023-09-27,2024-01-18,613.54,USD,205.96,Wire Transfer,513.0,4622.37,Closed,No,Engineer,6180.67,john.anderson@yahoo.com,Account dormant >6 months,Normal,False
CUST-1488,TXN784532,59.0,Male,Checking,Los Angeles,2020-03-03,2022-09-05,4538.0,USD,1263.86,Withdrawal,683.0,5045.04,Default,Yes,Teacher,1386.46,jane.jackson@gmail.com,Loan dis,Normal,False
CUST-2036,TXN650817,49.0,Male,Savings,Phoenix,2023-04-20,2024-03-10,1216.21,EUR,372.75,ATM,696.0,7328.49,Unknown,Yes,Accountant,4688.24,alex.brown@bank.org,Account dormant >6 months,Normal,False
CUST-1506,TXN979422,26.0,Unknown,Checking,Phoenix,2021-02-15,2024-01-25,7973.28,GBP,3855.87,Deposit,648.0,7580.255,Active,Yes,Lawyer,12881.02,jane.wilson@yahoo.com,Unknown,Normal,False
CUST-2415,TXN294410,43.0,Female,Current,New York,2021-01-05,2022-10-28,353.07,GBP,198.84,Wire Transfer,710.0,7580.255,Default,No,Engineer,129.98,lee.anderson@bank.org,Loan disbursed to account,Normal,False
CUST-1894,TXN688719,32.0,Female,Fixed Deposit,Houston,2019-05-12,2020-06-05,367.35,USD,238.12,Deposit,592.0,6664.9,Active,No,Engineer,4688.24,mike.wilson@yahoo.com,Loan disbursed to account,Normal,False
CUST-1815,TXN269926,53.0,Female,Savings,New York,2020-05-20,2023-05-25,1507.46,EUR,70.08,Deposit,647.0,7473.52,Default,No,Doctor,2105.27,jane.brown@outlook.com,Account dormant >6 months,Normal,False
CUST-2234,TXN248091,19.0,Female,Savings,Phoenix,2020-04-15,2022-12-15,66.84,USD,-44.38,Withdrawal,638.0,9279.5,Unknown,No,Doctor,3680.94,alex.miller@gmail.com,Transaction verified by branch Phoenix,Normal,False
CUST-2748,TXN199941,63.0,Male,Savings,Los Angeles,2021-08-05,2023-11-21,851.77,EUR,376.36,Deposit,816.0,7580.255,Active,Yes,Engineer,4688.24,jane.jones@outlook.com,Auto-debit setup confirmed,Normal,False
cust8055,TXN566482,40.0,Male,Fixed Deposit,Houston,2018-10-22,2022-09-29,728.37,NGN,400.35,Withdrawal,626.0,34639.69,Closed,No,Teacher,8625.42,Unknown,KYC documents pending,Normal,False
CUST-2155,TXN487279,64.0,Male,Fixed Deposit,Los Angeles,2020-08-09,2021-01-08,1549.62,USD,197.38,ATM,644.0,16141.75,Closed,No,Lawyer,6180.67,chris.miller@gmail.com,KYC documents pending,Normal,False
CUST-3049,TXN838539,56.0,Male,Current,Chicago,2018-10-20,2023-02-15,31705.92,USD,14227.07,Deposit,609.0,966.0,Active,Yes,unknown,30719.34,lee.wilson@gmail.com,KYC documents pending,Normal,False
CUST-1346,TXN914791,62.0,Male,Fixed Deposit,New York,2024-05-04,2024-06-24,273.28,GBP,120.32,ATM,648.0,14079.71,Closed,No,Doctor,1284.3,alex.jackson@outlook.com,Auto-debit setup confirmed,Normal,False
CUST-1245,TXN427162,71.0,Male,Current,Houston,2023-05-03,2024-04-12,131.25,GBP,382.96,Wire Transfer,666.0,7356.11,Unknown,No,Doctor,6180.67,taylor.jackson@bank.org,Unknown,Normal,False
CUST-1895,TXN819043,22.0,Male,Savings,Los Angeles,2018-07-06,2023-04-17,912.32,USD,618.64,Deposit,632.0,5586.69,Unknown,Yes,Doctor,6180.67,mike.davis@outlook.com,Unknown,Normal,False
CUST-2252,TXN952633,50.0,Female,Checking,Phoenix,2019-06-03,2020-09-17,16113.28,NGN,1897.64,ATM,682.0,6144.6,Default,Yes,Engineer,22901.17,jane.wilson@yahoo.com,Auto-debit setup confirmed,Normal,False
CUST--6022,TXN379622,48.0,Female,Checking,Houston,2019-12-09,2021-02-26,61899.11,USD,24762.77,Withdrawal,634.0,1363.6,Closed,Yes,Doctor,32403.66,sara.smith@yahoo.com,Customer flagged for review,Normal,False
CUST-1722,TXN282117,25.0,Male,Checking,Los Angeles,2020-03-08,2023-09-01,180.44,USD,-13.87,ATM,665.0,-319.58,Active,No,Accountant,2342.4,jane.smith@bank.org,Unknown,Normal,False
CUST-1173,TXN376195,35.0,Male,Checking,Los Angeles,2024-01-27,2024-06-25,2899.32,GBP,566.0,ATM,675.0,3543.14,Active,No,Accountant,8144.3,sara.wilson@bank.org,Auto-debit setup confirmed,Normal,False
CUST-1560,TXN858546,29.0,Male,Current,Los Angeles,2019-05-28,2020-11-19,155.22,USD,212.73,Deposit,553.0,16827.41,Default,No,Teacher,285.23,john.jones@gmail.com,Loan disbursed to account,Normal,False
CUST-1586,TXN524203,68.0,Female,Savings,Chicago,2022-09-19,2024-01-18,5502.62,USD,1928.25,ATM,541.0,1768.06,Active,No,Accountant,12994.51,lee.moore@,Account dormant >6 months,Normal,False
CUST--6216,TXN304638,48.0,Female,Savings,Chicago,2020-10-15,2024-01-02,31914.35,EUR,3921.63,Deposit,585.0,2304.05,Unknown,Yes,Teacher,46228.2,lee.wilson@bank.org,Account dormant >6 months,Normal,False
CUST-1190,TXN672233,58.0,Female,Savings,New York,2019-03-08,2022-10-18,2742.65,USD,513.71,Wire Transfer,647.0,1025.11,Active,Yes,Lawyer,691.27,taylor.taylor@yahoo.com,Customer flagged for review,Normal,False
CUST-2329,TXN969413,48.0,Female,Savings,New York,2020-02-13,2022-05-01,18690.75,GBP,2621.53,Deposit,602.0,21497.96,Active,Yes,Doctor,16111.84,lee.brown@,Account dormant >6 months,Normal,False
CUST-1592,TXN916719,48.0,Female,Checking,New York,2019-05-02,2022-07-12,745.2,GBP,286.44,Wire Transfer,732.0,1278.97,Default,Yes,Accountant,6180.67,mike.brown@yahoo.com,Unknown,Normal,False
CUST-1270,TXN246433,35.0,Female,Checking,New York,2023-01-29,2023-12-24,396.76,EUR,9999999.0,Deposit,647.0,2968.64,Default,Yes,Lawyer,6180.67,chris.moore@gmail.com,Account dormant >6 months,Normal,False
CUST--6680,TXN889059,53.0,Male,Current,Chicago,2020-06-28,2022-11-01,2672.35,USD,618.64,ATM,669.0,3495.49,Active,Yes,Lawyer,2541.85,sara.wilson@gmail.com,Auto-debit setup confirmed,Normal,False
CUST-3159,TXN728545,25.0,Male,Checking,Phoenix,2022-07-12,2023-11-09,1216.74,EUR,618.64,Withdrawal,745.0,3747.93,Closed,Yes,Teacher,5644.66,chris.wilson@,KYC documents pending,Normal,False
CUST-1156,TXN823975,40.0,Female,Current,Los Angeles,2019-08-04,2022-02-21,683.85,EUR,246.08,Wire Transfer,647.0,-657.27,Closed,Yes,Teacher,6180.67,mike.brown@gmail.com,Loan disbursed to account,Normal,False
CUST-1504,TXN351940,69.0,Male,Savings,Los Angeles,2023-11-03,2024-02-29,6859.62,NGN,-0.01,Wire Transfer,657.0,-811.14,Default,No,Doctor,7161.38,john.miller@gmail.com,Loan disbursed to account,Normal,False
CUST-2365,TXN413538,58.0,Male,Fixed Deposit,Los Angeles,2018-12-20,2022-05-18,8308.1,USD,1985.86,ATM,632.0,8635.61,Closed,Yes,unknown,14437.23,pat.jackson@gmail.com,Loan disbursed to account,Normal,False
CUST-1699,TXN536931,74.0,Male,Checking,Houston,2018-02-07,2021-03-17,995.82,USD,461.83,Deposit,704.0,51462.51,Closed,Yes,Accountant,198.98,john.miller@yahoo.com,Customer flagged for review,Normal,False
CUST-2115,TXN897184,18.0,Male,Checking,Phoenix,2020-12-06,2022-07-17,4263.44,GBP,618.64,Deposit,638.0,24259.1,Default,Yes,Teacher,6180.67,chris.moore@bank.org,KYC documents pending,Normal,False
CUST-2470,TXN485373,39.0,Male,Savings,New York,2022-03-19,2024-02-13,4384.72,USD,618.64,Deposit,590.0,11359.0,Closed,No,Teacher,3076.18,mike.anderson@bank.org,Unknown,Normal,False
CUST-1926,TXN711240,30.0,Male,Savings,Chicago,2024-06-23,2024-06-25,7707.82,USD,943.74,Deposit,537.0,3026.03,Unknown,No,Lawyer,4236.52,alex.smith@bank.org,Unknown,Normal,False
CUST-2240,TXN702394,69.0,Female,Fixed Deposit,Phoenix,2020-07-13,2023-09-17,126924.89,GBP,10536.75,Wire Transfer,647.0,2362.72,Active,No,Lawyer,168179.16,pat.brown@gmail.com,Loan disburse,Normal,False
CUST-2325,TXN514271,68.0,Male,Checking,Los Angeles,2019-12-27,2022-02-08,244.66,USD,618.64,Withdrawal,660.0,8311.42,Default,Yes,Teacher,6180.67,mike.miller@yahoo.com,Transaction verified by branch Los Angeles,Normal,False
CUST-2449,TXN103251,58.0,Female,Fixed Deposit,New York,2020-01-02,2023-06-20,5410.49,EUR,1168.05,ATM,627.0,1992.48,Active,Yes,Engineer,4376.4,sara.wilson@yahoo.com,Customer flagged for review,Normal,False
CUST-1579,TXN764846,54.0,Female,Savings,Chicago,2024-04-05,2024-05-20,8128.34,NGN,2716.33,Wire Transfer,619.0,16244.96,Active,No,Teacher,9999999999.0,alex.moore@yahoo.com,Loan disbursed to account,Suspicious - Extreme,False
CUST-1423,TXN392843,47.0,Female,Savings,Chicago,2018-10-02,2021-12-21,3296.07,USD,774.13,Wire Transfer,524.0,4774.04,Default,No,unknown,10533.85,jane.jackson@outlook.com,Account dormant >6 months,Normal,False
CUST-2317,TXN921234,19.0,Male,Checking,Chicago,2022-08-12,2023-02-16,771.19,EUR,410.19,Wire Transfer,643.0,28498.85,Closed,Unknown,Accountant,2655.86,pat.brown@yahoo.com,Unknown,Normal,False
CUST-2872,TXN903547,63.0,Female,Savings,Phoenix,2021-01-29,2021-11-14,5004.64,NGN,618.64,Wire Transfer,647.0,7580.255,Default,Yes,Doctor,4640.76,pat.brown@bank.org,KYC doc,Normal,False
cust2204,TXN517579,63.0,Male,Savings,Los Angeles,2019-10-29,2023-07-06,1723.77,USD,52.69,Withdrawal,647.0,5240.7,Unknown,Yes,Teacher,6180.67,chris.anderson@yahoo.com,Loan disbursed to account,Normal,False
CUST-2849,TXN555304,49.0,Unknown,Savings,New York,2021-11-11,2023-02-17,9281.38,EUR,3411.83,Deposit,571.0,14344.78,Closed,No,unknown,6180.67,alex.wilson@gmail.com,Account dormant >6 months,Normal,False
CUST-3100,TXN520789,58.0,Male,Current,Los Angeles,,2023-03-25,9999999.0,USD,3060184.19,ATM,697.0,4388.7,Default,Yes,Teacher,9999999999.0,morgan.jackson@yahoo.com,Customer flagged for review,Suspicious - Extreme,False
CUST-2578,TXN213744,60.0,Female,Savings,Chicago,2018-09-26,2021-03-04,1443.05,EUR,595.56,Deposit,636.0,14818.71,Active,Unknown,Engineer,9252.75,mike.anderson@gmail.com,Loan disbursed to account,Normal,False
CUST-2652,TXN912613,61.0,Unknown,Savings,Los Angeles,2023-02-21,2023-06-28,19757.22,GBP,2274.94,Withdrawal,657.0,5217.25,Closed,No,Teacher,22592.71,john.moore@yahoo.com,Loan disbursed to account,Normal,False
CUST-2990,TXN478672,46.0,Female,Checking,Phoenix,2018-12-28,2021-09-24,1664.5,USD,-9.65,ATM,676.0,7580.255,Closed,No,Teacher,776.71,sara.miller@,Auto-debit setup confirmed,Normal,False
CUST-1198,TXN715332,48.0,Female,Savings,Houston,2022-08-17,2022-08-26,4754.64,GBP,1592.74,Wire Transfer,739.0,7130.11,Active,Yes,Lawyer,6180.67,taylor.miller@gmail.com,Unknown,Normal,False
CUST-1524,TXN877468,69.0,Unknown,Checking,Chicago,2021-02-23,2021-05-06,3985.37,USD,2108.73,Withdrawal,639.0,11973.66,Active,Yes,Teacher,3539.45,lee.miller@yahoo.com,Auto-debit setup confirmed,Normal,False
CUST-1396,TXN827679,54.0,Male,Fixed Deposit,Chicago,2024-06-13,2024-06-23,33223.69,NGN,8353.47,ATM,708.0,7580.255,Active,No,Engineer,69940.13,jane.miller@bank.org,Auto-debit setup confirmed,Normal,False
CUST-1837,TXN334669,72.0,Male,Checking,Houston,2020-02-01,2022-10-02,877.38,GBP,6.17,Deposit,819.0,30679.17,Closed,Yes,Teacher,11207.71,alex.jackson@gmail.com,Auto-debit setup confirmed,Normal,False
CUST-2002,TXN568397,65.0,Female,Fixed Deposit,Phoenix,2020-01-30,2021-07-16,1096.33,EUR,573.64,Wire Transfer,601.0,5408.02,Closed,No,unknown,6180.67,jane.davis@gmail.com,Unknown,Normal,False
CUST-1701,TXN619264,57.0,Male,Fixed Deposit,Houston,2021-01-06,2024-03-28,2225.98,USD,703.32,ATM,657.0,10427.9,Default,No,Doctor,2674.66,mike.moore@gmail.com,Unknown,Normal,False
CUST-2994,TXN840280,75.0,Male,Checking,Phoenix,2023-02-02,2024-03-02,1459.58,GBP,60.22,ATM,627.0,2641.5,Active,Yes,Teacher,6180.67,jane.anderson@gmail.com,Unknown,Normal,False
CUST-3109,TXN636886,18.0,Female,Savings,Phoenix,2023-07-12,2023-08-26,1304.17,NGN,-33.27,Deposit,581.0,9879.5,Default,No,Teacher,2397.77,lee.brown@,Loan disbursed to account,Normal,False
CUST-1495,TXN377174,41.0,Male,Fixed Deposit,New York,2022-03-08,2022-04-23,153.09,USD,214.49,Wire Transfer,647.0,7580.255,Default,No,Engineer,10636.94,mike.anderson@outlook.com,KYC d,Normal,False
CUST-1526,TXN938394,65.0,Male,Savings,Chicago,2019-06-27,2021-07-30,11960.0,GBP,1830.19,ATM,748.0,8854.29,Default,Yes,Accountant,12429.18,sara.anderson@bank.org,Account dormant >6 months,Normal,False
CUST-3105,TXN965997,39.0,Male,Fixed Deposit,Phoenix,2020-06-29,2021-05-02,5481.54,GBP,2443.78,Wire Transfer,556.0,1881.26,Default,Yes,unknown,4182.33,john.brown@bank.org,Auto-debit setup confirmed,Normal,False
CUST-2683,TXN475696,35.0,Female,Fixed Deposit,Los Angeles,2022-12-15,2023-01-22,890.43,NGN,93.21,Wire Transfer,773.0,7580.255,Active,Yes,Engineer,5346.71,mikejacksongmail.com,Unknown,Normal,False
CUST-2649,TXN821577,37.0,Male,Fixed Deposit,New York,2021-12-09,2023-02-11,6019.81,NGN,2789.62,Withdrawal,630.0,750.7,Closed,No,Lawyer,6528.2,lee.wilson@yahoo.com,Transaction verified by branch New York,Normal,False
CUST-2655,TXN622610,67.0,Female,Checking,Chicago,2018-04-30,2023-12-18,14577.8,GBP,6039.11,ATM,650.0,3038.78,Active,No,Doctor,23609.27,john.miller@gmail.com,Account dorma,Normal,False
CUST-2138,TXN997620,48.0,Male,Fixed Deposit,Los Angeles,2020-04-02,2024-03-21,235.47,USD,22.33,Wire Transfer,647.0,18546.92,Default,Yes,Engineer,5815.3,sara.smith@bank.org,Loan disbursed to account,Normal,False
CUST-1352,TXN993802,28.0,Unknown,Current,Chicago,2018-02-10,2020-08-11,2257.62,USD,101.39,Wire Transfer,653.0,7580.255,Active,No,Accountant,7650.2,sara.jones@yahoo.com,KYC documents pending,Normal,False
CUST-2964,TXN965019,34.0,Female,Savings,Los Angeles,2018-02-27,2020-07-04,1803.08,USD,618.64,Wire Transfer,594.0,6744.35,Active,No,Accountant,2678.14,chris.miller@outlook.com,Account dormant >6 months,Normal,False
CUST-2244,TXN567260,29.0,Female,Current,Los Angeles,2022-07-27,2023-01-17,338.19,EUR,105.11,Withdrawal,733.0,7869.77,Default,Yes,Engineer,4307.44,lee.miller@gmail.com,Loan disbursed to account,Normal,False
CUST-1944,TXN876558,64.0,Female,Checking,Chicago,2020-04-24,2023-08-12,1230.48,NGN,211.87,ATM,655.0,1807.64,Active,No,Teacher,6180.67,lee.jones@outlook.com,Auto-debit setup confirmed,Normal,False
CUST-2409,TXN762584,71.0,Male,Savings,New York,2021-08-22,2023-11-19,293.71,EUR,-342.3,Wire Transfer,530.0,19897.7,Active,Yes,Lawyer,6000.85,Unknown,Unknown,Normal,False
CUST-1945,TXN551059,49.0,Female,Current,New York,2019-03-14,2020-06-15,22620.44,USD,2152.56,Deposit,644.0,10333.26,Default,Yes,Teacher,31792.23,pat.wilson@bank.org,KYC documents pending,Normal,False
CUST-1654,TXN965842,48.0,Male,Savings,Phoenix,2022-02-28,2022-07-06,9275.98,EUR,618.64,ATM,568.0,6348.16,Default,No,Lawyer,10215.07,lee.jones@outlook.com,Auto-debit setup confirmed,Normal,False
CUST-2320,TXN523213,50.0,Male,Fixed Deposit,Los Angeles,2019-03-13,2024-06-06,215.17,EUR,-158.32,Wire Transfer,703.0,9572.56,Active,Yes,Doctor,4688.24,morgan.brown@outlook.com,KYC documents pending,Normal,False
CUST-2469,TXN828204,29.0,Female,Checking,New York,2018-10-01,2021-04-17,6831.9,NGN,9999999.0,Withdrawal,575.0,24495.18,Default,Yes,Lawyer,14210.88,pat.jackson@outlook.com,Transaction verified by branch New York,Normal,False
CUST-1645,TXN401926,48.0,Female,Checking,Houston,2019-04-03,2021-12-19,1120.88,GBP,-17.45,Wire Transfer,647.0,5594.24,Closed,Yes,Accountant,6180.67,lee.smith@bank.org,Loan disbursed to account,Normal,False
CUST-1350,TXN849290,32.0,Male,Savings,Los Angeles,2024-04-25,2024-06-06,1915.2,USD,427.54,ATM,596.0,10710.65,Unknown,No,unknown,6180.67,alex.wilson@bank.org,Loan disbursed to account,Normal,False
CUST-2064,TXN420552,71.0,Male,Savings,Chicago,2019-11-30,2019-12-16,4345.84,EUR,225.2,Wire Transfer,647.0,35278.7,Default,Yes,Doctor,6180.67,morgan.wilson@gmail.com,Account dormant >6 months,Normal,False
CUST-2769,TXN461558,50.0,Female,Current,Houston,2021-05-15,2023-02-26,17049.23,EUR,1219.45,Withdrawal,663.0,737.98,Closed,No,unknown,7331.04,jane.jackson@outlook.com,Loan disbursed to account,Normal,False
CUST-1298,TXN508486,69.0,Male,Savings,Los Angeles,2023-10-05,2023-12-17,4002.93,EUR,1604.69,Deposit,642.0,34204.66,Default,Yes,Lawyer,585.24,jane.jones@gmail.com,Transaction verified by branch None,Normal,False
CUST-2536,TXN313311,48.0,Female,Checking,New York,2021-10-06,2022-01-10,1251.77,USD,255.26,Deposit,647.0,18516.24,Closed,Yes,Doctor,6180.67,saramooregmail.com,Account dormant >6 months,Normal,False
CUST-2609,TXN547513,75.0,Female,Checking,Los Angeles,2024-06-11,2024-06-14,1505.38,USD,247.36,Wire Transfer,687.0,7580.255,Active,Yes,Lawyer,4688.24,sara.anderson@bank.org,Account dormant >6 months,Normal,False
CUST-2554,TXN878339,26.0,Female,Checking,Chicago,2022-03-31,2024-06-29,223.85,USD,35.84,ATM,647.0,-190.92,Closed,No,Engineer,9989.74,taylor.davis@yahoo.com,Loan disbursed to account,Normal,False
CUST-1997,TXN208704,74.0,Female,Savings,Los Angeles,2021-09-06,2021-05-12,8269.51,GBP,1274.37,Withdrawal,584.0,10685.05,Default,Yes,Lawyer,4688.24,taylor.davis@gmail.com,Transaction verified by branch None,Normal,False
CUST-3071,TXN519730,34.0,Female,Checking,Los Angeles,2018-05-24,2022-07-01,-99999.0,NGN,-26781.68,ATM,521.0,7580.255,Closed,No,Engineer,6180.67,sara.miller@yahoo.com,Auto-d,Normal,False
CUST-3042,TXN684998,53.0,Male,Current,New York,2019-04-20,2024-02-19,3539.41,GBP,818.2,Deposit,716.0,7302.64,Default,Yes,Engineer,6180.67,john.wilson@,Account dormant >6 months,Normal,False
CUST-2414,TXN757209,63.0,Female,Savings,Houston,2020-11-13,2021-10-16,1376.42,USD,81.69,Wire Transfer,685.0,7580.255,Default,No,unknown,1849.97,jane.moore@outlook.com,Customer flagged for review,Normal,False
CUST-2089,TXN363607,49.0,Unknown,Checking,Phoenix,2021-06-01,2022-05-03,9034.18,USD,2588.47,Deposit,645.0,2007.31,Default,No,Accountant,5829.31,pat.moore@gmail.com,Unknown,Normal,False
CUST-2946,TXN829897,50.0,Male,Current,New York,2019-08-31,2023-04-20,293.66,EUR,-54.23,Wire Transfer,673.0,7580.255,Closed,Yes,Accountant,9999999999.0,alex.jackson@bank.org,Loan disbursed to account,Suspicious - Extreme,False
CUST-2140,TXN832638,31.0,Female,Current,Los Angeles,2021-06-26,2024-05-31,5048.0,GBP,2400.72,Withdrawal,628.0,2400.47,Default,Yes,Engineer,6180.67,morgan.jackson@outlook.com,Account dormant >6 months,Normal,False
CUST-2282,TXN423215,26.0,Male,Checking,New York,2022-01-19,2024-10-04,3073.66,USD,618.64,Wire Transfer,508.0,11693.01,Unknown,Yes,Engineer,3463.27,lee.wilson@yahoo.com,Loan disbursed to account,Normal,False
CUST-1343,TXN703992,74.0,Male,Savings,Chicago,2020-12-14,2023-08-03,3904.33,USD,363.23,Withdrawal,723.0,1684.96,Default,Yes,Engineer,6180.67,chris.taylor@bank.org,Unknown,Normal,False
CUST-1166,TXN249289,48.0,Female,Fixed Deposit,Los Angeles,2022-03-06,2022-05-31,7278.9,NGN,1315.66,Deposit,817.0,2963.07,Default,Yes,Lawyer,3347.98,mike.taylor@outlook.com,Loan disbursed to account,Normal,False
CUST-1758,TXN140834,62.0,Female,Checking,Los Angeles,2022-08-05,2024-04-09,1180.32,EUR,618.64,ATM,499.0,16526.36,Closed,No,Accountant,4688.24,mike.wilson@yahoo.com,Unknown,Normal,False
CUST-2033,TXN255866,44.0,Male,Savings,Chicago,2018-11-06,2019-04-03,1304.44,USD,9999999.0,Wire Transfer,663.0,20852.13,Unknown,Yes,Doctor,3556.58,mike.smith@yahoo.com,Unknown,Normal,False
cust4103,TXN949743,72.0,Unknown,Checking,Los Angeles,2019-04-19,2023-09-21,1599.79,EUR,435.07,Withdrawal,762.0,-930.06,Closed,No,Doctor,5660.47,alex.anderson@outlook.com,Unknown,Normal,False
CUST-2628,TXN642605,38.0,Female,Checking,Los Angeles,2022-07-11,2023-01-14,92335.69,USD,18282.97,Withdrawal,712.0,3256.42,Active,No,Accountant,126403.77,sara.wilson@yahoo.com,KYC documents pending,Normal,False
CUST-2596,TXN264473,26.0,Male,Checking,Los Angeles,2018-09-24,2019-03-16,118013.57,GBP,43713.88,Wire Transfer,650.0,11927.31,Closed,No,Doctor,240109.23,mike.anderson@outlook.com,Unknown,Normal,False
CUST-2701,TXN500373,40.0,Unknown,Fixed Deposit,Houston,2018-05-13,2022-04-24,17150.67,EUR,7537.49,ATM,633.0,6060.57,Closed,Yes,Engineer,25021.74,pat.smith@yahoo.com,Unknown,Normal,False
CUST-2251,TXN400261,57.0,Female,Checking,Chicago,2021-12-12,2023-11-08,30046.03,GBP,502.71,ATM,629.0,3812.87,Active,No,unknown,4688.24,sara.smith@yahoo.com,Account dormant >6 months,Normal,False
CUST-1621,TXN879133,20.0,Female,Checking,Phoenix,2020-07-17,2021-01-18,7407.7,EUR,1744.77,ATM,559.0,13012.06,Active,No,Doctor,4797.45,jane.taylor@gmail.com,Unknown,Normal,False
CUST-2444,TXN617027,36.0,Male,Current,New York,2020-12-13,2022-08-16,2801.74,EUR,618.64,Wire Transfer,585.0,14456.92,Active,No,Engineer,4513.83,john.miller@yahoo.com,Unknown,Normal,False
CUST-2654,TXN758401,42.0,Female,Fixed Deposit,Phoenix,2022-08-18,2023-06-25,1869.81,USD,797.51,ATM,646.0,17942.42,Default,No,Accountant,10469.82,morgan.jackson@bank.org,Auto-debit setup confirmed,Normal,False
CUST-2532,TXN534693,58.0,Unknown,Savings,Los Angeles,2022-07-12,2023-01-28,11466.4,EUR,4981.49,Wire Transfer,706.0,2137.84,Default,Yes,Doctor,22719.68,chris.moore@bank.org,Customer flagged for review,Normal,False
CUST-2074,TXN379947,29.0,Male,Savings,Chicago,2023-05-18,2023-11-04,4088.37,USD,1463.74,Deposit,777.0,7580.255,Active,Yes,Doctor,6180.67,chris.jones@,Customer flagged for review,Normal,False
CUST-1765,TXN375260,61.0,Female,Checking,Los Angeles,2018-03-15,2019-02-28,836.92,EUR,618.64,Withdrawal,712.0,7792.99,Closed,Yes,Engineer,6180.67,taylor.miller@bank.org,KYC documents pending,Normal,False
CUST-1461,TXN503150,72.0,Male,Savings,Chicago,2024-06-20,2024-06-20,23399.92,USD,9999999.0,Deposit,639.0,21012.54,Default,No,Engineer,46045.18,chris.davis@bank.org,Unknown,Normal,False
CUST-2556,TXN384300,48.0,Unknown,Fixed Deposit,Houston,2018-12-28,2021-12-31,4248.56,USD,148.22,ATM,619.0,7580.255,Active,No,Accountant,16101.81,alex.anderson@outlook.com,Customer flagged for review,Normal,False
CUST-2555,TXN296639,36.0,Female,Fixed Deposit,New York,2022-02-06,2023-04-27,8353.49,NGN,618.64,Withdrawal,697.0,7580.255,Closed,Yes,Teacher,6119.13,alextaylorgmail.com,Account dormant >6 months,Normal,False
CUST-2275,TXN385279,58.0,Female,Checking,Los Angeles,2020-11-22,2023-05-21,934.32,USD,757.47,Wire Transfer,656.0,2875.14,Default,No,Engineer,5480.46,john.taylor@gmail.com,Auto-deb,Normal,False
CUST-2451,TXN537830,36.0,Female,Current,Houston,2019-06-04,2021-02-24,2230.64,EUR,-0.01,Deposit,647.0,7927.9,Default,No,Teacher,6728.03,alex.moore@outlook.com,Unknown,Normal,False
CUST-2380,TXN451433,71.0,Female,Fixed Deposit,New York,2018-11-27,2022-03-18,3036.12,NGN,-107.92,Deposit,628.0,7580.255,Unknown,No,Accountant,8073.04,mike.wilson@bank.org,Loan disbursed to account,Normal,False
CUST-1411,TXN727879,58.0,Male,Fixed Deposit,Chicago,2020-04-23,2022-08-29,27345.17,USD,618.64,ATM,634.0,3956.75,Closed,No,Doctor,15193.98,jane.wilson@yahoo.com,Customer flagged for review,Normal,False
CUST-3086,TXN732272,57.0,Female,Checking,Los Angeles,2021-11-30,2023-04-25,4781.25,EUR,591.68,ATM,739.0,15946.49,Default,Yes,Teacher,2722.13,lee.jones@yahoo.com,Loan disbursed to account,Normal,False
CUST-2428,TXN104815,47.0,Female,Checking,Los Angeles,2020-07-08,2024-04-29,573.86,EUR,25.49,ATM,529.0,7580.255,Default,Yes,Engineer,6180.67,pat.miller@yahoo.com,Customer flagged for review,Normal,False
CUST-2908,TXN637599,39.0,Female,Savings,New York,2021-06-24,2024-02-07,377.68,GBP,-45.86,Deposit,741.0,7580.255,Default,Yes,Doctor,6180.67,Unknown,Unknown,Normal,False
CUST-1942,TXN810336,54.0,Male,Fixed Deposit,Chicago,2020-10-09,2021-09-06,3360.02,EUR,1176.8,ATM,619.0,2701.01,Default,Yes,Accountant,11321.9,morgan.anderson@outlook.com,Customer flagged for review,Normal,False
CUST-2257,TXN329858,65.0,Male,Fixed Deposit,Los Angeles,2021-03-30,2024-02-04,2366.44,EUR,739.61,Wire Transfer,507.0,3165.39,Default,No,Lawyer,6187.73,Unknown,Transaction verified by branch None,Normal,False
CUST-1131,TXN481574,36.0,Female,Savings,New York,2019-01-23,2020-08-26,4223.34,NGN,1306.79,Wire Transfer,592.0,52353.52,Closed,Yes,Lawyer,3767.06,sara.miller@yahoo.com,Auto-debit setup confirmed,Normal,False
CUST-1865,TXN955208,50.0,Male,Fixed Deposit,Los Angeles,2023-04-29,2023-09-14,95023.01,USD,34849.53,Wire Transfer,641.0,21929.36,Closed,Yes,Teacher,4688.24,Unknown,Customer flagged for review,Normal,False
CUST-2906,TXN209027,54.0,Male,Checking,Los Angeles,2020-07-24,2021-04-03,1506.05,GBP,926.2,Wire Transfer,664.0,7580.255,Active,Yes,Teacher,5554.77,john.jackson@yahoo.com,Auto-debit s,Normal,False
cust5256,TXN944019,18.0,Female,Savings,Phoenix,2018-05-03,2021-02-21,9102.35,EUR,1981.31,Deposit,598.0,7580.255,Default,No,Teacher,19058.39,john.brown@gmail.com,Customer flagged for review,Normal,False
CUST-2285,TXN818016,23.0,Unknown,Checking,Los Angeles,2021-09-21,2023-03-02,-1.0,USD,-66.48,Deposit,608.0,-758.32,Default,Yes,Accountant,4264.63,john.wilson@outlook.com,Loan disbursed to account,Normal,False
CUST-1439,TXN678548,27.0,Female,Checking,Phoenix,2023-10-17,2023-10-27,2251.35,USD,531.65,ATM,744.0,107965.14,Active,Yes,unknown,3988.7,pat.davis@yahoo.com,Account dormant >6 months,Normal,False
CUST-1386,TXN346106,40.0,Male,Savings,New York,2019-01-31,2022-01-31,5942.93,GBP,2013.46,ATM,811.0,9288.53,Default,Unknown,unknown,8721.39,chris.jones@outlook.com,Transaction verified by branch N.Y.,Normal,False
CUST-2372,TXN280601,68.0,Male,Checking,Chicago,2020-03-12,2023-04-29,2355.39,USD,-108.1,Wire Transfer,777.0,19471.64,Active,Yes,Lawyer,8816.96,alex.jackson@gmail.com,Auto-debit setup confirmed,Normal,False
CUST-1605,TXN507207,53.0,Female,Fixed Deposit,Phoenix,2024-04-10,2024-04-10,856.0,USD,402.22,ATM,592.0,16027.35,Closed,Yes,Teacher,8697.41,lee.wilson@bank.org,Transaction verified by branch Phoenix,Normal,False
CUST-2049,TXN533718,40.0,Male,Savings,Phoenix,2023-04-02,2023-05-23,1776.24,EUR,926.96,Wire Transfer,704.0,3502.06,Default,Yes,Teacher,2301.77,taylor.davis@yahoo.com,Account dormant >6 months,Normal,False
CUST-2703,TXN397959,48.0,Male,Checking,New York,2019-09-17,2020-10-28,727.76,USD,618.64,Deposit,731.0,7580.255,Closed,Yes,Engineer,14236.72,lee.anderson@bank.org,Loan disbursed to account,Normal,False
CUST-1239,TXN689810,60.0,Female,Fixed Deposit,New York,2023-12-26,2024-01-01,20077.05,NGN,9472.68,ATM,559.0,4795.72,Default,No,Doctor,27274.79,pat.jackson@gmail.com,Loan disbursed to account,Normal,False
CUST-2977,TXN600754,24.0,Female,Checking,Chicago,2024-08-04,2024-06-29,33505.58,GBP,11246.9,Withdrawal,643.0,7580.255,Active,Yes,Accountant,32084.75,jane.taylor@gmail.com,Unknown,Normal,False
CUST-1948,TXN998899,59.0,Male,Checking,Chicago,2021-07-15,2021-08-06,175.03,EUR,-88.49,Wire Transfer,566.0,4413.19,Active,Yes,Accountant,6180.67,chris.anderson@bank.org,Unknown,Normal,False
CUST-2787,TXN488955,71.0,Male,Savings,New York,2020-07-23,2021-07-06,3677.44,EUR,91.42,Wire Transfer,543.0,14149.13,Active,Yes,Accountant,8542.54,pat.wilson@bank.org,Account dormant >6 months,Normal,False
CUST-2125,TXN272743,73.0,Female,Fixed Deposit,Chicago,2020-01-27,2021-10-14,23569.4,EUR,9504.09,Deposit,681.0,879.7,Default,Yes,Accountant,23066.48,john.miller@yahoo.com,Unknown,Normal,False
CUST-2860,TXN479342,50.0,Male,Current,New York,2019-10-24,2020-09-30,7857.27,USD,1947.1,Wire Transfer,541.0,7580.255,Default,Yes,Teacher,5667.94,jane.anderson@gmail.com,Transaction v,Normal,False
CUST-2331,TXN545904,34.0,Female,Savings,Los Angeles,2019-10-26,2023-09-10,7590.34,USD,2574.1,Wire Transfer,688.0,2985.61,Default,No,Teacher,22407.21,taylor.jones@gmail.com,KYC documents pending,Normal,False
CUST-3065,TXN258724,29.0,Male,Fixed Deposit,New York,2019-01-16,2020-01-25,9127.4,USD,3211.97,ATM,485.0,11623.17,Active,No,Accountant,10680.86,chris.jones@gmail.com,Account dormant >6 months,Normal,False
CUST-2753,TXN452544,60.0,Unknown,Savings,Phoenix,2020-04-14,2021-07-25,1276.8,USD,-0.01,ATM,505.0,3131.63,Active,Unknown,Teacher,6180.67,mike.jones@yahoo.com,Transaction verified by branch Phoenix,Normal,False
CUST-2238,TXN711326,55.0,Male,Fixed Deposit,Los Angeles,2020-02-06,2022-02-13,15961.72,EUR,618.64,Deposit,635.0,7258.98,Closed,Yes,Accountant,4688.24,sara.anderson@outlook.com,Unknown,Normal,False
cust7733,TXN536304,49.0,Male,Savings,Los Angeles,2018-10-10,2019-12-11,3651.92,GBP,-500.0,Withdrawal,729.0,15459.92,Unknown,No,Lawyer,4688.24,chris.anderson@gmail.com,KYC documents pending,Normal,False
CUST-1831,TXN827114,35.0,Unknown,Checking,New York,2020-09-12,2024-03-09,562.63,EUR,219.4,Wire Transfer,607.0,1689.42,Default,No,Engineer,1909.78,taylor.jones@,Transaction verified by branch new york,Normal,False
CUST-2658,TXN668604,29.0,Female,Fixed Deposit,New York,2022-12-22,2023-01-28,2163.78,USD,404.83,ATM,559.0,21427.79,Closed,Yes,Accountant,5602.38,sara.anderson@outlook.com,Unknown,Normal,False
CUST-1364,TXN692332,48.0,Male,Fixed Deposit,Houston,2024-01-11,2024-11-02,12519.63,GBP,3469.3,Wire Transfer,543.0,1291.8,Active,No,Doctor,19836.59,morgan.moore@bank.org,Unknown,Normal,False
CUST-1374,TXN657593,50.0,Female,Fixed Deposit,Chicago,2020-02-21,2022-07-22,2164.26,NGN,397.23,Wire Transfer,661.0,5784.37,Default,Unknown,Lawyer,6180.67,morgan.taylor@outlook.com,Auto-debit setup confirmed,Normal,False
CUST-3043,TXN617356,59.0,Male,Checking,New York,2022-06-07,2023-06-24,2045.35,EUR,118.45,Deposit,656.0,34002.08,Active,Yes,unknown,6180.67,sara.jackson@yahoo.com,Customer flagged for review,Normal,False
CUST-2194,TXN388415,29.0,Male,Fixed Deposit,Chicago,2021-03-05,2023-10-04,1981.06,USD,316.99,Wire Transfer,585.0,9783.73,Default,Yes,Engineer,6180.67,morgan.brown@yahoo.com,KYC documents pending,Normal,False
CUST-2764,TXN392189,23.0,Female,Checking,New York,2020-01-20,2024-12-06,1179.04,EUR,361.42,Wire Transfer,484.0,9452.47,Closed,No,Accountant,288.69,morgan.jones@gmail.com,KYC documents pending,Normal,False
CUST-1544,TXN639596,37.0,Female,Fixed Deposit,Chicago,2022-02-28,2024-02-25,450.23,USD,-4.42,Deposit,647.0,5897.51,Closed,Yes,Accountant,6554.3,taylor.anderson@outlook.com,KYC documents pending,Normal,False
CUST-1139,TXN377511,67.0,Male,Fixed Deposit,Phoenix,2021-05-22,2023-08-31,10770.84,USD,2344.06,Wire Transfer,550.0,9635.22,Default,No,Lawyer,6930.5,pat.jackson@yahoo.com,Account dormant >6 months,Normal,False
CUST-2222,TXN318101,60.0,Male,Current,New York,2024-04-23,2024-05-21,4817.2,EUR,1854.78,Withdrawal,614.0,9053.32,Active,No,Teacher,17972.86,lee.moore@yahoo.com,Transaction verified by branch new york,Normal,False
CUST-2364,TXN473492,69.0,Male,Fixed Deposit,Chicago,2021-11-15,2022-06-27,3183.52,GBP,1397.93,ATM,611.0,7739.34,Active,Yes,Lawyer,986.37,chris.moore@outlook.com,Account dormant >6 months,Normal,False
CUST-1047,TXN551607,51.0,Male,Checking,Chicago,2020-09-13,2021-03-07,5464.76,EUR,2217.51,ATM,663.0,10483.42,Active,Yes,Accountant,3470.86,taylor.davis@bank.org,Transaction verified by branch CHI,Normal,False
CUST-1805,TXN507193,71.0,Female,Fixed Deposit,Los Angeles,2019-04-28,2023-12-25,428.83,USD,38.06,Deposit,601.0,7580.255,Closed,No,Accountant,2367.69,alex.miller@gmail.com,Unknown,Normal,False
CUST-1617,TXN160899,37.0,Male,Fixed Deposit,Houston,2024-03-04,2024-03-30,392.83,NGN,-128.66,Wire Transfer,688.0,14006.33,Active,Yes,Lawyer,3222.9,jane.anderson@gmail.com,Unknown,Normal,False
CUST-2273,TXN896916,58.0,Female,Checking,Houston,2019-08-18,2023-05-11,2546.69,GBP,1231.03,Deposit,647.0,6521.38,Active,Yes,Doctor,4923.89,john.jones@outlook.com,Transaction verified by branch Houston,Normal,False
CUST-2949,TXN310353,28.0,Female,Fixed Deposit,Los Angeles,,2024-05-26,2132.59,NGN,866.42,Wire Transfer,759.0,7341.36,Active,Yes,Accountant,6942.98,john.moore@gmail.com,Unknown,Normal,False
CUST-3015,TXN673703,64.0,Female,Current,Chicago,2018-03-30,2023-09-19,10355.18,EUR,5065.04,Wire Transfer,667.0,22751.57,Closed,No,Engineer,20555.87,lee.wilson@,Unknown,Normal,False
CUST-2771,TXN576126,71.0,Unknown,Checking,Los Angeles,2023-04-30,2023-06-14,2814.43,GBP,265.13,Wire Transfer,738.0,12268.43,Default,Yes,unknown,6180.67,pat.jones@bank.org,Transaction verified by branch LA,Normal,False
CUST-1454,TXN795817,27.0,Male,Fixed Deposit,Chicago,2022-01-09,2023-03-29,2019.65,USD,542.33,Withdrawal,699.0,7580.255,Default,No,Doctor,7894.88,alex.anderson@gmail.com,Auto-debit setup confirmed,Normal,False
CUST-2981,TXN270253,39.0,Female,Savings,Chicago,2023-08-09,2023-12-29,2231.38,USD,1210.58,Wire Transfer,601.0,17967.86,Active,No,Accountant,1969.44,lee.smith@bank.org,Customer flagged for review,Normal,False
CUST-1397,TXN259401,25.0,Male,Fixed Deposit,Los Angeles,2021-02-25,2021-12-22,3910.94,USD,509.78,Wire Transfer,681.0,4224.44,Default,Yes,Accountant,989.97,taylor.davis@gmail.com,Loan disbursed to account,Normal,False
CUST-3040,TXN778152,74.0,Male,Savings,Chicago,2022-10-05,2024-03-30,687.52,EUR,-14.79,Withdrawal,491.0,61501.52,Closed,No,Accountant,4688.24,jane.jones@bank.org,Auto-debit setup confirmed,Normal,False
CUST-2176,TXN563011,56.0,Female,Savings,Los Angeles,2021-12-19,2022-04-10,740.12,GBP,886.38,Deposit,564.0,5277.21,Default,No,unknown,4688.24,jane.davis@bank.org,Transaction verified by branch None,Normal,False
CUST-1939,TXN563977,43.0,Male,Fixed Deposit,Phoenix,2018-01-28,2018-03-02,1527.04,GBP,153.02,Wire Transfer,620.0,1088.49,Active,Yes,Accountant,6180.67,pat.moore@gmail.com,Customer flagged for review,Normal,False
CUST-2322,TXN281111,48.0,Male,Savings,Chicago,2023-01-18,2024-02-16,36686.45,GBP,3917.72,Wire Transfer,748.0,1668.03,Unknown,Yes,Engineer,53302.49,pat.taylor@gmail.com,Customer flagged for review,Normal,False
CUST-2024,TXN487757,25.0,Male,Checking,Los Angeles,2024-03-14,2024-06-19,9999999.0,USD,4340604.86,Withdrawal,720.0,-252.09,Active,Yes,Engineer,7672429.16,jane.miller@yahoo.com,Auto-debit setup confirmed,Normal,False
CUST-1222,TXN287677,75.0,Female,Checking,New York,2023-12-26,2024-04-23,14133.6,USD,2188.94,ATM,628.0,3044.94,Closed,No,unknown,10462.72,mike.davis@yahoo.com,Unknown,Normal,False
CUST-2327,TXN190854,26.0,Female,Current,Chicago,2022-05-28,2024-05-29,7360.41,USD,3440.95,Wire Transfer,814.0,3595.56,Default,Yes,Doctor,16792.82,john.jones@gmail.com,KYC documents pending,Normal,False
CUST-2191,TXN528349,66.0,Female,Checking,Chicago,2023-06-16,2023-12-21,2313.04,USD,618.64,Deposit,647.0,7580.255,Active,No,Engineer,4349.06,sara.miller@gmail.com,KYC documents pending,Normal,False
CUST-2347,TXN373520,18.0,Male,Fixed Deposit,Los Angeles,2023-12-19,2024-03-24,28294.19,NGN,10287.47,Deposit,732.0,113778.85,Closed,No,Teacher,57845.97,jane.miller@yahoo.com,Unknown,Normal,False
CUST-3082,TXN986012,70.0,Male,Current,Los Angeles,2023-01-27,2024-01-23,816.65,GBP,702.2,Withdrawal,810.0,7351.71,Default,Yes,Teacher,6180.67,pat.miller@yahoo.com,Customer flagg,Normal,False
CUST-3172,TXN702785,48.0,Male,Fixed Deposit,New York,2020-03-11,2023-12-21,5713.71,NGN,618.64,Wire Transfer,621.0,5213.98,Active,No,Accountant,6180.67,morgan.wilson@outlook.com,Auto-debit setup confirmed,Normal,False
CUST-2263,TXN173332,41.0,Female,Checking,Los Angeles,2018-07-08,2019-01-01,12184.99,GBP,4286.7,Withdrawal,656.0,7108.7,Closed,Yes,Teacher,29174.99,chris.jones@yahoo.com,Transaction verified by branch los angeles,Normal,False
CUST-1517,TXN227952,38.0,Female,Current,Chicago,2018-08-23,2023-02-13,3927.56,USD,1142.46,Withdrawal,647.0,9993.19,Closed,Yes,Doctor,4688.24,jane.jackson@yahoo.com,Unknown,Normal,False
CUST-2066,TXN737831,47.0,Male,Current,Houston,2023-05-04,2023-09-16,716.88,USD,21.15,Deposit,611.0,7580.255,Unknown,Unknown,Teacher,2587.46,Unknown,Account dormant >6 months,Normal,False
CUST-2342,TXN119138,30.0,Unknown,Savings,New York,2018-02-10,2021-02-17,1576.17,GBP,286.21,Wire Transfer,647.0,1945.3,Closed,Yes,Accountant,2382.5,lee.anderson@,Loan disbursed to account,Normal,False
CUST-2670,TXN297687,24.0,Female,Checking,Los Angeles,2020-10-23,2020-11-06,5382.79,GBP,-0.01,Withdrawal,647.0,7580.255,Default,No,Teacher,4435.16,jane.anderson@bank.org,Unknown,Normal,False
CUST-2966,TXN502066,68.0,Female,Checking,New York,2023-08-24,2023-12-29,914.05,USD,478.76,ATM,620.0,3305.74,Default,Yes,Accountant,4335.53,morgan.smith@bank.org,Loan disbursed to account,Normal,False
cust1718,TXN788047,46.0,Male,Savings,Phoenix,2018-08-16,2022-11-25,42455.04,NGN,16335.7,Deposit,794.0,16444.59,Default,Yes,Accountant,16860.89,sara.taylor@outlook.com,Unknown,Normal,False
CUST-2379,TXN664294,19.0,Male,Savings,New York,2022-08-22,2023-09-12,3600.51,GBP,1262.48,Deposit,545.0,3315.64,Default,Yes,Teacher,6180.67,mike.smith@yahoo.com,Transaction verified by branch New York,Normal,False
CUST-2715,TXN596971,29.0,Female,Fixed Deposit,Houston,2020-06-07,2022-05-26,2652.53,EUR,8.77,Withdrawal,621.0,7609.15,Active,Yes,Accountant,651.38,morgan.miller@outlook.com,KYC documents pending,Normal,False
CUST-2767,TXN744350,24.0,Female,Savings,Chicago,2019-11-15,2021-12-13,1996.79,USD,907.99,ATM,608.0,2834.33,Active,No,Engineer,7010.84,morgan.moore@,Auto-debit setup confirmed,Normal,False
CUST-2862,TXN912327,52.0,Male,Fixed Deposit,Phoenix,2021-07-29,2022-08-06,1867.74,USD,24.12,Withdrawal,590.0,13725.1,Default,Yes,Accountant,2082.21,morgan.smith@gmail.com,Account dormant >6 months,Normal,False
CUST-2163,TXN967128,33.0,Male,Checking,Los Angeles,,2023-08-27,4489.59,USD,334.43,Deposit,642.0,8233.98,Closed,Yes,Accountant,12704.42,taylor.davis@yahoo.com,Auto-debit setup confirmed,Normal,False
CUST-2254,TXN687918,54.0,Female,Checking,Chicago,2019-05-21,2023-12-21,5586.68,GBP,741.87,Deposit,548.0,5549.26,Closed,No,Teacher,10666.48,taylor.jackson@bank.org,Account dormant >6 months,Normal,False
CUST-2378,TXN680805,44.0,Female,Checking,Houston,2021-06-11,2023-04-30,1637.3,USD,355.69,Deposit,644.0,4189.14,Default,No,Accountant,7470.25,morgan.wilson@yahoo.com,Unknown,Normal,False
CUST-1289,TXN496077,22.0,Female,Checking,New York,2018-01-30,2018-07-20,1525.92,USD,442.94,Withdrawal,735.0,2902.96,Closed,Yes,Doctor,4688.24,pat.brown@,KYC documents pending,Normal,False
CUST-1689,TXN474685,74.0,Male,Current,Houston,2022-12-26,2023-02-06,570.53,USD,311.24,Withdrawal,682.0,5956.22,Active,No,Accountant,6180.67,john.wilson@bank.org,KYC documents pending,Normal,False
CUST-2526,TXN362534,26.0,Female,Checking,Chicago,2024-02-16,2024-04-22,2843.3,USD,878.34,Deposit,599.0,12485.87,Active,Yes,Doctor,466.49,Unknown,Unknown,Normal,False
CUST-1860,TXN474698,73.0,Female,Checking,Los Angeles,2018-11-11,2024-06-06,18532.7,USD,4720.47,Wire Transfer,719.0,7580.255,Active,Yes,Teacher,18664.3,alex.miller@outlook.com,Unknown,Normal,False
CUST-1342,TXN869603,64.0,Male,Fixed Deposit,New York,2021-01-07,2022-08-30,1956.65,EUR,-17.19,Deposit,642.0,3015.16,Closed,No,Doctor,6180.67,pat.jackson@outlook.com,Customer flagged for review,Normal,False
CUST-1984,TXN543182,44.0,Male,Savings,Los Angeles,2022-05-22,2024-10-04,18213.39,USD,1893.97,Deposit,565.0,9193.64,Active,Unknown,Engineer,6023.7,lee.smith@outlook.com,Account dormant >6 months,Normal,False
CUST-1720,TXN975056,42.0,Male,Savings,Los Angeles,2019-06-19,2022-06-24,1242.15,NGN,275.09,Deposit,528.0,477.16,Active,No,Teacher,147.94,morgan.smith@outlook.com,Transaction verified by branch LA,Normal,False
CUST-1637,TXN293180,64.0,Male,Savings,New York,2018-04-17,2018-05-19,1168.51,USD,466.63,Withdrawal,601.0,892.86,Default,Yes,unknown,6450.35,taylor.smith@gmail.com,Auto-debit ,Normal,False
CUST-1014,TXN691364,47.0,Female,Fixed Deposit,Los Angeles,2019-11-02,2019-12-24,22796.45,GBP,8200.46,Deposit,730.0,7580.255,Active,Yes,unknown,28244.78,mike.moore@outlook.com,Unknown,Normal,False
CUST-2781,TXN421700,70.0,Female,Fixed Deposit,Los Angeles,2020-06-06,2023-02-25,304.95,GBP,210.72,ATM,619.0,9721.53,Active,Yes,Lawyer,6180.67,lee.davis@yahoo.com,Customer flagged for review,Normal,False
CUST-1840,TXN342584,0.0,Male,Checking,Los Angeles,2022-09-11,2022-11-07,94415.27,GBP,5657.35,Deposit,750.0,25500.18,Closed,Yes,unknown,147820.11,chris.davis@outlook.com,Loan disbursed to account,Normal,False
CUST-2500,TXN858067,53.0,Male,Checking,Los Angeles,2019-03-27,2020-03-08,1198.84,NGN,382.34,Withdrawal,761.0,37765.16,Default,Yes,Teacher,9160.87,lee.brown@bank.org,Loan disbursed to account,Normal,False
CUST-2485,TXN141236,49.0,Male,Fixed Deposit,Chicago,2023-02-20,2024-06-13,4915.04,USD,1882.85,Deposit,610.0,-334.55,Closed,No,unknown,9326.24,lee.moore@bank.org,Auto-debit setup confirmed,Normal,False
CUST-2796,TXN896180,24.0,Female,Current,Houston,2018-02-08,2022-08-30,1557.82,USD,558.58,Deposit,630.0,16901.07,Active,Yes,Teacher,2309.33,chris.moore@outlook.com,Auto-debit setup confirmed,Normal,False
CUST-1434,TXN918691,67.0,Female,Savings,Los Angeles,2020-10-02,2020-03-16,344.67,EUR,328.74,ATM,596.0,7580.255,Default,No,Engineer,5877.52,morgan.moore@gmail.com,Auto-debit setup confirmed,Normal,False
CUST-1284,TXN329177,67.0,Female,Fixed Deposit,Chicago,2019-01-24,2022-08-08,7887.74,NGN,2501.09,Wire Transfer,661.0,-88.81,Default,Yes,Engineer,12540.27,sara.jackson@bank.org,Auto-debit setup confirmed,Normal,False
CUST-2041,TXN156001,68.0,Female,Savings,New York,2023-07-25,2023-08-11,26322.43,USD,11962.77,ATM,602.0,6007.83,Default,Yes,Teacher,33957.38,john.taylor@gmail.com,KYC documents pending,Normal,False
CUST-1384,TXN193186,57.0,Female,Checking,Los Angeles,2019-01-06,2021-10-20,8241.1,GBP,3441.38,Wire Transfer,822.0,4421.72,Closed,Yes,Lawyer,14847.5,jane.jones@bank.org,Auto-debit setup confirmed,Normal,False
CUST--6553,TXN347565,55.0,Female,Checking,Chicago,2022-03-27,2022-07-12,4159.71,GBP,682.2,Wire Transfer,750.0,3312.28,Default,Yes,Lawyer,4814.29,lee.moore@yahoo.com,Unknown,Normal,False
CUST-2951,TXN900225,25.0,Female,Fixed Deposit,Chicago,2019-01-04,2021-09-12,1529.32,USD,890.33,ATM,721.0,6942.04,Active,Yes,Lawyer,6180.67,jane.jones@yahoo.com,Transaction verified by branch Chicago,Normal,False
CUST-2818,TXN800574,40.0,Male,Checking,New York,2018-03-03,2021-08-22,8679.53,GBP,2209.75,ATM,681.0,3070.91,Default,No,Lawyer,0.0,mike.brown@outlook.com,Transaction verified by branch N.Y.,Normal,False
CUST-1141,TXN140804,39.0,Female,Fixed Deposit,Chicago,2021-07-28,2023-04-01,6913.12,USD,2686.55,Deposit,734.0,2043.32,Active,Yes,Accountant,6180.67,taylor.moore@gmail.com,Customer flagged for review,Normal,False
CUST-1879,TXN580700,73.0,Female,Fixed Deposit,Phoenix,2021-08-24,2024-06-16,623.99,USD,4.26,Withdrawal,687.0,4672.49,Active,Yes,Teacher,1951.47,mike.wilson@yahoo.com,Transact,Normal,False
CUST-2986,TXN401594,37.0,Female,Checking,Houston,2023-10-01,2024-05-08,2558.02,USD,421.0,ATM,735.0,20722.38,Active,Yes,Engineer,2398.85,sara.anderson@bank.org,Unknown,Normal,False
CUST-2785,TXN192199,55.0,Male,Savings,Chicago,2022-12-25,2023-10-17,919.43,NGN,104.48,Deposit,739.0,7580.255,Default,Yes,Teacher,8682.07,chris.jackson@yahoo.com,Account dormant >6 months,Normal,False
CUST-1073,TXN524068,44.0,Unknown,Checking,Chicago,2023-02-28,2024-05-05,3932.19,GBP,853.85,Wire Transfer,712.0,2352.07,Active,Yes,Teacher,6180.67,jane.brown@bank.org,Unknown,Normal,False
CUST-1281,TXN578472,71.0,Male,Savings,Los Angeles,2022-11-05,2023-05-11,1344.39,GBP,-55.68,Wire Transfer,733.0,16024.78,Active,Yes,Engineer,10381.94,alex.wilson@gmail.com,Unknown,Normal,False
CUST-1734,TXN531652,23.0,Female,Savings,Los Angeles,2023-10-11,2023-11-15,3679.53,USD,-205.17,Wire Transfer,560.0,6728.81,Active,Unknown,Teacher,0.0,mike.miller@bank.org,Loan disbursed to account,Normal,False
CUST-1204,TXN753004,48.0,Male,Savings,Chicago,2021-03-01,2023-08-15,-99999.0,NGN,-500.0,Withdrawal,580.0,7580.255,Closed,No,Doctor,6180.67,john.jones@bank.org,Unknown,Normal,False
CUST-1160,TXN906233,50.0,Female,Fixed Deposit,New York,2019-01-17,2022-12-15,10661.59,USD,5235.7,ATM,594.0,19922.4,Default,Unknown,unknown,12488.71,mike.davis@outlook.com,Account dormant >6 months,Normal,False
CUST-1590,TXN131657,19.0,Female,Savings,Los Angeles,2018-12-30,2019-01-03,1603.27,USD,763.0,Withdrawal,572.0,-966.94,Default,Yes,Teacher,6180.67,sara.miller@yahoo.com,Account dormant >6 months,Normal,False
CUST-1415,TXN244207,28.0,Male,Fixed Deposit,New York,2020-12-13,2021-12-27,1431.85,USD,-67.57,Wire Transfer,647.0,7580.255,Default,Yes,Lawyer,6180.67,morgan.jones@yahoo.com,Customer flagged for review,Normal,False
CUST-2574,TXN750085,64.0,Male,Fixed Deposit,New York,2018-04-13,2021-05-04,9059.88,USD,1605.25,Wire Transfer,702.0,5511.03,Active,Yes,Accountant,6180.67,chris.anderson@outlook.com,Customer flagged for review,Normal,False
CUST-3132,TXN702654,65.0,Male,Savings,New York,2023-07-18,2023-08-04,1844.82,USD,1151.34,Deposit,675.0,7580.255,Active,No,Doctor,11395.47,alex.miller@outlook.com,Customer flagged for review,Normal,False
CUST-1481,TXN396788,42.0,Female,Fixed Deposit,Los Angeles,2023-01-30,2023-04-06,-1.0,EUR,354.98,Wire Transfer,554.0,20315.8,Active,No,Doctor,5001.12,alex.moore@bank.org,Customer flagged for review,Normal,False
CUST-1522,TXN858068,31.0,Male,Savings,Los Angeles,2024-05-27,2024-07-06,3762.3,USD,758.21,Wire Transfer,580.0,4195.99,Default,Unknown,Accountant,5551.22,taylor.wilson@yahoo.com,Account dormant >6 months,Normal,False
CUST-1545,TXN267642,43.0,Female,Savings,New York,2023-08-22,2024-05-22,6881.12,GBP,3170.52,Withdrawal,669.0,7580.255,Default,Unknown,Engineer,14610.71,chris.jones@gmail.com,Unknown,Normal,False
CUST-1763,TXN827398,19.0,Male,Fixed Deposit,New York,2021-04-07,2023-08-13,1357.4,EUR,452.52,Deposit,707.0,-573.84,Active,Yes,Engineer,6180.67,Unknown,KYC documents pending,Normal,False
CUST-2124,TXN433024,25.0,Male,Fixed Deposit,Los Angeles,2018-01-29,2018-06-08,2639.73,EUR,761.97,Deposit,483.0,1859.31,Default,No,Doctor,6180.67,jane.jackson@outlook.com,Transaction verified by branch Los Angeles,Normal,False
CUST-1726,TXN333623,73.0,Male,Fixed Deposit,Chicago,2020-07-16,2024-02-03,4172.73,NGN,1372.96,Deposit,486.0,-934.25,Closed,No,Teacher,12958.25,alex.jackson@bank.org,Loan disbursed to account,Normal,False
CUST-2581,TXN289013,33.0,Male,Checking,Chicago,2020-12-27,2024-01-30,8352.26,USD,1352.95,ATM,647.0,6104.91,Unknown,No,Lawyer,1871.69,jane.jackson@bank.org,Transaction verified by branch CHI,Normal,False
CUST-2612,TXN682436,30.0,Female,Fixed Deposit,Chicago,2022-07-14,2022-12-10,2821.8,EUR,-117.97,Withdrawal,651.0,-458.39,Unknown,Yes,Lawyer,10996.41,lee.davis@outlook.com,Loan disbursed to account,Normal,False
CUST-2212,TXN802821,34.0,Female,Savings,New York,2023-05-09,2024-02-05,174.31,USD,135.2,Deposit,554.0,5446.22,Active,No,Teacher,2966.17,taylor.anderson@yahoo.com,KYC documents pending,Normal,False
CUST-2607,TXN891728,48.0,Male,Savings,Los Angeles,2019-10-25,2024-06-11,160.81,NGN,-187.13,Withdrawal,773.0,-43.96,Active,Yes,Accountant,6180.67,lee.taylor@yahoo.com,Unknown,Normal,False
CUST-2584,TXN166903,71.0,Male,Checking,New York,2020-06-28,2020-09-25,324.15,GBP,127.91,Wire Transfer,655.0,18274.84,Default,Yes,Doctor,6180.67,alex.smith@outlook.com,Unknown,Normal,False
CUST--6966,TXN856169,73.0,Male,Savings,New York,2023-08-15,2024-02-24,2292.87,USD,415.55,Withdrawal,692.0,3299.52,Closed,Yes,Engineer,2871.72,sara.miller@gmail.com,Customer flagged for review,Normal,False
CUST-2421,TXN753001,24.0,Male,Fixed Deposit,Los Angeles,2021-04-12,2022-02-12,27277.53,NGN,12433.93,Withdrawal,631.0,2599.22,Default,No,Accountant,31063.86,morgan.davis@outlook.com,Loan disbursed to account,Normal,False
CUST-3005,TXN900517,53.0,Female,Fixed Deposit,Chicago,2023-03-23,2023-05-01,850.81,EUR,130.2,Wire Transfer,647.0,6300.9,Closed,Yes,Teacher,6180.67,pat.wilson@bank.org,Unknown,Normal,False
CUST-2219,TXN327258,53.0,Female,Fixed Deposit,Chicago,2024-08-05,2024-06-13,1776.29,USD,620.38,Wire Transfer,600.0,7580.255,Closed,No,Lawyer,8715.78,mike.davis@yahoo.com,Loan disbursed to account,Normal,False
CUST-1057,TXN371782,71.0,Female,Checking,Los Angeles,2021-03-16,2022-12-30,12051.21,NGN,4050.51,Withdrawal,625.0,11285.38,Default,Unknown,unknown,23929.58,pat.anderson@yahoo.com,KYC documents pending,Normal,False
CUST-1214,TXN534152,37.0,Male,Savings,Los Angeles,2018-04-18,2020-11-18,4946.34,USD,1634.94,ATM,610.0,5257.66,Default,Yes,Engineer,9101.3,sara.jones@bank.org,Unknown,Normal,False
CUST-1943,TXN406397,62.0,Female,Savings,Los Angeles,2018-09-10,2023-12-05,2514.37,EUR,566.66,ATM,748.0,2887.21,Closed,Yes,Accountant,7041.14,john.moore@bank.org,Unknown,Normal,False
CUST-2552,TXN863116,38.0,Male,Fixed Deposit,Los Angeles,2023-10-31,2023-11-02,3035.87,GBP,1030.64,Withdrawal,647.0,2557.83,Default,Yes,Accountant,9772.58,morgan.taylor@gmail.com,Customer flagg,Normal,False
CUST-2855,TXN796302,43.0,Male,Savings,Los Angeles,2019-08-03,2021-04-05,1558.61,GBP,506.2,Wire Transfer,575.0,29390.7,Active,Yes,Accountant,6180.67,john.miller@outlook.com,Customer flagged for review,Normal,False
CUST-3073,TXN144148,54.0,Female,Checking,Los Angeles,2018-01-15,2022-03-27,16717.83,USD,6237.92,Withdrawal,682.0,14486.89,Default,No,Lawyer,5121.82,alex.brown@,Unknown,Normal,False
CUST-2888,TXN652047,58.0,Male,Checking,Chicago,2023-11-25,2024-03-21,5816.87,USD,499.62,Wire Transfer,521.0,2633.0,Default,No,Lawyer,6180.67,Unknown,Loan disbursed to account,Normal,False
CUST-1873,TXN154181,67.0,Female,Checking,Chicago,2018-04-20,2024-05-26,-1.0,USD,20.59,ATM,813.0,10693.15,Active,Yes,unknown,6180.67,taylor.jackson@outlook.com,Account dormant >6 months,Normal,False
CUST-3079,TXN282348,68.0,Male,Current,Chicago,2021-07-26,2024-01-12,1516.94,USD,324.76,Deposit,731.0,2510.33,Active,Yes,Engineer,6750.73,lee.moore@outlook.com,Unknown,Normal,False
CUST-1790,TXN681744,48.0,Male,Checking,Los Angeles,2023-02-13,2023-03-27,32398.68,NGN,12032.08,ATM,639.0,4820.36,Active,No,Accountant,24576.77,alex.moore@gmail.com,Loan disbursed to account,Normal,False
CUST-3046,TXN843516,74.0,Female,Savings,Houston,2021-11-14,2021-12-26,9624.21,GBP,1680.17,ATM,733.0,6624.83,Default,No,Engineer,4688.24,sara.taylor@yahoo.com,KYC doc,Normal,False
CUST-1890,TXN864504,49.0,Male,Fixed Deposit,New York,2022-07-31,2022-12-08,19081.62,GBP,4452.79,Wire Transfer,572.0,7580.255,Active,Yes,Accountant,14598.96,lee.brown@gmail.com,KYC documents pending,Normal,False
CUST-1269,TXN382234,55.0,Female,Savings,Phoenix,2023-01-01,2024-05-27,26372.49,NGN,13312.31,ATM,608.0,5323.11,Active,Yes,Teacher,51302.07,sara.jackson@yahoo.com,Customer flagged for review,Normal,False
CUST-2284,TXN701535,51.0,Male,Savings,Los Angeles,2021-09-20,2024-04-21,24015.59,USD,3117.88,Wire Transfer,634.0,2857.57,Default,Yes,Accountant,31109.9,mike.brown@,Customer flagged for review,Normal,False
CUST-2653,TXN116885,74.0,Female,Current,Phoenix,,2022-05-24,593.71,GBP,17.23,Deposit,480.0,-387.27,Closed,No,Lawyer,6180.67,sara.smith@gmail.com,Loan disbursed to account,Normal,False
CUST-1850,TXN973673,48.0,Male,Savings,Chicago,2018-12-11,2022-11-15,675.24,EUR,85.7,Withdrawal,647.0,7580.255,Closed,Yes,Engineer,2336.07,alex.jones@bank.org,Transaction verified by branch CHI,Normal,False
CUST-2919,TXN689753,64.0,Female,Savings,Chicago,2024-02-02,2024-02-03,1678.7,GBP,386.42,Deposit,611.0,20818.51,Active,No,Doctor,5171.99,Unknown,Unknown,Normal,False
cust2534,TXN925782,47.0,Female,Current,Houston,2023-02-09,2023-02-22,354.58,USD,157.51,Withdrawal,708.0,15045.89,Default,Yes,Doctor,6180.67,lee.taylor@outlook.com,Transaction verified by branch Houston,Normal,False
cust2289,TXN173546,33.0,Female,Checking,Los Angeles,2023-08-18,2024-03-09,130.25,USD,-72.04,Deposit,647.0,7580.255,Active,Yes,Doctor,6180.67,pat.moore@gmail.com,Auto-debit setup confirmed,Normal,False
CUST-1907,TXN333662,28.0,Male,Checking,Chicago,2023-10-27,2024-04-25,48206.78,EUR,17003.48,ATM,622.0,1617.17,Default,Yes,Lawyer,72144.89,chris.jackson@gmail.com,KYC documents pending,Normal,False
CUST-2183,TXN897970,72.0,Female,Savings,New York,2021-04-11,2023-09-05,259.69,GBP,452.68,ATM,647.0,3718.15,Active,Yes,Accountant,1723.07,mike.miller@outlook.com,Unknown,Normal,False
CUST-2144,TXN322799,68.0,Male,Fixed Deposit,New York,2018-09-02,2020-12-28,4599.83,USD,1908.73,Wire Transfer,632.0,14906.1,Active,No,Engineer,6180.67,john.moore@gmail.com,Transactio,Normal,False
CUST-2548,TXN450516,48.0,Male,Savings,New York,2019-10-03,2023-12-18,4749.09,USD,434.81,Deposit,557.0,11186.97,Default,No,Teacher,4688.24,john.miller@yahoo.com,Customer flagged for review,Normal,False
CUST-1752,TXN360811,18.0,Male,Checking,New York,2022-11-21,2024-10-03,1051.63,USD,186.1,Deposit,509.0,7580.255,Default,No,Accountant,1138.22,pat.jackson@gmail.com,Loan disbursed to account,Normal,False
CUST-2766,TXN201240,59.0,Male,Savings,Houston,2022-06-05,2022-08-27,1348.33,USD,791.6,Deposit,533.0,10251.05,Active,No,Teacher,6180.67,chris.smith@gmail.com,Customer flagged for review,Normal,False
CUST-2339,TXN816074,48.0,Female,Checking,New York,2022-11-29,2023-04-26,3989.82,USD,19.09,ATM,727.0,10398.85,Default,Yes,Lawyer,8168.87,lee.wilson@yahoo.com,Unknown,Normal,False
CUST-1344,TXN858862,70.0,Female,Savings,Chicago,2023-02-01,2023-07-31,12224.0,EUR,506.14,Wire Transfer,632.0,14045.43,Active,Yes,Engineer,3203.59,taylor.jackson@yahoo.com,KYC documents pending,Normal,False
CUST-2487,TXN350839,22.0,Female,Savings,Phoenix,2019-01-24,2020-03-29,791.71,USD,198.87,Deposit,595.0,14987.09,Active,Yes,Doctor,4688.24,sara.taylor@bank.org,Auto-debit setup confirmed,Normal,False
CUST-3122,TXN169072,53.0,Female,Savings,Los Angeles,2018-04-23,2018-07-09,889.12,NGN,141.4,Withdrawal,635.0,1747.38,Closed,No,Lawyer,6180.67,pat.taylor@outlook.com,Unknown,Normal,False
CUST-1159,TXN560398,25.0,Female,Fixed Deposit,New York,2022-10-20,2023-05-19,4543.66,EUR,1249.74,Withdrawal,633.0,4949.29,Closed,No,Accountant,344.84,sara.moore@outlook.com,Unknown,Normal,False
CUST-2345,TXN561759,66.0,Male,Savings,Phoenix,2023-12-28,2024-05-28,2989.81,GBP,1444.96,Wire Transfer,542.0,3425.32,Active,Unknown,Lawyer,0.0,lee.taylor@gmail.com,Auto-debit setup confirmed,Normal,False
CUST-1276,TXN216359,31.0,Female,Checking,Chicago,2022-12-11,2023-03-25,6045.83,GBP,891.93,Deposit,700.0,9926.1,Default,Yes,Lawyer,6180.67,taylor.jones@outlook.com,Unknown,Normal,False
CUST-1549,TXN791300,58.0,Male,Savings,New York,2021-02-13,2022-08-19,3011.52,EUR,1035.26,Wire Transfer,621.0,6765.61,Unknown,No,Doctor,11969.65,john.wilson@gmail.com,Loan disbursed to account,Normal,False
CUST-1155,TXN936433,62.0,Male,Savings,Phoenix,2019-09-24,2020-02-22,3626.82,USD,1274.17,Wire Transfer,535.0,25930.2,Closed,No,Accountant,1792.42,sara.anderson@yahoo.com,Unknown,Normal,False
CUST-3072,TXN963909,37.0,Female,Fixed Deposit,New York,2019-01-02,2020-04-08,1793.63,USD,506.65,Withdrawal,537.0,1750.05,Closed,No,Engineer,3115.03,jane.miller@yahoo.com,Unknown,Normal,False
CUST-2192,TXN960333,19.0,Female,Fixed Deposit,Phoenix,2020-11-16,2024-02-24,2179.82,USD,274.08,Deposit,718.0,14094.92,Default,Yes,Engineer,2602.5,alex.moore@outlook.com,KYC documents pending,Normal,False
CUST-2868,TXN794409,20.0,Female,Checking,New York,2024-05-11,2024-05-21,5690.28,USD,1706.33,ATM,600.0,7580.255,Active,No,Doctor,4688.24,pat.smith@bank.org,Auto-debit setup confirmed,Normal,False
CUST-2837,TXN111038,70.0,Male,Savings,New York,2018-10-12,2021-06-29,766.09,USD,-236.17,Wire Transfer,607.0,3765.54,Closed,No,Doctor,839.54,john.miller@yahoo.com,KYC documents pending,Normal,False
CUST-2309,TXN811338,38.0,Male,Fixed Deposit,New York,2018-03-29,2018-04-15,1149.05,NGN,73.43,Wire Transfer,678.0,3259.58,Default,Yes,Doctor,8220.84,taylor.smith@gmail.com,Auto-debit setup confirmed,Normal,False
CUST-1741,TXN137964,52.0,Female,Checking,Chicago,2022-11-06,2023-02-04,5342.6,USD,1467.77,Withdrawal,634.0,3805.52,Active,Unknown,Lawyer,15214.43,lee.smith@yahoo.com,Account dormant >6 months,Normal,False
