customer_id,transaction_id,age,gender,account_type,branch,account_open_date,transaction_date,balance_amount,currency,transaction_amount,transaction_type,credit_score,loan_amount,loan_status,loan_approved,occupation,annual_income,email,notes
CUST-2723,TXN802843,27,MALE,Savings,Los Angeles,17-Apr-2018,11/15/2018,1752.31,GBP,300.42,DEPOSIT,676,4527.56,Defaulted,no,Lawyer,4645.03,chris.davis@gmail.com,Auto-debit setup confirmed
CUST-2134,TXN845682,39,M,SAVINGS,Los Angeles,04/04/2020,11/14/2022,989.62,usd,358.67,ATM,522,78990.79,active,no,Doctor,-4789.56,alex.jones@bank.org,Customer flagged for review
CUST-1534,TXN886476,43,FEMALE,Current,N.Y.,22/03/2019,13/04/2020,7367.11,NGN,779.27,Withdrawal,636,8441.53,DEFAULT,No,enginr,-2553.02,lee.taylor@bank.org,Account dormant >6 months
CUST-1595,TXN608013,45,Female,checking,N.Y.,06-30-2022,02/02/2024,1312.88,USD,510.31,Transfer,783,30960.3,DEFAULT,YES,enginr,-4061.07,alex.smith@outlook.com,Customer flagged for review
CUST-1852,TXN132011,37,,FD,Phoenix,11/21/22,04/29/2024,5808.98,eur,1440.72,Transfer,661,11662.58,closed,no,Accountant,11324.65,mikejonesgmail.com,Loan disbursed to account
CUST-2086,TXN920256,67,F,savings,new york,01-05-2018,2024-01-05,8923.45,GBP,2564.82,Transfer,482,-416.13,Default,No,,,chris.wilson@yahoo.com,Loan disbursed to account
CUST-2681,TXN964990,51,F,SAVINGS,Phoenix,02-23-2020,2024-06-30,145.13,GBP,123.86,atm,626,3503.44,Closed,YES,Engineer,-3432.74,jane.jones@bank.org,KYC documents pending
CUST-2104,TXN145011,54,MALE,FD,LA,22/01/2024,05/27/2024,460.9,USD,177.08,Wire Transfer,,2938.11,closed,NO,Teacher,-5967.09,pat.anderson@,KYC documents pending
CUST-2588,TXN347011,64,Male,Current,New York,14-Apr-2021,2023-10-06,219.46,NGN,307.07,Deposit,468,6606.9,DEFAULT,NO,LAWYER,15837.14,jane.miller@outlook.com,
CUST-1719,TXN560359,,F,Current,Chicago,29-Jul-2023,12/03/2024,1470.43,usd,311.42,Wire Transfer,756,2236.88,Defaulted,Yes,Teacher,-6414.76,,
CUST-1359,TXN682324,,M,Fixed Deposit,N.Y.,20-May-2020,12/25/2022,2741.74,usd,566.78,wire transfer,656,13887.66,Defaulted,YES,accountanf,-2196.81,taylor.jackson@yahoo.com,Loan disb
CUST-1724,TXN988168,60,M,fixed deposit,Chicago,04-22-2024,06/06/2024,683.04,NGN,,withdrawal,685,5752.85,Closed,NO,enginr,1988.57,jane.davis@bank.org,
CUST-2677,TXN942032,52,female,Fixed Deposit,Chicago,2022-11-29,2024-06-18,6149.86,NGN,548.87,atm,623,37047.35,Default,NO,LAWYER,-50000,john.jones@outlook.com,
CUST-2023,TXN961337,34,M,FD,,09-Feb-2023,08/04/2023,-99999,eur,-39847.58,Withdrawal,647,1644.59,DEFAULT,Yes,,-55879.62,,Auto-debit setup confirmed
CUST-2061,TXN462573,74,FEMALE,savings,New York,2018-01-15,2024-04-09,8757.15,USD,1701.42,DEPOSIT,598,42845.33,DEFAULT,no,enginr,,morgan.smith@gmail.com,Account dormant >6 months
CUST-2092,TXN905528,56,Male,fixed deposit,CHI,09-Jun-2020,06/19/2023,4726.87,eur,1783.28,withdrawal,755,3379.77,,,Teacher,6660.57,taylor.moore@gmail.com,Loan disbursed to account
CUST-1809,TXN968015,,female,FD,CHI,19/05/2022,2022-09-06,431.62,USD,94.63,DEPOSIT,661,4384.7,,YES,Teacher,925.08,mike.jackson@yahoo.com,KYC documents pending
CUST-1658,TXN855608,26,Male,savings,New York,23/07/2018,14/10/2022,1759.66,USD,621.65,Transfer,584,,active,yes,Lawyer,,john.smith@yahoo.com,
CUST-1531,TXN218124,52,MALE,FD,los angeles,05/05/2021,12/15/2021,14166.96, USD,2830.1,Transfer,703,2774.27,DEFAULT,Yes,LAWYER,6156.41,pat.davis@bank.org,Loan disbursed to account
CUST-2784,TXN403696,21,,checking,New York,2018-01-22,06/03/2020,963.14,EUR,79.4,DEPOSIT,606,28677.15,Default,NO,Teacher,2990.38,,Auto-debit setup confirmed
CUST-3037,TXN850702,35,Female,SAVINGS,,22/02/2019,13/12/2022,6891.49,eur,1724.23,Withdrawal,,3318.36,Closed,Yes,Docter,11009.02,morgan.brown@gmail.com,Transaction verified by branch None
CUST-2726,TXN192462,31,male,Checking,los angeles,2019-09-02,2024-02-27,3827.46, USD,905.39,withdrawal,,2943.5,Active,,Doctet,-4460.47,john.taylor@yahoo.com,Transaction verified by branch los angeles
CUST-2779,TXN827013,66,female,Savings,CHI,28-Apr-2018,12/15/2021,15165.08,EUR,-500,Wire Transfer,647,,closed,NO,,30832.54,lee.brown@yahoo.com,Account dormant >6 months
CUST-2943,TXN312571,41,MALE,Fixed Deposit,,09/26/23,09/05/2024,4257.61,eur,1781.99,Deposit,574,4691.9,closed,YES,teachr,3584.65,sara.davis@bank.org,KYC documents pending
CUST-2982,TXN844624,47,F,savings,new york,18-Jan-2019,12/10/2020,2285.29,gbp,137.16,ATM,618,,Default,Yes,Engineer,-5848.7,chris.brown@,
CUST-2621,TXN838659,46,F,SAVINGS,Los Angeles,08/11/20,04/25/2022,5407.65,eur,1767.2,ATM,681,5927.29,Defaulted,yes,Teacher,1194.46,,Loan disbursed to account
CUST-2840,TXN870629,67,Male,savings,Los Angeles,2021-03-11,14/10/2023,2090.57,GBP,-178.66,Deposit,665,3459.29,closed,No,Engineer,,chris.anderson@bank.org,
cust2008,TXN502697,45,female,Savings,LA,24/12/2021,15/08/2022,866.31,EUR,9999999,withdrawal,,6996.37,active,Yes,Accountant,-10608.8,jane.jones@outlook.com,Customer flagged for review
cust1750,TXN354471,,Male,Checking,los angeles,19/09/2018,10/03/2021,2061.9,gbp,810.61,wire transfer,434,7674.86,active,no,Accountant,1403.72,taylor.smith@bank.org,Transaction verified by branch los angeles
CUST-3156,TXN767992,,MALE,Savings,,09-29-2018,2020-11-20,207.69,USD,-145.2,Deposit,588,33983.32,Active,no,enginr,1218.86,chris.jones@outlook.com,
CUST-1068,TXN820221,65,F,Checking,new york,2019-05-26,2023-02-19,1012.56,EUR,13.18,wire transfer,734,11425.67,Active,YES,enginr,-7696.91,mike.jones@outlook.com,Loan disbursed to account
CUST-2901,TXN408889,63,male,Checking,Chicago,06/06/2021,2024-03-13,29147.88, USD,9940.85,atm,720,63022.49,Defaulted,yes,teachr,13600.54,morgan.moore@bank.org,Account dormant >6 months
cust6084,TXN618510,22,M,Checking,los angeles,07/08/23,28/11/2023,22658.81,USD,11254.02,wire transfer,653,1927.71,Default,yes,Accountant,31235.02,morgantaylorgmail.com,Account dormant >6 months
CUST-1433,TXN975761,47,FEMALE,checking,Los Angeles,2019-01-12,21/07/2023,4666.34,EUR,1979.13,Withdrawal,615,25551.36,active,NO,enginr,8370.19,pat.wilson@bank.org,Customer flagged for review
CUST-1501,TXN326735,67,F,fixed deposit,,11-27-2021,14/05/2024,2759.79, USD,987.84,Withdrawal,750,3275.64,closed,Yes,enginr,777.69,john.miller@bank.org,Transaction verified by branch None
CUST-1496,TXN956505,28,FEMALE,savings,LA,31/02/2020,2024-02-15,750.64,USD,-287.29,Transfer,627,,Default,No,Lawyer,11064.36,john.smith@outlook.com,Transaction verified by branch LA
CUST-2060,TXN404562,65,,FD,Los Angeles,03-29-2018,06/04/2018,894.78,eur,534.34,Deposit,,4602.82,Active,YES,Teacher,,pat.jones@yahoo.com,KYC documents pending
CUST-2019,TXN130719,,FEMALE,Checking,N.Y.,23-Jan-2018,2024-04-08,1248.85,EUR,3.09,atm,718,12304.01,Default,Yes,Teacher,1160.95,taylor.brown@yahoo.com,
CUST-1933,TXN514250,74,MALE,Current,Houston,2024-03-19,2024-04-01,12072.1,gbp,938.3,DEPOSIT,706,135219.47,ACTIVE,yes,Doctor,16480.59,john.wilson@gmail.com,Loan disbursed to account
CUST-1381,TXN170060,44,FEMALE,SAVINGS,LA,13-Sep-2022,2023-05-25,2350.08,EUR,480.31,Transfer,575,5201.58,ACTIVE,NO,teachr,-1903.73,chris.davis@outlook.com,
CUST-2636,TXN331265,24,MALE,checking,Houston,15-Jun-2023,08/27/2023,604.84,GBP,312.01,withdrawal,565,2835.42,closed,No,,-3652.67,sara.jackson@bank.org,KYC documents pending
CUST-1181,TXN674765,31,FEMALE,Savings,New York,03/29/19,28/01/2020,228.22,usd,284.38,DEPOSIT,640,27940.05,Active,YES,Doctor,-7573.12,mike.miller@outlook.com,Customer flagged for review
CUST-1407,TXN718312,32,Male,Checking,CHI,09-17-2023,12/03/2023,-1,EUR,511.45,DEPOSIT,604,9745.41,ACTIVE,NO,Docter,7710.07,sara.wilson@outlook.com,Loan disbursed to account
CUST-2836,TXN403446,28,M,checking,N.Y.,2021-01-29,2024-05-26,1215.1,gbp,147.61,Wire Transfer,,7843.94,DEFAULT,yes,LAWYER,5700.18,morgan.miller@bank.org,KYC documents pending
CUST-1730,TXN463688,22,M,savings,new york,27-Apr-2018,2022-06-02,2591.31,USD ,666.35,Deposit,528,11176.77,closed,YES,enginr,10576.58,john.taylor@gmail.com,Account dormant >6 months
CUST-1366,TXN581498,56,F,Fixed Deposit,N.Y.,09-18-2021,27/09/2023,-99999,gbp,-49613.0,Withdrawal,656,7340.12,Active,No,Docter,-93306.64,lee.moore@outlook.com,Customer flagged for review
CUST-3090,TXN782977,36,female,savings,los angeles,2022-03-20,03/22/2023,744.42,eur,117.66,withdrawal,664,11949.26,closed,YES,LAWYER,-4334.54,morgan.brown@yahoo.com,Auto-debit setup confirmed
CUST-2177,TXN352327,30,Male,Fixed Deposit,new york,2021-04-14,2024-05-02,7334.32,gbp,1022.28,atm,794,,Active,Yes,LAWYER,,alex.davis@outlook.com,Loan disbursed to account
CUST-1568,TXN849005,42,MALE,SAVINGS,Houston,09-13-2021,14/12/2021,-99999,usd,-14665.72,withdrawal,652,2731.9,Closed,yes,Doctor,-189720.54,jane.brown@bank.org,Account dormant >6 months
CUST-2885,TXN225738,32,Female,FD,,03/06/19,2024-02-08,36169.79, USD,17306.76,Wire Transfer,718,-541.74,DEFAULT,Yes,Engineer,32033.69,john.jackson@outlook.com,
CUST-2475,TXN216353,,F,CHECKING,N.Y.,09/11/20,03/10/2023,12137.85,usd,5376.36,wire transfer,652,3303.53,DEFAULT,no,accountant,20337.35,chris.brown@bank.org,Transaction verified by branch N.Y.
CUST-1489,TXN970049,57,female,checking,,03/02/19,2024-01-22,6764.38, USD,3068.6,Wire Transfer,615,7261.85,ACTIVE,No,enginr,6766.12,jane.smith@outlook.com,Customer flagged for review
CUST-2783,TXN697480,50,M,savings,N.Y.,09-Jan-2018,10/04/2022,2884.06,EUR,446.13,DEPOSIT,889,46437.33,Default,Yes,Teacher,6978.98,taylor.wilson@bank.org,KYC documents pending
CUST-1211,TXN817999,23,MALE,CHECKING,Houston,2018-04-10,03/12/2022,10441.44,USD ,2132.02,DEPOSIT,692,,Active,Yes,Ajcountant,0,morgan.wilson@outlook.com,Auto-debit setup confirmed
CUST-2760,TXN673372,46,female,FD,new york,12/17/18,04/06/2022,1330.13,usd,407.74,wire transfer,656,6074.43,DEFAULT,Yes,Docter,,,Account dormant >6 months
cust6937,TXN759062,57,FEMALE,Fixed Deposit,new york,07-17-2021,2023-11-02,1495.49,usd,180.02,Transfer,545,5276.51,active,Yes,Accountant,6033.21,taylor.smith@outlook.com,
CUST-2425,TXN519511,69,M,savings,,2022-04-26,2024-01-24,1955.21,EUR,405.07,Deposit,good,,Defaulted,no,Teacher,2353.16,lee.smith@gmail.com,
CUST-3008,TXN677092,23,MALE,Current,los angeles,2018-01-22,01/31/2021,20285.31,USD,,ATM,,4224.08,DEFAULT,Yes,accountant,14380.15,taylor.miller@bank.org,
CUST-1319,TXN558669,200,Female,Savings,Chicago,01-06-2022,2022-08-21,555.85,GBP,-33.55,withdrawal,742,5076.1,Closed,No,Accountant,2697.4,sara.moore@bank.org,Customer flagged for review
CUST-2724,TXN663140,75,male,Current,New York,10/10/2020,2022-08-16,411.53,USD,73.57,Deposit,752,7653.66,Defaulted,YES,enginr,1008.7,,Auto-debit setup confirmed
CUST-1811,TXN463674,44,male,FD,Chicago,07-17-2023,12/15/2023,1666.45,eur,29.28,atm,611,2309.68,ACTIVE,YES,LAWYER,1112.08,pat.moore@bank.org,
CUST-1169,TXN594596,67,F,Checking,Houston,12/27/20,20/04/2021,864.16,gbp,299.72,Transfer,683,4611.35,closed,YES,teachr,-3769.34,john.anderson@yahoo.com,Account dormant >6 months
CUST-2792,TXN569270,63,MALE,fixed deposit,Los Angeles,00/13/2019,11/27/2021,7468.17,NGN,1629.03,Withdrawal,563,11420.42,Closed,no,LAWYER,,jane.moore@outlook.com,Customer flagged for review
CUST-1452,TXN155994,41,Male,Savings,N.Y.,05/01/24,2024-06-21,2488.48,NGN,461.77,withdrawal,717,4744.17,Defaulted,yes,Accountant,3449.85,lee.jones@outlook.com,Loan disbursed to account
CUST-1664,TXN782841,26,FEMALE,Fixed Deposit,Phoenix,30-Aug-2021,03/06/2022,30676.15,EUR,10448.51,wire transfer,683,12878.17,DEFAULT,yes,enginr,29279.83,morgan.anderson@yahoo.com,KYC documents pending
CUST-1603,TXN467411,36,male,Current,LA,11/19/19,17/12/2021,23675.15,USD ,8092.05,DEPOSIT,705,4900.17,,yes,Teacher,13695.73,janemillergmail.com,Loan disbursed to account
CUST-1632,TXN525155,70,Female,fixed deposit,CHI,16/05/2021,11/04/2022,5209.08,usd,410.28,wire transfer,645,27544.8,Active,No,,7996.46,taylor.smith@yahoo.com,KYC documents pending
CUST-2262,TXN744925,65,M,Fixed Deposit,New York,05-Sep-2022,2024-04-07,9327.84,EUR,3662.22,withdrawal,601,38877.95,active,no,Teacher,12953.88,morgan.taylor@gmail.com,Customer flagged for review
CUST-3135,TXN353585,60,MALE,checking,Los Angeles,01/02/2020,01/25/2022,577.24,USD ,66.0,Deposit,623,,Active,YES,Lawyer,,morgan.jones@yahoo.com,Loan disbursed to account
cust7273,TXN779642,60,female,fixed deposit,los angeles,27/01/2022,2022-08-20,12540.11,EUR,1505.72,Transfer,674,2709.39,Active,yes,Teacher,1259.41,pat.jones@bank.org,Loan disbursed to account
CUST-2391,TXN805723,31,male,Savings,Chicago,20/07/2020,02/22/2021,1731.04,GBP,225.25,Deposit,642,2746.51,Closed,no,,1229.55,leemillergmail.com,Loan disbursed to account
CUST-3062,TXN647175,55,Male,Checking,los angeles,04/23/23,01/04/2024,302.33,USD ,-80.76,wire transfer,715,5075.91,Active,Yes,Teacher,-3775.7,mike.anderson@yahoo.com,Transaction verif
CUST-1369,TXN663849,69,F,savings,Houston,02-12-2023,2023-12-20,2940.46,usd,1303.19,Transfer,,7902.81,DEFAULT,No,Doctor,5957.71,sara.jackson@bank.org,Customer flagged for review
CUST-1540,TXN923622,56,MALE,Checking,Houston,04/07/2021,18/12/2021,3473.04,eur,627.41,Deposit,0,2347.0,Closed,No,Teacher,-1735.33,morgan.wilson@outlook.com,Auto-debit setup confirmed
CUST-1641,TXN574320,41,Male,CHECKING,Chicago,01-17-2019,09/03/2022,5511.79, USD,849.01,atm,762,16283.43,Defaulted,yes,Teacher,-50000,mike.wilson@yahoo.com,Transaction verified by branch Chicago
CUST-2960,TXN652997,75,M,CHECKING,CHI,05-21-2023,03/06/2024,2852.56, USD,1493.14,Deposit,652,31161.58,ACTIVE,YES,Lawyer,6696.87,taylor.brown@bank.org,Loan disbursed to account
CUST-1373,TXN899840,53,male,savings,Los Angeles,2021-07-09,01/08/2024,2401.55,NGN,50.0,DEPOSIT,697,,Closed,yes,LAWYER,9123.88,morgan.miller@outlook.com,Customer flagged for review
CUST-2956,TXN750600,68,,checking,N.Y.,04/05/19,10/07/2023,2162.69, USD,142.34,Deposit,513,3886.47,ACTIVE,,Engineer,331.35,taylor.brown@bank.org,Loan disbursed to account
CUST-2853,TXN399335,30,M,FD,Houston,30/11/2019,16/12/2019,1884.75,GBP,951.11,atm,---,4445.56,Defaulted,Yes,accountant,5084.31,sara.wilson@gmail.com,KYC documents pending
CUST-2478,TXN509224,46,male,Savings,New York,2025-15-40,06/10/2024,1050.77, USD,537.84,ATM,593,6388.11,,No,Engineer,2737.34,lee.jones@yahoo.com,
CUST--4279,TXN796860,23,F,FD,new york,11-Nov-2020,2023-01-24,4789.12,gbp,321.88,Deposit,752,1795.02,Default,YES,Accountant,320.9,morgan.moore@,Customer flagged for review
CUST-1935,TXN427432,19,FEMALE,checking,new york,06-23-2020,2022-11-21,645.78,NGN,134.37,atm,766,,Closed,Yes,Teacher,,chris.smith@gmail.com,Account dormant >6 months
CUST-3011,TXN546314,31,male,savings,Phoenix,08/12/2020,2022-01-26,5667.65,usd,2482.41,atm,651,19765.64,Closed,Yes,enginr,3455.51,taylor.taylor@bank.org,KYC documents pending
CUST-1519,TXN598235,44,F,fixed deposit,Phoenix,11-Jan-2019,31/01/2020,187117.13,eur,,Withdrawal,609,7898.48,ACTIVE,no,Accountant,-50000,morgan.taylor@bank.org,KYC documents pending
CUST-1451,TXN478873,74,Male,Fixed Deposit,Los Angeles,21/05/2020,2021-08-11,8175.2,eur,2183.42,wire transfer,639,3057.86,Default,no,Engineer,19020.23,sara.miller@yahoo.com,Loan disbursed to account
CUST-3171,TXN413775,69,M,FD,Houston,26-Oct-2019,2020-12-31,11252.73,usd,4218.88,Deposit,540,,Defaulted,No,Engineer,19558.9,chris.jones@bank.org,Loan disbursed to account
CUST-1630,TXN527527,58,female,savings,Phoenix,10-May-2022,2022-10-11,3156.94,USD ,733.34,wire transfer,626,7706.31,ACTIVE,YES,amcountant,17086.01,sara.jackson@gmail.com,Account dormant >6 months
CUST-2127,TXN215715,72,,SAVINGS,,05-15-2024,2024-06-26,2139.73,USD ,467.23,wire transfer,665,88619.72,,yes,teachr,-9782.84,john.miller@gmail.com,Transaction verified by branch None
CUST-1492,TXN903664,59,female,fixed deposit,new york,31/02/2020,2021-08-29,5834.68,USD,2075.91,wire transfer,,2455.47,Defaulted,Yes,Docter,3360.76,sara.davis@,Account dormant >6 months
CUST-2873,TXN801252,65,FEMALE,savings,CHI,22-May-2019,2024-03-21,7479.33,gbp,3518.55,atm,536,46737.02,closed,No,teachy,-1692.21,lee.jones@gmail.com,
CUST-2920,TXN944890,,FEMALE,fixed deposit,Chicago,03-07-2024,06/11/2024,2896.67,EUR,590.32,wire transfer,542,,active,NO,,5857.59,mike.davis@yahoo.com,Customer flagged for review
CUST-2595,TXN400844,58,male,CHECKING,new york,11-Mar-2018,2022-11-03,8767.03,gbp,4169.71,Withdrawal,643,15504.44,Active,no,enginr,,mike.brown@outlook.com,
CUST-3058,TXN226422,,male,FD,Houston,17-May-2024,07/06/2024,4069.65,USD ,1712.3,Deposit,797,26649.61,DEFAULT,YES,accountant,1766.41,john.taylor@bank.org,
CUST-1516,TXN117707,66,male,CHECKING,N.Y.,05-07-2024,06/18/2024,3261.36,NGN,1619.6,wire transfer,758,2188.96,Active,YES,teachr,,pat.taylor@gmail.com,Account dormant >6 months
CUST-2959,TXN249449,51,male,Fixed Deposit,new york,10-20-2019,2023-03-29,1075.81,NGN,225.51,withdrawal,630,13215.93,DEFAULT,YES,LAWYER,-4828.66,pat.moore@yahoo.com,
CUST-2269,TXN681698,51,Female,Checking,Phoenix,2019-12-09,06/15/2020,1410.99,GBP,-0.01,ATM,573,5757.04,ACTIVE,No,Doctor,-3150.39,chris.smith@outlook.com,Customer flagged for review
CUST-2410,TXN698826,56,female,savings,Los Angeles,11/27/23,13/01/2024,1381.76,USD ,281.81,atm,761,48404.42,active,yes,enginr,-267.32,mike.taylor@yahoo.com,Loan disbursed to account
CUST--9696,TXN199355,72,FEMALE,Current,Houston,12/06/2019,2021-10-15,2713.59,USD ,92.0,wire transfer,656,17997.62,ACTIVE,Yes,accountant,6314.71,mike.miller@bank.org,
CUST-2468,TXN426683,52,Female,checking,LA,30-Dec-2019,05/10/2022,44134.53,NGN,4790.0,withdrawal,596,3046.33,DEFAULT,Yes,Lawyer,76435.35,alex.wilson@bank.org,Auto-debit setup confirmed
CUST-1213,TXN130897,35,female,savings,Los Angeles,11/03/23,26/04/2024,1204.74,NGN,213.77,ATM,637,26050.23,Default,NO,Docter,3544.43,chris.jones@gmail.com,Auto-debit setup confirmed
CUST-3051,TXN711417,72,Female,Savings,New York,07-May-2018,03/14/2024,1551.73, USD,69.29,Withdrawal,672,,active,,,7426.11,taylor.taylor@bank.org,
CUST-1473,TXN339980,25,F,CHECKING,N.Y.,10-Feb-2022,23/06/2022,33467.53,EUR,15078.11,Deposit,628,3323.61,DEFAULT,Yes,accountant,23815.47,john.moore@outlook.com,Customer flagged for review
cust1507,TXN125680,,Female,Fixed Deposit,los angeles,26-Apr-2018,2019-10-22,15806.1,eur,3941.91,withdrawal,762,5985.62,DEFAULT,yes,Teacher,29189.87,lee.anderson@gmail.com,
CUST-1367,TXN248845,68,male,Checking,los angeles,07-07-2023,2023-12-29,1928.67,eur,733.88,Deposit,675,4154.34,closed,YES,Accountant,7977.32,,Loan disbursed to account
CUST-1938,TXN160005,35,FEMALE,CHECKING,,14/07/2021,2022-09-19,14486.59,usd,628.28,withdrawal,593,1741.35,DEFAULT,,Accountant,20560.19,morgan.moore@yahoo.com,KYC documents pending
CUST-1208,TXN206142,52,F,SAVINGS,CHI,01/03/20,05/02/2022,198.88,eur,-255.06,Withdrawal,653,10506.22,DEFAULT,NO,enginr,-4182.6,sara.jackson@outlook.com,
CUST-2805,TXN292239,29,Female,Fixed Deposit,Houston,2020-02-27,09/01/2022,14569.73,EUR,1094.34,Deposit,618,2633.64,Active,NO,Doctor,15766.45,taylor.miller@yahoo.com,Transaction verified by branch Houston
CUST-2811,TXN935579,21,MALE,CHECKING,Chicago,08/10/21,12/29/2022,14030.46,eur,5564.73,Withdrawal,611,,closed,No,Lawyer,9325.83,pat.brown@bank.org,Loan disbursed to account
CUST-2016,TXN970370,,Male,CHECKING,New York,07-17-2021,03/04/2022,1413.24,gbp,911.71,DEPOSIT,673,28786.2,DEFAULT,yes,LAWYER,,alex.brown@outlook.com,
CUST-2179,TXN737690,33,MALE,Checking,Los Angeles,2020-02-15,08/27/2022,3904.45,gbp,2081.04,Transfer,,3489.69,,YES,,9191.68,taylor.miller@bank.org,Account dormant >6 months
CUST-2411,TXN893913,68,Male,Checking,LA,02-01-2021,10/22/2021,94.42,usd,-127.94,withdrawal,615,,ACTIVE,No,Doctor,-831.56,lee.taylor@bank.org,Account dormant >6 months
CUST-2961,TXN941538,43,male,Current,CHI,02-28-2022,05/06/2023,2947.7,NGN,954.67,withdrawal,673,12128.33,ACTIVE,yes,accountant,-7805.84,pat.davis@yahoo.com,Auto-debit setup confirmed
CUST-2789,TXN982525,58,,FD,Phoenix,28-Oct-2021,21/08/2023,3417.58,GBP,922.7,withdrawal,950,21987.24,ACTIVE,YES,Doctor,6817.66,lee.wilson@gmail.com,Customer flagged for review
CUST-2741,TXN611482,62,male,Current,New York,06/04/2022,23/11/2023,8981.34,usd,-500,Deposit,,5113.78,Closed,no,enginr,17931.28,sara.brown@yahoo.com,Loan disbursed to account
CUST-3157,TXN109558,23,MALE,Checking,CHI,29/05/2024,06/29/2024,8048.6,gbp,403.88,Withdrawal,745,29765.4,ACTIVE,YES,Teacher,1965.73,alex.smith@gmail.com,Loan disbursed to account
CUST-1718,TXN704116,37,female,CHECKING,LA,09/06/19,27/03/2022,6869.38,GBP,938.81,Deposit,688,1724.51,closed,yes,accountant,15064.4,,
CUST-1825,TXN898335,59,male,SAVINGS,New York,2023-10-21,2024-02-08,20318.32,USD,8497.59,ATM,unknown,669.63,active,no,Doctor,22826.89,alex.davis@outlook.com,Loan di
CUST-1952,TXN693475,30,,checking,CHI,2024-04-12,05/23/2024,4948.98,NGN,2318.05,DEPOSIT,650,15046.28,closed,No,Docter,14991.31,alex.jackson@outlook.com,
CUST-2974,TXN480130,21,MALE,CHECKING,Houston,2021-07-11,17/01/2023,13807.19,EUR,1362.09,Deposit,760,3009.04,Active,YES,Docter,12525.75,morganandersongmail.com,Auto-debit setup confirmed
CUST-2815,TXN901852,27,Female,fixed deposit,Phoenix,18/08/2022,01/09/2022,864.42,GBP,-80.81,Withdrawal,489,2156.08,Closed,no,Engineer,10289.05,sara.moore@,
CUST-1271,TXN120742,61,female,fixed deposit,Phoenix,06-24-2020,07/07/2022,2829.83,GBP,9999999,withdrawal,668,38196.55,,Yes,accountant,-2823.11,,
CUST-1542,TXN230874,44,Female,SAVINGS,N.Y.,17-Jan-2020,2022-12-02,27855.76,NGN,7558.54,Transfer,GOOD,7308.15,closed,yes,Lawyer,38298.19,jane.anderson@bank.org,Loan disbursed to account
CUST-1505,TXN865806,38,FEMALE,Fixed Deposit,Chicago,21-Jan-2019,04/22/2019,2375.8,eur,542.11,DEPOSIT,740,14669.95,DEFAULT,yes,Accountant,-13431.43,lee.brown@,Loan disbursed to account
CUST-2870,TXN391483,24,Female,Current,,14/11/2021,28/01/2022,2177.51,GBP,523.48,withdrawal,519,56154.44,DEFAULT,NO,LAWYER,2462.75,morgan.miller@outlook.com,Account dormant >6 months
CUST-3177,TXN332561,30,F,CHECKING,los angeles,11-Sep-2023,2024-01-10,74.65,gbp,-172.63,DEPOSIT,640,,ACTIVE,yes,Lawyer,,sara.anderson@bank.org,Account dormant >6 months
CUST-2146,TXN765299,,Male,Checking,LA,25/02/2018,12/19/2021,27367.4,gbp,-0.01,withdrawal,570,9282.86,active,YES,Doctor,54434.45,chris.wilson@bank.org,KYC documents pending
CUST-2080,TXN373061,29,FEMALE,checking,Phoenix,09-Sep-2019,17/01/2020,315.49,EUR,359.71,withdrawal,596,16678.96,Closed,Yes,LAWYER,-6132.85,taylor.jackson@gmail.com,Account dormant >6 months
CUST-2226,TXN316014,45,MALE,fixed deposit,los angeles,03-24-2022,04/01/2024,4333.48,eur,122.91,DEPOSIT,659,36880.74,active,YES,accountant,3697.78,john.smith@gmail.com,Transaction verified by branch los angeles
CUST-2644,TXN329392,53,female,Savings,Chicago,03/15/23,16/02/2024,1207.21,gbp,412.34,Withdrawal,565,4913.49,closed,,Doctor,-270.58,pat.anderson@bank.org,KYC documents pending
CUST-1150,TXN623555,61,FEMALE,Fixed Deposit,los angeles,12-13-2021,2023-06-25,1804.88, USD,769.63,Withdrawal,597,47356.26,,Yes,enginr,5366.96,john.smith@gmail.com,KYC documents pending
CUST-1215,TXN358771,,MALE,Current,CHI,05/31/24,06/20/2024,1585.29, USD,428.72,DEPOSIT,816,19363.1,Active,yes,Accountant,-1007.53,mike.taylor@gmail.com,Auto-debit setup confirmed
CUST-1751,TXN220401,62,male,savings,LA,N/A,2020-05-22,4768.45,GBP,285.14,DEPOSIT,0,12783.42,active,No,Docter,-620.62,pat.moore@bank.org,
CUST-1972,TXN945586,-1,female,Fixed Deposit,Chicago,06/07/20,2020-08-14,25658.52,USD,10213.89,wire transfer,766,,Defaulted,Yes,Teacher,8276.04,morgan.brown@yahoo.com,Loan disbursed to account
CUST-1676,TXN730157,52,F,Current,Phoenix,22-Oct-2020,10/30/2023,1738.11, USD,867.08,atm,good,119734.69,active,Yes,accountant,5092.1,taylor.jones@gmail.com,Loan disbursed to account
CUST-1361,TXN896509,61,Male,fixed deposit,Phoenix,07-Feb-2023,01/07/2023,19037.0,USD ,875.72,Wire Transfer,698,2718.1,Default,yes,Engineer,28034.89,jane.anderson@bank.org,KYC documents pending
CUST-3099,TXN421110,63,Male,CHECKING,new york,2018-05-28,06/18/2022,433.94, USD,2.86,wire transfer,686,7584.29,active,Yes,Teacher,1586.97,lee.miller@outlook.com,Transaction verified by branch new york
CUST-1987,TXN309606,31,Male,Current,Chicago,19/04/2022,17/11/2022,1484.94,EUR,304.82,DEPOSIT,510,13289.18,active,Yes,Doctor,4688.24,,Customer flagged for review
CUST-1152,TXN790077,72,F,Current,Los Angeles,04-28-2024,06/16/2024,1441.8,eur,790.42,Withdrawal,593,12629.86,closed,NO,enzinr,5177.82,pat.brown@gmail.com,KYC documents pending
CUST-1669,TXN346280,56,Female,Fixed Deposit,New York,2018-05-14,02/06/2024,1155.9,NGN,460.87,DEPOSIT,715,7835.25,active,YES,Engineer,3912.62,john.brown@bank.org,Transaction verified by branch New York
CUST-2727,TXN314840,,female,SAVINGS,Phoenix,2022-10-30,2024-06-26,1308.01, USD,435.3,Transfer,640,,closed,Yes,,9999999999,alex.smith@gmail.com,Customer flagged for review
CUST-1429,TXN476178,37,MALE,SAVINGS,Phoenix,05-12-2020,21/04/2024,7545.69,USD,922.21,ATM,651,3912.76,active,Yes,LAWYER,12837.56,,KYC documents pending
CUST-2808,TXN290183,50,M,fixed deposit,,04-10-2021,27/10/2021,12290.45,gbp,3787.71,wire transfer,,-727.23,active,YES,enginr,7830.62,chris.jones@gmail.com,KYC documents pending
CUST-2541,TXN746020,33,Female,checking,Los Angeles,04-29-2018,04/25/2020,12626.05, USD,1408.28,Transfer,735,,Default,YES,Doctor,22841.07,chris.taylor@bank.org,Auto-debit setup confirmed
CUST-2568,TXN538083,19,male,savings,Houston,27-Jan-2022,2024-04-08,1455.7,USD ,524.91,Transfer,757,,ACTIVE,YES,Lawyer,800.27,alex.moore@yahoo.com,
CUST-1572,TXN284616,59,Female,Checking,los angeles,01-Jul-2023,08/03/2024,40471.35,USD,3726.13,Wire Transfer,656,3610.98,closed,yes,Engineer,10024.87,patjacksongmail.com,KYC documents pending
CUST-2650,TXN252288,18,Female,Fixed Deposit,CHI,11/07/2022,01/13/2024,13070.32,eur,4315.94,DEPOSIT,664,12723.76,active,yes,Engineer,,mike.smith@bank.org,Customer flagged for review
CUST-2839,TXN631073,35,F,fixed deposit,Chicago,2022-12-22,2022-12-23,3993.54,NGN,406.12,Deposit,690,3656.8,ACTIVE,NO,Doctor,13318.09,john.wilson@gmail.com,Loan disbursed to account
CUST-2768,TXN616053,48,female,checking,CHI,12/17/20,2024-03-17,2552.44,GBP,,wire transfer,653,113172.57,Closed,no,Docter,9287.42,,KYC documents pending
CUST-1784,TXN451329,18,FEMALE,FD,new york,2019-08-03,06/24/2021,4000.59,eur,79.86,Withdrawal,526,10487.88,Default,no,Lawyer,10545.76,mike.wilson@yahoo.com,
CUST-2589,TXN894468,72,F,checking,New York,06-18-2022,09/12/2022,2927.59, USD,726.36,ATM,645,,Active,no,accountant,3869.53,pat.jackson@yahoo.com,
CUST-1372,TXN124829,68,F,fixed deposit,N.Y.,27/01/2021,2021-12-21,2681.82,USD ,1368.18,wire transfer,655,1123.87,,yes,enginr,123.75,pat.brown@yahoo.com,
CUST-1012,TXN931621,72,F,SAVINGS,LA,01-Feb-2023,2023-05-09,1400.78,EUR,-191.36,Withdrawal,655,2800.9,Default,YES,Doctor,3795.35,john.davis@yahoo.com,
CUST-1359,TXN682324,,M,Fixed Deposit,N.Y.,20-May-2020,12/25/2022,2741.74,usd,566.78,wire transfer,656,13887.66,Defaulted,YES,accountanf,-2196.81,taylor.jackson@yahoo.com,Loan disb
CUST-1071,TXN665158,55,MALE,savings,N.Y.,12/07/2018,04/27/2020,1487.53,usd,356.07,withdrawal,unknown,1195.98,ACTIVE,yes,teachx,-7726.56,alex.anderson@yahoo.com,Transaction verified by branch N.Y.
CUST-3198,TXN186743,46,Female,Current,,07-Jun-2019,11/26/2021,6963.58, USD,949.33,wire transfer,732,,Default,yes,Doctor,11494.63,taylor.taylor@,Auto-debit setup confirmed
CUST-1317,TXN218887,47,M,savings,N.Y.,13-Mar-2021,02/10/2021,1088.51,usd,14.54,Withdrawal,743,13955.1,Active,Yes,teachr,232.45,,Account dormant >6 months
CUST-2349,TXN598675,31,male,checking,Los Angeles,09-Apr-2022,07/20/2022,1979.5,eur,1.41,withdrawal,737,19287.02,,NO,enginr,,jane.smith@yahoo.com,
CUST-2989,TXN249040,26,,Current,LA,22/05/2024,2024-05-22,19661.54,NGN,1959.27,Withdrawal,,5124.88,Default,no,Docter,14931.24,sara.anderson@bank.org,Customer flagged for review
CUST-1413,TXN611126,23,Female,Checking,los angeles,10-13-2021,05/02/2023,641.44, USD,645.85,wire transfer,747,,,yes,Docter,-663.88,,Account dormant >6 months
CUST-1620,TXN730970,20,FEMALE,Fixed Deposit,CHI,08-07-2018,12/28/2021,1862.56,gbp,443.38,withdrawal,0,13130.43,,No,teachr,5409.55,lee.miller@yahoo.com,Loan disbursed to account
CUST-2463,TXN555200,37,,Fixed Deposit,Phoenix,20-Dec-2021,20/09/2023,344.44,USD ,76.25,Withdrawal,459,-344.54,Closed,NO,Accountant,0,sara.anderson@outlook.com,Customer flagged for review
CUST-2407,TXN338212,29,Male,Checking,new york,03/08/24,05/25/2024,20112.0,NGN,7503.59,ATM,592,130609.03,Defaulted,NO,Engineer,10225.22,taylor.miller@yahoo.com,Account dormant >6 months
CUST-1450,TXN127657,66,F,savings,Houston,09-03-2023,2024-04-21,6209.16,gbp,,withdrawal,738,12207.66,Active,yes,Docter,7978.72,mikemooregmail.com,Loan disbursed to account
CUST-2276,TXN788180,72,M,Checking,,05-19-2022,2023-11-15,5415.78,GBP,2364.03,Transfer,615,,Active,yes,LAWYER,,john.jackson@bank.org,Customer flagged for review
CUST-1901,TXN104400,40,male,savings,los angeles,2019-07-11,11/08/2023,8427.76,eur,2861.63,withdrawal,586,1202.31,Default,NO,Lawyer,13339.33,mike.davis@,Loan disbursed to account
CUST-3186,TXN124082,28,F,fixed deposit,New York,03/22/22,2022-12-04,1460.74,gbp,-80.96,Transfer,503,22425.57,Defaulted,Yes,,-5939.82,john.brown@bank.org,Loan disbursed to account
CUST-1740,TXN508656,48,M,Fixed Deposit,CHI,12-Aug-2018,01/12/2018,180.42,USD ,-175.9,atm,627,5997.75,Defaulted,no,Docter,-5988.07,lee.miller@gmail.com,
CUST-1954,TXN672234,25,Male,Current,new york,03-14-2020,2023-07-21,2585.73,USD ,129.72,atm,669,7628.12,active,yes,teachr,6558.43,mike.anderson@,
CUST-1660,TXN138100,61,F,SAVINGS,New York,08-Nov-2022,02/09/2024,1225.94,NGN,388.1,withdrawal,806,4886.61,closed,Yes,teachr,-3894.63,mike.anderson@bank.org,
CUST-2676,TXN969787,29,FEMALE,Savings,Los Angeles,2019-09-10,2022-04-15,667.91,USD ,1.31,ATM,738,5516.57,,Yes,Engineer,114.88,lee.moore@outlook.com,Customer flagged for review
CUST-1854,TXN834842,73,M,Fixed Deposit,new york,11/04/2021,07/02/2022,5218.8,eur,162.41,ATM,745,,ACTIVE,Yes,LAWYER,14077.55,sara.jackson@yahoo.com,Customer flagged for review
CUST-2643,TXN805861,53,MALE,Savings,Phoenix,15-Jul-2023,03/17/2024,5952.8,EUR,1916.77,Deposit,714,6220.74,Closed,yes,Teacher,-825.76,mikedavisgmail.com,
CUST-1253,TXN601602,26,female,SAVINGS,Los Angeles,16-Jan-2020,29/03/2023,959.99,USD,191.69,Withdrawal,537,3218.81,Defaulted,yes,accountant,-4969.02,lee.jones@outlook.com,
CUST-3148,TXN610372,200,male,FD,Chicago,12-31-2023,03/10/2024,1186.71,NGN,500.08,Deposit,,19298.94,ACTIVE,YES,Docter,3039.22,chris.taylor@yahoo.com,Transaction verified by branch Chicago
cust7449,TXN328026,59,Male,fixed deposit,los angeles,01/25/18,2021-05-31,10519.28,eur,934.21,Withdrawal,614,1224.71,,no,Docter,10487.06,,Loan disbursed to account
CUST-1186,TXN844618,65,male,Current,New York,14-Apr-2018,01/12/2018,41481.85,NGN,14255.69,Deposit,727,-186.79,Closed,YES,LAWYER,64761.82,john.moore@outlook.com,Transaction v
CUST-2669,TXN976668,54,M,CHECKING,Los Angeles,09/18/21,18/03/2022,28498.11,GBP,8878.43,Withdrawal,663,36135.47,Default,Yes,LAWYER,17707.9,lee.wilson@,Transaction verified by branch Los Angeles
CUST-2580,TXN772364,47,Female,FD,CHI,31-Oct-2022,10/24/2023,4777.47,eur,2045.46,Deposit,708,3193.9,DEFAULT,yes,accountant,3354.3,pat.jones@gmail.com,Auto-debit setup confirmed
cust1215,TXN269409,22,Female,FD,Los Angeles,20/03/2021,2022-11-24,6858.67,gbp,81.7,atm,616,-4.77,Default,YES,,11795.83,john.jackson@yahoo.com,Loan disbursed to account
CUST--7479,TXN143829,46,F,Checking,Los Angeles,25/06/2023,09/12/2023,4459.93,EUR,1912.88,withdrawal,690,,active,yes,LAWYER,8434.08,mike.jones@yahoo.com,Account dormant >6 months
CUST-1725,TXN930174,29,FEMALE,fixed deposit,LA,2019-06-18,05/12/2022,703.38,usd,190.82,ATM,698,9480.32,DEFAULT,yes,Accountant,-1977.13,lee.brown@outlook.com,Account dormant >6 months
CUST-2740,TXN567396,72,Male,Savings,Los Angeles,12-16-2018,24/12/2018,3418.55,GBP,225.32,withdrawal,599,41651.07,Defaulted,Yes,Docter,-1874.44,sara.anderson@bank.org,Auto-debit setup confirmed
CUST-2641,TXN730742,42,male,FD,los angeles,2019-07-02,02/19/2021,3996.22,GBP,702.82,Transfer,621,6467.25,ACTIVE,yes,enginr,5324.97,sara.taylor@bank.org,Account dormant >6 months
CUST-1353,TXN776153,39,male,fixed deposit,los angeles,01-11-2018,01/20/2019,82107.49,NGN,719.51,Deposit,540,7418.39,Closed,no,enginr,160822.21,mike.davis@bank.org,KYC documents pending
CUST-3164,TXN828062,65,F,Fixed Deposit,new york,11/06/2018,07/03/2024,2032.9,gbp,,Transfer,643,,Defaulted,,accountant,7090.19,jane.moore@yahoo.com,Auto-debit setup confirmed
CUST-2803,TXN878439,,male,fixed deposit,N.Y.,2019-10-08,03/15/2022,39243.69,NGN,16977.09,wire transfer,643,883.75,,,Teacher,77291.87,morgan.brown@yahoo.com,Account dormant >6 months
CUST-1822,TXN840843,19,Male,savings,LA,08/01/20,2023-11-04,3218.91,EUR,668.86,withdrawal,540,11192.22,Active,No,Lawyer,1270.58,john.jackson@gmail.com,Transaction verified by branch LA
CUST-1800,TXN406850,67,female,FD,,04-Dec-2021,2023-12-06,2661.12,EUR,1064.95,DEPOSIT,539,13434.61,closed,No,Docter,9109.7,alex.taylor@yahoo.com,KYC documents pending
CUST-2892,TXN390265,31,female,checking,LA,12/11/2018,2022-12-30,100552.6,USD ,37441.66,Transfer,641,,Default,NO,LAWYER,143293.78,alex.miller@gmail.com,
CUST-2615,TXN227686,35,MALE,SAVINGS,New York,05/21/22,16/06/2024,755.05,gbp,342.83,ATM,609,26340.58,Closed,yes,accountant,6865.87,lee.smith@gmail.com,Account dormant >6 months
CUST-2895,TXN493019,18,Female,Fixed Deposit,new york,10/20/23,25/01/2024,1511.66,USD ,-36.6,wire transfer,623,24531.69,ACTIVE,no,Accountant,5386.09,chris.miller@yahoo.com,Auto-debit setup confirmed
CUST-1072,TXN418594,33,MALE,fixed deposit,Houston,08-Apr-2022,02/06/2023,2144.14,EUR,156.14,Withdrawal,768,4825.79,Default,yes,,-2368.71,jane.wilson@yahoo.com,Loan disbursed to account
CUST-2141,TXN258685,21,Male,SAVINGS,Phoenix,01-Jul-2020,2022-05-30,8638.88,EUR,3781.39,Withdrawal,638,5303.43,Closed,yes,accountant,-50000,lee.moore@gmail.com,
CUST-2660,TXN815407,22,male,Savings,LA,2018-07-30,2021-10-21,1241.92,NGN,-100.46,Transfer,652,,Defaulted,yes,accountant,8311.48,taylor.miller@outlook.com,Loan disbursed to account
CUST-1246,TXN254532,24,FEMALE,savings,New York,05/08/2018,22/11/2018,5424.63,eur,1699.95,Withdrawal,738,9083.62,DEFAULT,yes,LAWYER,6348.05,,Auto-debit setup confirmed
CUST-2296,TXN756733,26,Female,Checking,LA,19-Dec-2018,29/06/2019,9999999,USD,4825457.51,DEPOSIT,631,24421.46,DEFAULT,yes,angineer,4541064.11,mike.jones@gmail.com,Transaction verified by branch LA
CUST-1236,TXN410158,,male,Fixed Deposit,CHI,10-Apr-2018,10/29/2019,1023.24,eur,,Withdrawal,629,36460.8,active,yes,Engineer,-12858.18,lee.jackson@gmail.com,Loan disbursed to account
CUST-2852,TXN849754,64,female,fixed deposit,los angeles,06-Apr-2021,07/12/2023,127793.81,NGN,7143.02,Deposit,801,6228.18,Defaulted,yes,teachr,172725.8,chris.miller@bank.org,KYC documents pending
CUST-2776,TXN100164,59,Male,Savings,Los Angeles,15-Sep-2019,2023-07-27,1979.28,usd,721.9,atm,672,50643.25,ACTIVE,yes,Docter,-5917.48,alex.smith@outlook.com,Account dormant >6 months
CUST-2775,TXN435434,48,F,Savings,Phoenix,10/13/20,08/03/2021,11142.49,USD ,9999999,DEPOSIT,574,6753.66,Closed,NO,Engineer,18522.22,lee.moore@bank.org,Account dormant >6 months
CUST-1946,TXN855708,19,F,Checking,los angeles,26-Jul-2022,2023-01-13,22808.19,eur,10813.66,DEPOSIT,668,25489.71,Default,yes,teachr,4692.8,taylor.smith@outlook.com,Account
CUST-1841,TXN359850,44,,Fixed Deposit,new york,03-Mar-2020,19/06/2020,13503.44, USD,993.08,withdrawal,631,,,no,Doctor,14743.18,sara.wilson@bank.org,Account dormant >6 months
CUST-2782,TXN948964,,,Savings,Houston,02-Jul-2019,2020-01-18,5732.58, USD,266.93,atm,638,19493.3,Active,Yes,Accountant,12816.5,morgan.jones@gmail.com,Auto-debit setup confirmed
CUST-3085,TXN606264,34,,Fixed Deposit,N.Y.,02/02/2019,2024-02-09,3279.85,gbp,822.35,Deposit,,13385.14,DEFAULT,NO,enginr,5873.82,jane.davis@bank.org,Customer flagged for review
CUST-3162,TXN690380,65,FEMALE,Fixed Deposit,Houston,02/20/21,13/01/2024,5928.21,EUR,2704.15,ATM,793,37981.01,active,YES,LAWYER,8617.66,morgan.taylor@outlook.com,
CUST-1318,TXN790677,71,MALE,Savings,,04-18-2018,02/11/2024,9485.77,eur,2184.69,atm,741,1422.66,Defaulted,YES,enginr,13953.07,taylor.moore@outlook.com,Auto-debit setup confirmed
CUST-1638,TXN216728,73,M,savings,N.Y.,12/18/19,01/13/2020,20177.28,eur,5532.66,withdrawal,558,6624.36,Closed,No,,32580.25,lee.brown@yahoo.com,Transaction verified by branch N.Y.
CUST-3026,TXN630676,,Female,Current,Houston,N/A,10/28/2019,4738.95,gbp,927.72,ATM,763,,closed,YES,Tuacher,2844.29,chris.anderson@gmail.com,Auto-debit setup confirmed
CUST-1696,TXN726997,27,male,fixed deposit,,05-Mar-2019,04/22/2021,39618.24,USD,14971.3,atm,672,,Default,Yes,Doctor,36846.7,,Loan disbursed to account
CUST-1026,TXN802258,33,M,checking,los angeles,25/10/2018,08/12/2019,1208.87, USD,935.36,DEPOSIT,648,2813.79,Active,YES,Teacher,4794.84,sara.miller@outlook.com,KYC documents pending
CUST-1267,TXN256219,38,MALE,Current,new york,2022-12-20,06/07/2023,4449.63,EUR,492.31,DEPOSIT,656,23517.04,DEFAULT,YES,Teacher,5024.53,taylor.taylor@outlook.com,Transaction verified by branch new york
CUST-2984,TXN258504,68,Female,Current,CHI,29-Oct-2018,10/29/2023,4222.96,eur,1859.93,Withdrawal,696,6032.66,ACTIVE,yes,Doctor,,lee.moore@yahoo.com,Transaction verified by branch CHI
CUST-2330,TXN949838,65,female,CHECKING,,05/07/22,18/05/2023,8339.74, USD,,Transfer,685,4278.74,Default,NO,Docter,12157.26,chris.brown@outlook.com,Transaction verified by branch None
cust6707,TXN155786,37,,SAVINGS,Chicago,2018-09-07,08/10/2021,469.28,gbp,-73.07,Wire Transfer,686,66053.58,ACTIVE,No,,116.83,jane.wilson@outlook.com,KYC documents pending
CUST-1563,TXN549875,32,male,FD,Chicago,12/04/23,2024-06-26,405.26,gbp,,Withdrawal,723,7132.74,ACTIVE,Yes,,7712.46,morgan.moore@,
cust7550,TXN740069,64,M,FD,Phoenix,03-18-2018,24/05/2020,80416.05,usd,37129.64,withdrawal,649,,closed,NO,Teacher,132738.35,alex.taylor@bank.org,Customer flagged for review
CUST-2523,TXN146009,50,female,Savings,Phoenix,2024-03-21,04/02/2024,1718.48,gbp,544.82,Transfer,,5664.7,closed,YES,Accountant,-2530.73,morgan.brown@gmail.com,Loan disbursed to account
CUST-1820,TXN496888,48,male,SAVINGS,LA,26/07/2023,05/11/2023,1335.45,USD ,694.79,Wire Transfer,804,18315.46,Defaulted,YES,teachr,1997.17,lee.davis@yahoo.com,Account dormant >6 months
CUST-1836,TXN102232,40,M,Fixed Deposit,LA,11/12/20,10/03/2023,3988.13,USD,-4.31,Wire Transfer,672,3526.44,Closed,yes,Doctor,-1433.46,taylor.anderson@gmail.com,
CUST-2239,TXN623847,21,female,Fixed Deposit,Phoenix,2018-06-01,18/02/2020,968.98,USD,,withdrawal,666,-902.71,active,yes,,81.75,taylor.smith@outlook.com,
CUST-2869,TXN929678,21,F,checking,LA,01/10/18,12/10/2019,2000.43,GBP,848.29,atm,,,Closed,NO,enginr,-2295.8,john.davis@bank.org,Transaction verified by branch LA
CUST-1970,TXN522931,51,FEMALE,CHECKING,los angeles,03-11-2024,2024-06-19,49179.24,USD ,,ATM,672,8172.71,Defaulted,YES,teachr,7830.32,john.davis@gmail.com,Auto-debit setup confirmed
CUST-2201,TXN335305,38,FEMALE,fixed deposit,los angeles,2023-06-02,2024-06-11,36764.56,USD,15591.69,atm,473,1097.85,,no,Docter,,morganjonesgmail.com,
CUST-2502,TXN103959,68,FEMALE,FD,N.Y.,27/07/2022,2024-03-03,36654.9,gbp,10472.85,Transfer,639,3260.63,DEFAULT,NO,teachr,53661.75,lee.jackson@yahoo.com,Transaction verified by branch N.Y.
CUST-2139,TXN285324,21,male,FD,New York,10/04/22,06/29/2024,132.72,USD,26.27,withdrawal,739,6723.21,Closed,Yes,LAWYER,3884.41,lee.wilson@gmail.com,
CUST-1624,TXN992827,41,male,Current,New York,04-21-2022,2022-08-30,451.35,eur,103.28,Wire Transfer,625,91740.25,ACTIVE,,LAWYER,,sara.davis@outlook.com,
CUST--8760,TXN457900,28,female,Current,new york,10-02-2020,2023-09-21,2809.23,NGN,733.46,ATM,652,8347.82,Active,Yes,enginr,,mike.jackson@outlook.com,KYC documents pending
CUST-1095,TXN677124,62,male,Checking,Houston,01-04-2024,2024-05-06,10227.69, USD,5033.58,withdrawal,pending,8881.81,ACTIVE,yes,Engineer,,lee.jones@gmail.com,Transaction verified by branch Houston
cust4534,TXN141761,68,male,FD,LA,06/07/2022,01/07/2024,1227.39,usd,429.2,Transfer,633,6517.97,Closed,Yes,Doctor,5976.92,mike.jones@,Transaction verified by branch LA
cust6644,TXN783097,48,FEMALE,savings,LA,05-26-2024,04/06/2024,885.3,EUR,544.71,DEPOSIT,GOOD,6493.04,ACTIVE,YES,enginr,401.19,morgan.wilson@gmail.com,Account dormant >6 months
CUST-1625,TXN661977,18,F,Checking,Phoenix,04-Feb-2021,2021-07-25,377.5,EUR,-72.56,Withdrawal,731,65410.81,closed,,Engineer,-7399.12,morgan.wilson@outlook.com,Transaction verified by branch Phoenix
CUST-3192,TXN407402,,MALE,Savings,CHI,01/28/19,2020-12-07,6321.01,EUR,2707.29,Deposit,659,,closed,YES,Teacher,1488.32,john.taylor@bank.org,Loan 
CUST-2587,TXN242936,,Male,FD,Phoenix,2022-05-31,24/10/2023,3044.24,USD ,427.77,atm,602,38376.42,ACTIVE,YES,Accountant,-3043.2,sara.brown@outlook.com,Customer flagged for review
CUST-1813,TXN992645,32,male,Fixed Deposit,Chicago,30/03/2023,17/04/2024,3066.31,EUR,249.38,Wire Transfer,785,54029.67,Closed,Yes,,6553.21,jane.miller@outlook.com,
CUST-2937,TXN911040,69,Male,SAVINGS,Los Angeles,19-Jul-2019,10/12/2019,37233.79,eur,9012.05,Wire Transfer,562,7158.87,Closed,No,Lawyer,33381.56,alex.davis@bank.org,Auto-debit setup confirmed
CUST-2246,TXN642855,64,F,Fixed Deposit,N.Y.,24-Jan-2018,2022-04-06,3125.15,EUR,324.94,Withdrawal,737,16181.41,DEFAULT,Yes,teachr,6791.9,morgan.davis@gmail.com,KYC documents pending
CUST-1308,TXN188923,56,MALE,fixed deposit,Chicago,2019-09-08,2021-04-17,4009.41,EUR,1755.19,Withdrawal,594,,Default,no,Doctor,2808.86,mike.moore@bank.org,
CUST-2886,TXN158850,50,F,FD,Phoenix,04-07-2023,05/14/2023,1064.12,usd,449.21,ATM,713,24858.04,Active,yes,LAWYER,9813.59,taylor.brown@yahoo.com,KYC documents pending
CUST-2418,TXN489204,61,F,FD,CHI,05-05-2022,2023-04-05,1722.42,eur,175.36,Deposit,691,30852.38,closed,No,,1030.79,john.moore@gmail.com,Transaction verified by branch CHI
CUST-1144,TXN138105,43,M,checking,,05/15/24,2024-06-05,9306.36, USD,3993.63,atm,631,4987.23,ACTIVE,yes,accountant,13306.44,pat.anderson@gmail.com,Auto-debit setup confirmed
CUST-2496,TXN891039,75,female,Current,LA,2019-03-13,2020-07-29,575.18,EUR,441.63,wire transfer,719,11204.12,Defaulted,YES,LAWYER,5251.77,pat.moore@outlook.com,
CUST-1564,TXN773039,42,Male,Savings,Houston,01/04/23,23/02/2023,338.06,EUR,3.15,ATM,549,,DEFAULT,No,Doctor,4625.27,chris.jackson@outlook.com,KYC documents pending
CUST-2553,TXN373750,23,female,Checking,N.Y.,2022-05-19,28/08/2023,5423.45,gbp,1351.69,wire transfer,675,-816.56,Closed,yes,teachr,11341.03,jane.brown@bank.org,KYC documents pending
CUST-1241,TXN192744,0,FEMALE,savings,Houston,2022-04-13,2022-05-26,5804.54,EUR,2090.17,Deposit,742,,ACTIVE,YES,Engineer,5479.46,taylor.taylor@bank.org,Customer flagged for review
CUST-2371,TXN892169,73,MALE,checking,CHI,21-Jun-2024,06/26/2024,3636.39,GBP,1556.88,Wire Transfer,544,11355.78,DEFAULT,No,Doctor,446.88,pat.wilson@gmail.com,Customer flagged for review
CUST-2932,TXN775253,44,MALE,Checking,LA,03/07/24,2024-06-06,64118.09,EUR,21710.36,Wire Transfer,674,2814.35,Closed,,Teacher,52289.55,morgan.miller@,Loan disbursed to account
CUST-2695,TXN435843,45,Female,Savings,LA,21-Sep-2019,2021-08-25,8639.64,gbp,4244.08,atm,599,14756.67,Closed,NO,enginr,14230.32,pat.wilson@gmail.com,
CUST-2307,TXN851450,75,M,Current,Houston,03-28-2024,07/04/2024,19246.97,usd,9861.63,ATM,623,1347.6,DEFAULT,yes,,12741.71,pat.miller@yahoo.com,Auto-debit setup confirmed
CUST-2823,TXN693211,50,MALE,FD,Los Angeles,2020-10-10,01/30/2024,783.95,EUR,,withdrawal,,15603.24,active,no,enginr,2550.62,alex.smith@outlook.com,Customer flagged for review
CUST-1974,TXN782608,50,Male,CHECKING,new york,09-12-2019,2022-07-09,3814.03,USD ,,withdrawal,,7650.16,ACTIVE,,Doctor,8746.68,pat.moore@gmail.com,
CUST--7756,TXN812410,40,Male,CHECKING,N.Y.,07-29-2023,2023-10-23,7194.61,EUR,570.74,Withdrawal,685,4908.71,Closed,Yes,Doctor,3599.86,john.brown@yahoo.com,
CUST-1807,TXN967901,47,MALE,FD,Houston,2024-02-16,2024-02-26,5803.97,EUR,685.2,Deposit,687,31139.29,Defaulted,NO,LAWYER,5196.79,chris.wilson@outlook.com,
CUST-1224,TXN100193,60,male,fixed deposit,los angeles,2021-07-20,2023-04-04,5542.23,eur,2013.29,atm,588,2334.02,,no,Accountant,-3516.22,pat.moore@yahoo.com,Loan disbursed to account
CUST-1132,TXN908320,65,Male,fixed deposit,Chicago,09-24-2019,08/12/2023,499.22,NGN,146.99,DEPOSIT,572,17802.33,active,no,Lawyer,6334.56,pat.anderson@yahoo.com,Auto-debit setup confirmed
CUST-3067,TXN573123,27,,savings,N.Y.,2024-01-01,2024-05-31,327.49,GBP,248.53,Transfer,604,5791.93,Default,No,Lawyer,-1134.43,taylor.taylor@yahoo.com,
CUST-3035,TXN965817,,FEMALE,FD,New York,03/06/2019,18/03/2020,275.67,usd,45.48,Wire Transfer,699,49287.06,Closed,yes,,-5483.42,jane.brown@bank.org,Customer flagged for review
CUST-1177,TXN492408,56,male,Fixed Deposit,Los Angeles,2021-02-06,07/25/2022,11031.18,EUR,2943.1,Deposit,825,3610.86,Active,no,,9838.26,sara.anderson@outlook.com,Auto-debit setup confirmed
CUST-2070,TXN780500,62,FEMALE,FD,Los Angeles,2022-01-30,12/05/2023,24597.55, USD,561.1,DEPOSIT,,7795.15,Closed,YES,Engineer,4938.46,alexandersongmail.com,Loan disbursed to account
CUST-1268,TXN289276,73,MALE,Checking,Los Angeles,03-14-2021,13/09/2021,24686.73,gbp,1419.3,Transfer,-100,5637.31,ACTIVE,No,Lawyer,36754.39,jane.davis@bank.org,Transaction verified by branch Los Angeles
CUST-1302,TXN960471,48,Female,FD,CHI,09-02-2019,01/12/2021,698.92,GBP,143.44,Withdrawal,649,2544.36,active,YES,Engineer,8143.74,chrissmithgmail.com,Account dormant >6 months
CUST-2591,TXN527545,65,FEMALE,Fixed Deposit,New York,12/26/20,2023-10-20,1161.86,eur,757.55,Transfer,629,,Default,No,accountant,-2886.69,pat.anderson@yahoo.com,Customer flagged for review
CUST-1737,TXN989199,24,Female,FD,CHI,10/12/2020,20/06/2024,815.81, USD,268.84,wire transfer,733,14523.8,Default,yes,accountamt,49.81,taylor.miller@outlook.com,Auto-de
CUST-2093,TXN995246,70,,CHECKING,N.Y.,04-29-2023,08/22/2023,1960.08,USD,858.95,withdrawal,635,,Defaulted,Yes,LAwYER,3788.26,lee.taylor@bank.org,
CUST-2346,TXN174132,49,Male,savings,Chicago,12/10/2023,02/07/2024,23523.88,NGN,10515.48,Wire Transfer,620,19041.99,DEFAULT,yes,Teacher,37912.36,jane.taylor@bank.org,
CUST-1460,TXN135558,62,MALE,fixed deposit,Phoenix,04-10-2021,03/02/2023,51.68, USD,152.48,ATM,597,,DEFAULT,No,Docter,2656.92,taylor.taylor@gmail.com,
CUST-2335,TXN642532,41,F,checking,Chicago,2020-01-01,04/05/2020,480.05,usd,292.19,wire transfer,556,2659.57,Default,Yes,LAWYER,-2675.85,sara.davis@yahoo.com,Account dormant >6 months
CUST-1462,TXN954827,29,M,fixed deposit,Phoenix,06-29-2020,14/09/2023,21426.24,NGN,7728.4,Transfer,709,8737.97,closed,No,accountant,20561.93,jane.wilson@gmail.com,
CUST-2458,TXN105812,53,F,Fixed Deposit,Chicago,11/07/2019,2022-02-13,188.59,USD,320.87,Deposit,609,4412.41,Active,NO,Docter,-8730.92,john.davis@bank.org,KYC documents pending
CUST-1619,TXN328610,39,Male,CHECKING,los angeles,2018-05-15,06/02/2019,2111.81,GBP,586.48,Deposit,664,,Closed,Yes,Doctor,5318.88,sara.moore@outlook.com,
CUST-2685,TXN676026,32,Female,Savings,Houston,24-Jan-2022,07/12/2022,1217.44,GBP,488.12,atm,637,15038.38,active,YES,Accountant,8226.8,morgan.anderson@gmail.com,Account dormant >6 months
CUST-1237,TXN780566,66,F,SAVINGS,new york,12/31/20,21/07/2022,15325.3,eur,4168.06,ATM,484,5752.05,Closed,No,Teacher,9929.52,lee.brown@gmail.com,Auto-debit setup confirmed
CUST-1982,TXN200491,24,male,Savings,Chicago,07/08/19,03/08/2020,926.45, USD,384.75,Wire Transfer,,9756.5,active,Yes,Lawyer,,pat.moore@,Auto-debit setup confirmed
CUST-2366,TXN678529,65,Female,checking,los angeles,01-06-2018,2019-12-16,324.92,USD,165.76,Transfer,801,3348.54,active,Yes,LAWYER,-3588.36,sara.jones@gmail.com,KYC documents pending
CUST-2311,TXN147640,200,FEMALE,checking,CHI,25/03/2019,2019-11-05,81.0,USD,291.04,ATM,703,1807.18,Active,YES,LAWYER,-7338.02,taylor.taylor@bank.org,KYC documents pending
CUST-1348,TXN958285,46,M,Checking,CHI,06/14/19,02/07/2023,3207.64,usd,564.04,atm,,4175.96,Defaulted,Yes,enginr,-5976.35,morgan.jones@gmail.com,KYC docume
cust3597,TXN629621,48,male,Savings,Phoenix,18-Feb-2024,2024-03-14,1060.69, USD,278.52,DEPOSIT,711,1610.2,Defaulted,yes,Lawyer,2761.04,morgan.brown@outlook.com,Auto-debit setup confirmed
CUST-3194,TXN932463,22,MALE,Fixed Deposit,Houston,2024-02-29,2024-05-18,2206.46, USD,988.42,Wire Transfer,693,36640.85,closed,YES,Docter,8744.98,jane.smith@bank.org,
CUST-2558,TXN441379,25,M,Fixed Deposit,New York,01-17-2022,2023-07-04,8936.03,NGN,1385.54,Withdrawal,714,63566.7,DEFAULT,Yes,teachr,13625.97,alex.wilson@bank.org,Loan disbursed to account
CUST-2306,TXN316277,41,MALE,FD,los angeles,2021-06-28,2021-08-12,200.87,USD,-432.52,ATM,608,5997.03,Default,no,LAWYER,-2968.73,john.wilson@outlook.com,
CUST--1893,TXN874773,58,female,FD,Phoenix,2021-11-19,11/10/2022,754.1,GBP,-61.19,Deposit,638,11021.6,DEFAULT,YES,accountant,-1460.87,jane.smith@yahoo.com,Transaction verified by branch Phoenix
CUST-1178,TXN202344,65,M,CHECKING,Los Angeles,2020-07-03,2022-05-12,1213.07,EUR,,Withdrawal,607,3792.83,,No,enginr,2059.5,mike.jones@yahoo.com,Transaction v
CUST-2594,TXN122716,65,male,savings,,11-Oct-2019,12/15/2021,328.1,EUR,130.91,DEPOSIT,591,23312.03,DEFAULT,Yes,Engineer,5115.58,john.moore@outlook.com,
CUST-2441,TXN537889,,Male,SAVINGS,los angeles,2023-02-11,2023-06-11,1883.67,eur,290.43,Transfer,593,44017.68,,no,aucountant,2011.84,chris.jones@outlook.com,KYC documents pending
CUST-1416,TXN272734,66,female,checking,LA,04/11/2022,13/12/2023,4840.39,eur,1457.22,Transfer,612,1644.67,Default,no,Docter,9817.0,john.miller@outlook.com,Account dormant >6 months
CUST-1512,TXN580140,61,Male,Checking,los angeles,12-30-2021,02/05/2022,2400.0, USD,942.91,Wire Transfer,625,1219.73,Defaulted,yes,teaghr,4430.74,john.anderson@yahoo.com,
CUST-1662,TXN498649,53,female,FD,New York,2018-10-24,03/10/2023,978.75,gbp,177.19,Withdrawal,748,43696.11,closed,yes,Doctor,3201.34,john.smith@outlook.com,Auto-debit setup confirmed
CUST-1252,TXN415504,70,male,savings,los angeles,23/07/2022,2022-10-13,1167.68,gbp,207.27,Withdrawal,691,3921.6,closed,Yes,Teacher,2079.47,chris.jackson@yahoo.com,
CUST-1816,TXN689741,51,MALE,savings,Phoenix,30-Apr-2018,07/28/2023,607.34,USD ,-131.68,DEPOSIT,547,21543.2,closed,NO,LAWYER,-10079.64,sara.taylor@gmail.com,
CUST-3193,TXN211266,42,F,FD,N.Y.,2019-08-09,18/12/2022,42398.56,NGN,13398.71,Wire Transfer,701,11572.8,Default,,Engineer,38585.62,john.wilson@yahoo.com,Account dormant >6 months
CUST-1311,TXN231211,43,F,FD,CHI,03-Apr-2023,2024-02-25,3155.82,NGN,630.0,withdrawal,,,ACTIVE,Yes,Accountant,949.24,taylor.jackson@bank.org,Account dormant >6 months
CUST-1856,TXN496240,63,M,SAVINGS,N.Y.,08/25/21,02/02/2023,536.72,eur,214.45,Wire Transfer,644,,closed,Yes,Lawyer,1169.35,john.jackson@gmail.com,
CUST-1994,TXN443461,60,Male,Fixed Deposit,CHI,10/04/18,2020-06-22,1117.84,USD,129.2,Transfer,646,1665.4,,NO,Docter,,morgan.smith@gmail.com,Auto-debit setup confirmed
CUST-1417,TXN611482,73,M,Checking,los angeles,12/23/23,2024-01-08,1340.7,EUR,169.93,Wire Transfer,420,7883.17,Defaulted,NO,accountant,9935.86,chris.anderson@bank.org,Auto-debit setup confirmed
CUST-1332,TXN747137,27,M,SAVINGS,Chicago,02-18-2024,2024-05-02,4693.59,USD ,528.96,Withdrawal,644,,,YES,accountant,4126.38,lee.davis@,Loan disbursed to account
CUST-2401,TXN377942,200,M,fixed deposit,Los Angeles,11/09/20,2023-05-15,12530.95,EUR,1391.59,atm,748,8041.02,Active,no,Engineer,20448.88,mike.jackson@outlook.com,Customer flagged for review
CUST-1897,TXN145016,23,Female,fixed deposit,new york,11/10/19,13/01/2024,370.43,gbp,40.08,Withdrawal,562,1850.25,Defaulted,No,Doctor,-3110.9,sara.smith@outlook.com,Account dormant >6 months
CUST-1774,TXN454339,27,MALE,SAVINGS,,02-Jun-2023,2023-10-17,804.77,USD,446.89,DEPOSIT,707,3241.29,closed,yes,Teacher,7900.14,john.davis@outlook.com,
CUST-2354,TXN423147,22,female,savings,los angeles,2018-12-12,2024-06-20,4431.01,gbp,1391.01,atm,709,,Active,Yes,Docter,,pat.davis@yahoo.com,Account dormant >6 months
CUST-1507,TXN365778,18,Male,fixed deposit,Houston,08-Dec-2022,01/19/2024,12348.5, USD,4615.32,Transfer,682,3066.66,Closed,,Teacher,,sara.anderson@bank.org,Auto-debit setup confirmed
CUST-1773,TXN794967,52,Male,CHECKING,CHI,2023-11-25,01/04/2024,798.32, USD,,Transfer,,15467.39,DEFAULT,No,Teacher,-320.91,alex.brown@bank.org,Auto-debit setup confirmed
CUST-1034,TXN564637,49,MALE,FD,Los Angeles,2019-03-31,2022-07-27,10099.85,EUR,1810.96,Deposit,668,29945.75,,No,LAWYER,8834.79,john.moore@,Account dormant >6 months
CUST-1924,TXN303200,49,female,Fixed Deposit,Houston,07-Nov-2018,11/30/2018,5120.32,eur,946.59,atm,647,8250.4,Defaulted,Yes,Doctor,11203.41,chris.davis@gmail.com,Account dormant >6 months
CUST-2944,TXN887112,25,F,savings,Houston,01-Dec-2020,11/09/2021,14416.97, USD,1508.39,Withdrawal,621,21015.37,,Yes,Lawyer,13833.08,alex.davis@bank.org,
CUST-3134,TXN242683,35,F,checking,los angeles,2020-07-22,09/04/2022,9999999,eur,2399159.82,ATM,554,12678.92,DEFAULT,NO,Engineer,7565720.46,,
cust9082,TXN811206,29,M,checking,los angeles,10/11/19,09/11/2022,322.68,NGN,,Withdrawal,,8413.17,Defaulted,YES,Docter,2381.8,lee.anderson@outlook.com,Auto-debit setup confirmed
CUST-2608,TXN367939,40,female,Current,Chicago,2021-08-15,2023-08-28,19247.61, USD,5653.94,atm,505,15295.73,ACTIVE,no,LAWYER,31873.11,jane.wilson@yahoo.com,Customer flagged for review
CUST-2204,TXN569165,28,MALE,Checking,,06/26/22,2023-09-22,2781.12,USD,680.15,DEPOSIT,654,3204.93,Closed,Yes,enginr,2245.32,jane.smith@yahoo.com,Auto-debit setup confirmed
CUST--7564,TXN424773,31,female,savings,,07/12/20,2024-05-27,1032.77, USD,614.42,wire transfer,644,6080.79,closed,Yes,Teacher,4048.73,pat.brown@yahoo.com,Account dormant >6 months
cust7271,TXN622062,64,F,Current,CHI,23/03/2023,07/29/2023,6822.26,USD ,802.83,DEPOSIT,640,9393.34,Closed,Yes,,6329.16,lee.moore@yahoo.com,Loan disbursed to account
CUST-2447,TXN686185,70,MALE,Fixed Deposit,New York,02-Sep-2022,02/05/2024,215.62,GBP,65.78,Deposit,656,5600.89,Default,Yes,Accogntant,-7694.45,taylor.anderson@outlook.com,Account dormant >6 months
CUST-1680,TXN729354,29,Female,checking,los angeles,06/01/2020,01/13/2021,5381.36,USD,1097.46,withdrawal,627,18866.78,active,Yes,Engineer,6139.09,taylor.smith@outlook.com,
CUST-2255,TXN172978,28,Male,Current,new york,2018-12-12,2020-05-13,3154.37,gbp,1221.3,DEPOSIT,791,,active,No,accountant,6719.24,morgan.moore@outlook.com,KYC documents pending
CUST-1780,TXN242916,59,M,Current,New York,23/12/2018,09/02/2020,4953.4,GBP,1081.21,Withdrawal,667,2905.17,DEFAULT,Yes,Accountant,7208.39,jane.wilson@gmail.com,KYC documents pending
CUST-3010,TXN261924,73,Male,fixed deposit,los angeles,08-Jan-2023,30/04/2023,3497.28, USD,-64.7,withdrawal,,9874.15,Defaulted,YES,Lawyer,-9168.4,mike.davis@yahoo.com,Auto-debit setup confirmed
CUST--2106,TXN721686,30,M,checking,new york,12-27-2022,10/02/2023,118533.42,gbp,38909.71,atm,607,4345.34,Active,No,LAWYER,102063.93,sara.jones@bank.org,Account dormant >6 months
CUST-2336,TXN785931,-1,female,fixed deposit,N.Y.,07/21/19,24/07/2019,725.54,GBP,-55.46,withdrawal,632,18716.38,DEFAULT,yes,enginr,-893.78,pat.smith@yahoo.com,Auto-
CUST-3145,TXN741728,40,male,FD,Los Angeles,08/20/22,08/06/2023,1008.76,USD ,373.47,Wire Transfer,,11070.75,Closed,Yes,LAWYER,5656.03,john.wilson@gmail.com,
CUST-2072,TXN139224,35,Female,FD,New York,28/11/2022,09/05/2023,107211.41,GBP,8041.69,withdrawal,707,9061.58,Defaulted,Yes,Teacher,165418.2,sara.jackson@gmail.com,
CUST-1681,TXN864810,65,M,Fixed Deposit,los angeles,2020-02-10,16/05/2024,362.21, USD,148.85,ATM,786,,active,NO,Accountant,322.64,taylor.anderson@yahoo.com,Transaction verified by branch los angeles
CUST-1986,TXN727733,33,female,CHECKING,New York,10/09/21,2023-02-25,419.45,USD ,-116.16,Deposit,599,16847.47,active,NO,Accountant,-591.55,pat.davis@,KYC documents pending
CUST-2116,TXN870968,42,FEMALE,CHECKING,Houston,31/01/2021,01/31/2021,29783.9,USD,13600.43,Deposit,613,13952.18,DEFAULT,Yes,Lawyer,50046.99,taylor.taylor@yahoo.com,Auto-debit setup confirmed
CUST-3179,TXN894348,50,Female,Savings,CHI,10/22/18,07/18/2021,127.24,NGN,-131.64,Wire Transfer,581,4692.57,Default,no,Doctor,3018.73,,
CUST-2302,TXN800796,27,F,FD,CHI,2018-05-13,2021-11-12,171.23,usd,315.38,ATM,551,4486.02,closed,Yes,Lawyer,1963.9,alex.jackson@bank.org,Loan disbursed to account
CUST-1490,TXN793182,52,MALE,FD,N.Y.,2018-09-07,2022-03-18,1711.26,NGN,53.11,Transfer,777,14198.9,Defaulted,Yes,LAWYER,-279.02,,Auto-debit setup confirmed
CUST-1745,TXN779946,19,M,Savings,New York,25/11/2018,07/02/2023,3171.59,eur,765.69,ATM,726,2918.54,Closed,,LAWYER,7921.7,pat.jackson@bank.org,Loan disbursed to account
CUST-2762,TXN715508,48,Female,checking,Phoenix,04-13-2018,2024-04-19,13273.71,gbp,5846.02,Withdrawal,657,-153.22,DEFAULT,no,Accountanq,18848.05,john.wilson@gmail.com,Loan disbursed to account
CUST-1518,TXN293842,,,savings,LA,03/03/2018,25/09/2023,10003.44,usd,264.58,DEPOSIT,688,13433.01,DEFAULT,YES,Doctor,9660.9,mike.brown@gmail.com,Account dormant >6 months
CUST-1153,TXN261712,68,MALE,Checking,,16-Jun-2021,20/12/2022,742.19,NGN,198.08,Withdrawal,950,316.95,Active,Yes,LAWYER,-4685.31,mike.davis@gmail.com,KYC documents pending
CUST-2562,TXN897811,63,male,SAVINGS,los angeles,23/07/2019,02/12/2023,8206.7,USD,3529.5,atm,866,,Defaulted,YES,,6789.25,alex.anderson@yahoo.com,
CUST-2719,TXN477031,51,,Savings,new york,12-03-2018,04/08/2021,488.32,gbp,-128.31,withdrawal,950,468.7,Closed,yes,Teacher,3261.41,,Customer flagged for review
CUST-1193,TXN976052,34,F,CHECKING,new york,00/13/2019,09/01/2024,1345.62, USD,-5.65,Wire Transfer,641,2877.73,Closed,Yes,eocter,,taylor.brown@yahoo.com,
CUST-2898,TXN439303,58,Female,savings,new york,18-Jul-2023,2024-04-07,339985.05, USD,47014.96,Deposit,683,6417.55,Active,no,Lawyer,547211.74,lee.moore@yahoo.com,Auto-debit setup confirmed
CUST-2386,TXN307940,72,MALE,checking,Los Angeles,24-Feb-2022,07/29/2023,6289.79, USD,2799.01,wire transfer,701,1488.83,Closed,YES,Accountant,9981.83,alex.wilson@outlook.com,Loan disbursed to account
CUST-2489,TXN384199,63,MALE,Current,los angeles,22/11/2019,04/03/2020,1653.03,eur,-221.95,wire transfer,530,2977.04,DEFAULT,Yes,Accountant,-2815.05,mike.miller@bank.org,Customer flagged for review
CUST-1205,TXN308855,67,F,checking,new york,06/22/18,2021-04-24,4472.42,GBP,148.83,Withdrawal,630,3269.64,Defaulted,Yes,teachr,348.93,taylor.miller@gmail.com,Auto-debit setup confirmed
CUST-2126,TXN120164,49,F,Fixed Deposit,los angeles,00/13/2019,12/12/2020,11278.12,GBP,630.17,DEPOSIT,638,14254.71,Default,no,,30248.15,chris.jones@bank.org,
CUST-2890,TXN808025,21,,CHECKING,los angeles,02-Aug-2022,2023-08-04,554.63,eur,401.87,DEPOSIT,812,9386.96,ACTIVE,Yes,Doctmr,3430.55,sara.wilson@,
CUST-1683,TXN197872,57,M,Checking,,2020-03-28,2023-09-11,31080.41,NGN,14827.65,wire transfer,630,6003.88,Default,YES,accountant,47469.93,taylor.smith@outlook.com,Auto-debit setup confirmed
CUST-1419,TXN381452,24,MALE,fixed deposit,,10/14/21,2022-08-01,4687.66,GBP,1510.77,atm,748,7330.84,Default,Yes,Engineer,8186.99,lee.jones@yahoo.com,Auto-debit setup confirmed
CUST-1256,TXN618951,40,FEMALE,Checking,Chicago,01-19-2019,23/01/2020,138708.07,EUR,46439.32,Deposit,741,4011.11,Closed,YES,Doctor,238799.82,jane.taylor@bank.org,KYC documents pending
CUST-1910,TXN811609,54,M,SAVINGS,N.Y.,,14/05/2021,3262.11,usd,562.43,Wire Transfer,749,,active,yes,Lawyer,963.28,,Loan disbursed to account
CUST-1333,TXN165814,27,female,savings,Phoenix,25-May-2021,2024-02-09,5613.23,NGN,2929.71,atm,686,6347.67,,YES,Doctor,9592.92,sara.jones@bank.org,
CUST-1456,TXN900028,60,M,FD,Los Angeles,09-Jul-2023,02/08/2023,1765.21,usd,241.72,atm,625,18032.7,Closed,no,Teacher,-6150.01,lee.smith@yahoo.com,Customer flagged for review
CUST-1533,TXN201042,-5,M,FD,Houston,2018-01-08,2019-11-01,500.64,NGN,472.03,Deposit,577,15342.65,active,YES,Lawyer,-919.97,sara.wilson@gmail.com,Customer flagged for review
CUST-1601,TXN238695,29,MALE,CHECKING,Houston,19-Jul-2019,2022-07-17,9999999,USD ,,wire transfer,,10150.8,Defaulted,Yes,Teacher,13764036.46,john.jackson@yahoo.com,Customer flagged for review
CUST-1594,TXN232177,,Female,Savings,los angeles,08/25/19,2020-01-09,661.21,GBP,330.17,Withdrawal,655,3937.35,Default,no,accountant,1837.12,mike.davis@yahoo.com,Auto-debit setup confirmed
CUST-1409,TXN907868,25,male,SAVINGS,Los Angeles,05-May-2018,09/08/2019,9581.04,USD ,2707.46,withdrawal,,3575.29,,yes,,15391.42,alex.taylor@outlook.com,Loan disbursed to account
CUST-2511,TXN820990,59,male,FD,New York,2020-11-23,2023-11-28,6089.74,eur,2999.94,DEPOSIT,570,2642.77,ACTIVE,NO,,1367.23,taylor.jones@gmail.com,
CUST-1896,TXN427801,49,Female,Savings,N.Y.,01-Jul-2019,16/07/2020,4814.02,USD,938.9,atm,0,9319.71,active,,enginr,8595.96,sara.brown@yahoo.com,
CUST-2544,TXN226763,38,,CHECKING,N.Y.,04/26/21,03/21/2023,33252.08,NGN,14874.57,Transfer,757,,Default,YES,,57432.79,lee.anderson@yahoo.com,
CUST-1797,TXN591519,61,F,Checking,,07/11/2019,12/12/2021,76694.41,gbp,30989.13,Deposit,,22628.97,Defaulted,no,Lawyer,142077.4,taylor.anderson@outlook.com,Customer flagged for review
CUST-2248,TXN448075,34,female,savings,Chicago,2022-02-08,2022-04-02,685.47,USD ,-126.37,Withdrawal,596,9831.82,,Yes,accountant,,chris.jones@gmail.com,
CUST-1404,TXN863181,46,F,checking,Chicago,30-Aug-2018,2018-09-11,5593.15,USD ,2026.23,ATM,615,16686.94,Closed,Yes,LAWYER,,alexwilsongmail.com,
CUST-1623,TXN882504,44,,CHECKING,LA,02-12-2021,18/04/2021,12883.79,NGN,4725.03,atm,550,8560.67,active,NO,Doctor,3596.47,patjonesgmail.com,Loan disbursed to account
CUST-2499,TXN369825,-1,Female,Savings,Los Angeles,2023-11-03,2023-12-11,573.42,NGN,166.75,atm,642,5146.69,ACTIVE,no,Teachcr,5475.11,mike.moore@gmail.com,Customer flagged for review
cust2742,TXN668716,39,Female,Fixed Deposit,CHI,2019-10-31,11/09/2020,11416.21,EUR,929.67,Withdrawal,733,,,Yes,Accountant,27172.46,jane.taylor@gmail.com,KYC documents pending
CUST-1321,TXN307488,74,MALE,fixed deposit,Phoenix,23-Apr-2020,2022-10-23,13285.12,EUR,4089.07,wire transfer,525,5281.07,Active,no,,18776.99,chris.wilson@outlook.com,Account dormant >6 months
CUST-1793,TXN561644,61,MALE,Fixed Deposit,Phoenix,2021-01-06,29/06/2023,528.48,gbp,-260.67,atm,506,2089.23,,No,enginr,-2993.54,taylor.wilson@bank.org,KYC documents pending
CUST-1578,TXN430726,35,M,Checking,new york,31/02/2020,25/06/2022,5763.22,NGN,2020.33,Deposit,686,,DEFAULT,YES,Teacher,8639.52,chris.anderson@gmail.com,
CUST-2583,TXN818849,39,F,fixed deposit,new york,03-23-2022,2023-01-26,9146.87,EUR,2601.96,wire transfer,686,,active,Yes,enginr,,morgan.smith@bank.org,Loan disbursed to account
CUST-1485,TXN407565,42,male,FD,CHI,31-Jul-2023,2024-03-10,567.61,EUR,203.32,ATM,625,17670.65,closed,YES,Engineer,6970.87,pat.brown@bank.org,KYC documents pending
CUST-1644,TXN491823,49,Female,Savings,New York,01/23/20,22/06/2022,633.47,NGN,202.81,withdrawal,,6515.6,Active,YES,Teacher,-3265.27,mike.wilson@bank.org,Customer flagged for review
CUST-1670,TXN857440,33,FEMALE,CHECKING,los angeles,01/27/20,09/08/2020,1373.83,USD,397.68,Withdrawal,633,3840.75,closed,No,Teacher,1112.23,john.moore@bank.org,
CUST--6378,TXN731312,62,Female,fixed deposit,Houston,10/17/20,01/06/2021,795.04, USD,-19.72,wire transfer,744,,closed,Yes,Lawyer,-323.11,chris.jackson@outlook.com,Customer flagged for review
CUST-2264,TXN314593,65,F,FD,CHI,04/10/2018,06/17/2021,801.3,USD ,31.23,atm,730,7751.48,DEFAULT,Yes,LAWYER,7654.71,pat.miller@outlook.com,
CUST-1869,TXN163382,57,F,checking,,04-27-2024,2024-05-14,1500.01,usd,201.17,wire transfer,620,2104.75,ACTIVE,NO,Accountant,-1661.71,sara.moore@outlook.com,KYC documents pending
CUST-1095,TXN620856,75,F,CHECKING,Houston,10-23-2020,04/30/2024,167.64,USD ,26.34,withdrawal,654,95153.07,closed,No,teachr,-682.32,jane.brown@bank.org,Account dormant >6 months
CUST-2065,TXN115697,52,Male,FD,,31-Oct-2022,12/16/2023,629.17,usd,338.74,Wire Transfer,1200,-646.36,DEFAULT,yes,Accounsant,-2840.4,lee.moore@outlook.com,Account dormant >6 months
CUST-1436,TXN877093,22,Male,Fixed Deposit,New York,19-Jan-2022,16/10/2022,837.54, USD,-18.73,Transfer,732,,active,YES,LAWYER,-521.04,sara.taylor@yahoo.com,
CUST-2295,TXN896962,27,female,SAVINGS,,12/03/21,11/22/2023,45631.24,USD ,14697.44,withdrawal,660,808.99,closed,YES,Lawyer,81940.02,mike.taylor@bank.org,Loan disbursed to account
CUST-2106,TXN824349,33,FEMALE,Checking,,12-17-2020,28/10/2021,830.0,eur,332.62,ATM,700,5043.33,Default,no,teachr,-2891.77,pat.anderson@bank.org,KYC documents pending
CUST-2770,TXN728176,67,MALE,fixed deposit,los angeles,08/20/22,01/20/2024,1449.74,usd,,ATM,,2546.78,Defaulted,No,,-8097.94,,
CUST-2390,TXN290050,37,male,SAVINGS,Phoenix,05-Jul-2023,2023-10-08,3675.63,gbp,1563.17,DEPOSIT,727,21315.25,closed,yes,Lawyer,5135.64,jane.miller@yahoo.com,
CUST-2758,TXN632859,69,M,Savings,Los Angeles,06/13/20,01/07/2024,12453.59,NGN,6173.38,wire transfer,599,3996.98,closed,NO,Lawyer,-1231.49,alex.davis@bank.org,KYC documents pending
CUST-2205,TXN743875,24,Male,Checking,N.Y.,04/01/22,01/01/2023,315.4,USD,417.35,atm,625,4969.7,ACTIVE,no,Teacher,8343.56,mike.jackson@bank.org,
CUST-3183,TXN111659,,MALE,CHECKING,New York,04-26-2018,2024-05-19,9999999,USD ,1845176.85,DEPOSIT,705,1623.53,ACTIVE,No,Doctet,11301771.11,chris.wilson@outlook.com,KYC documents pending
CUST-1889,TXN114957,20,MALE,savings,new york,04-Oct-2022,2023-09-07,1349.59, USD,537.76,withdrawal,536,3071.36,active,no,Docter,186.51,pat.wilson@bank.org,Customer flagged for review
CUST-2477,TXN239009,41,Female,Current,Chicago,26-Nov-2021,2024-04-01,3053.94, USD,366.18,ATM,608,3211.87,Defaulted,yes,teachr,-5251.43,john.miller@bank.org,Account dormant >6 months
CUST-1260,TXN542372,-1,FEMALE,Fixed Deposit,New York,09-20-2020,01/12/2022,5272.69,usd,2017.2,ATM,694,23879.62,DEFAULT,YES,teachr,9999999999,chris.anderson@bank.org,Customer flagged for review
CUST-1738,TXN682296,52,MALE,Checking,Houston,19-Aug-2020,09/09/2022,7113.76,usd,2967.54,Deposit,718,,ACTIVE,Yes,aocter,17016.24,taylor.jones@yahoo.com,
CUST-2473,TXN409161,36,M,Checking,CHI,11/24/21,04/09/2023,745.39,EUR,21.03,withdrawal,632,11917.34,ACTIVE,Yes,,3989.18,pat.jones@yahoo.com,KYC documents pending
CUST-1520,TXN193351,30,female,Savings,Phoenix,16/05/2018,2022-04-30,209.85,USD ,-76.29,withdrawal,617,,closed,No,Engineer,888.67,mike.anderson@yahoo.com,Loan disbursed to account
CUST-1980,TXN164758,35,M,Fixed Deposit,Chicago,12-Sep-2019,01/06/2021,143.64,NGN,-3.91,Withdrawal,602,3082.24,Default,yes,Docter,-74.94,jane.jackson@bank.org,
CUST-2008,TXN482929,,Female,checking,Phoenix,05/27/18,2024-06-08,609.32,eur,-377.24,ATM,666,14896.85,closed,yes,Docter,,chris.smith@yahoo.com,
CUST-2165,TXN153321,-1,FEMALE,Savings,CHI,03/08/2022,08/08/2022,4744.98,USD,309.16,withdrawal,616,2995.38,DEFAULT,Yes,Docter,11222.28,mike.taylor@yahoo.com,Loan disbursed to account
CUST-2413,TXN648322,44,female,fixed deposit,CHI,01/07/18,23/05/2018,3283.81,gbp,1043.08,Deposit,655,63437.55,Default,YES,Doctor,-5326.61,morgan.anderson@outlook.com,
CUST-2682,TXN755549,44,M,SAVINGS,New York,30-May-2019,06/06/2019,2160.71,GBP,-562.69,Transfer,593,,ACTIVE,YES,Doctor,5400.56,alex.smith@bank.org,
CUST-1906,TXN245535,30,,checking,New York,05-23-2023,04/04/2024,2597.31, USD,821.57,Transfer,693,20943.73,ACTIVE,yes,Docter,2480.8,mike.smith@outlook.com,KYC documents pending
CUST-1191,TXN746281,62,female,Current,,10-05-2020,2024-05-09,421.28,eur,289.45,ATM,679,3165.67,Closed,No,Lawyer,,morgan.smith@yahoo.com,KYC documents pending
CUST-2359,TXN770978,50,,Fixed Deposit,Los Angeles,26/10/2022,09/03/2023,804.74,usd,-30.92,atm,567,,ACTIVE,No,enginr,-2831.58,taylor.smith@outlook.com,Customer flagged for review
CUST-2809,TXN217816,60,F,fixed deposit,New York,03/17/23,03/17/2024,170.83,usd,39.16,ATM,826,18122.93,Closed,Yes,Lawyer,11088.12,jane.taylor@yahoo.com,Account dormant >6 months
CUST-1371,TXN414637,31,M,SAVINGS,LA,10/09/19,08/05/2021,1885.9,gbp,145.89,ATM,635,8575.37,closed,yes,Engineer,4347.92,lee.davis@,Loan disbursed to account
CUST-3128,TXN569865,47,F,checking,Los Angeles,07-07-2018,01/08/2020,8351.2,GBP,1388.4,Transfer,604,,DEFAULT,yes,accountant,7735.03,chris.jackson@yahoo.com,
CUST-3176,TXN298275,18,Male,CHECKING,new york,12-Nov-2018,09/12/2020,375.16,gbp,184.93,atm,,,Closed,NO,LAWYER,-5140.56,mike.jackson@gmail.com,Auto-debit setup confirmed
CUST-2857,TXN425267,71,FEMALE,checking,los angeles,11/04/19,2021-12-02,217.64,gbp,-140.92,DEPOSIT,624,10015.4,,Yes,Accountant,5436.1,taylor.taylor@outlook.com,Account dormant >6 months
CUST-3096,TXN126946,64,FEMALE,fixed deposit,N.Y.,06/20/22,07/27/2023,7498.38,EUR,1871.69,ATM,530,6336.01,active,Yes,LAWYER,8725.6,alex.anderson@gmail.com,
CUST-1768,TXN509977,23,Male,SAVINGS,new york,2019-12-02,2023-09-12,220268.95,EUR,62843.67,wire transfer,734,6817.16,Closed,YES,LAWYER,269987.36,pat.anderson@outlook.com,Auto-debit setup confirmed
CUST-2216,TXN692837,36,male,SAVINGS,Houston,10/12/2018,03/08/2023,1267.15,eur,-205.46,Transfer,,,active,Yes,enginr,5321.54,pat.miller@gmail.com,Loan disbursed to account
CUST-2924,TXN321709,200,Female,checking,Phoenix,03-15-2019,08/09/2023,1102.41,NGN,,wire transfer,,1630.73,Default,Yes,Engineer,-8726.34,sara.miller@bank.org,Account dormant >6 months
CUST-2142,TXN355630,30,male,CHECKING,New York,01-17-2022,02/11/2024,1886.01,NGN,310.07,Wire Transfer,623,2119.5,ACTIVE,no,teachr,5823.33,morgan.brown@gmail.com,KYC documents pending
CUST-2844,TXN554477,63,MALE,Checking,Chicago,30-Mar-2021,23/05/2024,5928.84,eur,1162.35,Wire Transfer,729,-158.56,active,yes,Dxcter,8307.54,mike.jones@yahoo.com,Loan disbursed to account
CUST-2879,TXN591022,69,FEMALE,savings,LA,11/28/22,04/14/2024,16642.76,eur,760.39,Withdrawal,556,28989.35,Default,no,Accountant,25575.63,sara.taylor@outlook.com,Transaction verified by branch LA
CUST-1551,TXN838359,54,male,SAVINGS,N.Y.,09/01/18,19/02/2022,7207.16,NGN,730.84,Deposit,686,61347.5,Defaulted,Yes,Accountant,9999999999,,KYC documents pending
CUST--1820,TXN377388,27,M,Current,LA,25-Mar-2018,2022-06-13,7944.37,USD ,3381.31,wire transfer,,26291.49,DEFAULT,,teachr,-926.43,jane.brown@outlook.com,
CUST-1917,TXN297006,34,Female,CHECKING,LA,10/03/18,05/20/2020,20660.25,USD ,9157.16,wire transfer,561,11470.82,Defaulted,yes,Engineer,31520.07,mike.brown@gmail.com,Auto-debit setup confirmed
CUST-2620,TXN620356,30,female,Checking,Chicago,2022-03-13,12/08/2022,6037.37,GBP,3043.73,Withdrawal,687,14900.28,Active,No,Teacher,5931.74,john.moore@yahoo.com,
CUST-2891,TXN244379,50,Male,CHECKING,Houston,08/24/19,2024-04-14,4034.38,eur,1560.0,Transfer,640,7827.79,active,yes,Engineer,8922.93,morgan.miller@outlook.com,Loan disbursed to account
CUST-1441,TXN897872,48,M,Savings,los angeles,05-Jun-2020,26/12/2020,3837.94,GBP,824.08,Wire Transfer,569,25333.39,Active,Yes,Engineer,8602.29,lee.wilson@yahoo.com,KYC documents pending
CUST-1702,TXN381249,40,Female,Current,Phoenix,10-Jul-2022,20/09/2023,4113.67,USD,457.18,Wire Transfer,728,19324.99,Active,YES,Teacher,919.86,sara.davis@bank.org,Transaction verified by branch Phoenix
CUST-1830,TXN617430,36,female,checking,N.Y.,20-May-2024,06/05/2024,592.25,usd,319.69,Wire Transfer,675,16107.91,active,Yes,Docter,7888.55,mike.brown@bank.org,Customer flagged for review
CUST-2825,TXN766089,54,male,Savings,Los Angeles,11/06/23,2024-02-12,5294.28,GBP,2207.88,ATM,668,5508.11,Active,No,teschr,3733.53,jane.taylor@bank.org,Loan disbursed to account
CUST-1767,TXN795317,57,male,savings,New York,2022-07-15,2023-02-16,13509.74,eur,5829.14,ATM,664,20700.55,Defaulted,NO,Docter,,morgan.miller@bank.org,Transaction verified by branch New York
CUST-3187,TXN947557,71,,checking,los angeles,06/26/22,05/15/2023,2280.11,gbp,780.48,DEPOSIT,600,3550.47,active,no,Docter,4558.7,chris.jones@bank.org,
CUST-2999,TXN736151,25,female,Fixed Deposit,new york,23-Dec-2018,2021-05-20,1426.08,GBP,227.84,Deposit,508,8263.02,Default,NO,Teacher,1731.89,john.smith@bank.org,
CUST-1331,TXN449682,70,FEMALE,Savings,Los Angeles,24/09/2023,14/06/2024,7770.54,USD ,3257.07,Transfer,780,-515.53,active,YES,LAWYER,7599.68,john.jones@yahoo.com,KYC documents pending
CUST-2494,TXN180118,22,Male,FD,Houston,07/20/18,09/12/2020,5543.74,usd,2670.44,atm,672,-982.14,Default,YES,Doctor,12911.03,morgan.moore@outlook.com,Transaction verified by branch Houston
CUST-2116,TXN870968,42,FEMALE,CHECKING,Houston,31/01/2021,01/31/2021,29783.9,USD,13600.43,Deposit,613,13952.18,DEFAULT,Yes,Lawyer,50046.99,taylor.taylor@yahoo.com,Auto-debit setup confirmed
CUST-2521,TXN310930,43,F,SAVINGS,Houston,05/01/2023,01/07/2023,1031.4,eur,214.35,DEPOSIT,592,2628.96,Default,,Accountant,1647.19,jane.smith@gmail.com,Transaction verified by branch Houston
CUST-1536,TXN109471,65,M,fixed deposit,New York,05-01-2023,2023-11-27,63.85,EUR,-23.87,ATM,-100,90455.69,ACTIVE,NO,Accountant,4029.23,jane.moore@bank.org,Account dormant >6 months
CUST-1951,TXN143831,,F,Savings,new york,14/03/2024,2024-03-20,14846.92,GBP,5070.28,wire transfer,641,,active,YES,Accountant,6069.64,alex.moore@outlook.com,Customer flagged for review
CUST-2095,TXN331840,54,MALE,Current,New York,10-22-2019,14/12/2023,616.5,USD,286.54,Deposit,555,14586.56,Closed,NO,,4238.3,taylor.moore@outlook.com,Loan disbursed to account
CUST-2130,TXN580451,66,Male,FD,Los Angeles,19/04/2019,06/02/2020,1510.02,GBP,-272.38,Deposit,623,16862.19,closed,Yes,teachr,-4379.93,taylor.davis@bank.org,
CUST-3116,TXN190727,56,male,Fixed Deposit,LA,18-Dec-2023,05/13/2024,3906.74, USD,512.4,Wire Transfer,602,,Closed,,Lawyer,2394.8,morgan.moore@outlook.com,Auto-debit setup confirmed
CUST-2992,TXN660774,45,Male,checking,N.Y.,18/06/2018,09/23/2018,197.86, USD,211.01,DEPOSIT,,2955.93,DEFAULT,yes,teachr,-7557.98,taylor.jones@gmail.com,
CUST-1762,TXN500967,22,F,SAVINGS,CHI,10/25/18,01/19/2023,29285.8,usd,-0.01,ATM,708,48136.64,Default,YES,Accountant,31391.89,morgan.anderson@yahoo.com,Loan disbursed to account
CUST--6705,TXN426708,26,female,checking,New York,05-01-2019,22/03/2023,2258.93,EUR,62.18,Withdrawal,733,,Active,No,Engineer,-5575.85,mike.miller@,KYC documents pending
CUST-1940,TXN582274,34,Female,SAVINGS,los angeles,01-01-2021,22/11/2023,1884.79,GBP,9999999,Wire Transfer,700,4031.12,closed,YES,Lawyer,9772.53,lee.davis@bank.org,
CUST-3182,TXN220148,58,MALE,Checking,los angeles,12-17-2018,2024-04-25,5807.4,EUR,1481.79,ATM,589,2636.18,Defaulted,no,enginr,17316.86,pat.wilson@yahoo.com,Loan disbursed to account
CUST-1985,TXN660213,57,F,SAVINGS,N.Y.,09-14-2021,26/11/2023,907.97,USD ,2.06,withdrawal,540,3059.11,ACTIVE,no,Doctor,4715.9,john.smith@yahoo.com,KYC documents pending
cust4260,TXN172866,42,F,FD,Los Angeles,2025-15-40,2023-04-14,1371.39,usd,339.64,wire transfer,648,26592.73,DEFAULT,yes,LAWYER,15356.66,pat.jackson@bank.org,Transaction verified by branch Los Angeles
CUST-2699,TXN106634,0,F,SAVINGS,Phoenix,08/07/21,2022-08-18,425.32,usd,458.09,ATM,707,2904.55,Active,Yes,enginr,3862.15,chris.wilson@outlook.com,
CUST-2315,TXN508270,,F,Fixed Deposit,,04/28/24,2024-06-22,2682.94,usd,,Withdrawal,637,23391.87,Default,yes,teachr,-412.79,sara.jones@bank.org,Account dormant >6 months
CUST-2474,TXN563649,58,Male,CHECKING,CHI,12/21/19,05/18/2023,4278.32,NGN,1643.6,withdrawal,679,9175.44,Defaulted,no,LAWYER,-50000,john.brown@gmail.com,Auto-debit setup confirmed
CUST-1838,TXN750574,25,F,FD,Houston,26-Jan-2018,06/03/2022,476.11,gbp,157.9,Transfer,546,4041.23,DEFAULT,No,Tcacher,-4246.34,pat.moore@gmail.com,Loan disbursed to account
CUST-2534,TXN248614,47,M,FD,Houston,10-01-2022,01/22/2023,3435.07,EUR,2077.93,wire transfer,863,8929.86,Default,yes,,12442.43,jane.davis@bank.org,Auto-debit setup confirmed
cust9170,TXN860006,71,FEMALE,CHECKING,Houston,04-Jun-2019,04/28/2024,2282.72,USD,841.73,Wire Transfer,616,11430.65,Closed,Yes,enginr,4763.78,alex.wilson@yahoo.com,Transaction verified by branch Houston
CUST-1482,TXN414467,71,F,fixed deposit,Chicago,17-Apr-2020,2021-06-27,1090.15,USD,,withdrawal,629,10815.05,Default,no,Accountant,1687.15,alex.davis@,
CUST-2321,TXN240345,66,M,FD,Houston,31/02/2020,10/25/2022,5458.4,EUR,1726.37,Wire Transfer,586,8981.46,Defaulted,yes,Doctor,-7101.87,lee.davis@bank.org,Account dormant >6 months
CUST-1030,TXN717457,29,M,FD,Los Angeles,05-May-2023,01/22/2024,7188.84, USD,2676.71,atm,570,4599.5,Defaulted,no,Doctor,10284.71,chris.moore@bank.org,
CUST-1303,TXN205656,34,female,Checking,Los Angeles,03-10-2024,2024-06-12,11114.92, USD,1364.55,wire transfer,652,,active,Yes,LAWYER,7504.95,mike.smith@outlook.com,Account dormant >6 months
CUST-1892,TXN152740,46,male,Current,LA,06/18/21,06/27/2021,15310.47,EUR,3124.95,Wire Transfer,,1933.04,Defaulted,Yes,accountant,22221.05,mike.taylor@bank.org,Auto-debit setup confirmed
CUST-2149,TXN785590,,Male,FD,Los Angeles,02/05/2022,05/06/2022,38413.07,EUR,7096.04,Withdrawal,622,19715.37,,no,Teacher,31068.74,chris.moore@yahoo.com,
CUST--1816,TXN527580,74,Female,savings,Los Angeles,03/28/24,2024-04-29,5672.88, USD,408.59,Transfer,639,7568.22,Closed,Yes,nawyer,5404.09,morganwilsongmail.com,KYC documents pending
CUST-1705,TXN488314,54,male,checking,CHI,10-20-2021,2023-01-02,1480.68,NGN,631.16,Wire Transfer,634,11204.35,closed,Yes,Accountant,-4765.03,sara.moore@gmail.com,
CUST-2737,TXN491193,56,female,CHECKING,los angeles,12-30-2019,08/12/2023,5809.68,USD,2707.67,wire transfer,574,24858.8,Active,NO,Accountant,11903.26,john.moore@outlook.com,
CUST-2172,TXN493079,69,Female,FD,CHI,02-Jan-2018,23/01/2023,9472.28,gbp,,Withdrawal,716,25844.16,Defaulted,YES,LAWYER,541.7,jane.jackson@outlook.com,Customer flagged for review
CUST-1291,TXN666931,31,Female,Savings,Chicago,30-Aug-2021,11/24/2022,31203.52,USD ,10552.19,atm,605,53165.08,Closed,YES,Docter,25300.08,alex.jones@outlook.com,Loan disbursed to account
CUST-2210,TXN930826,75,FEMALE,Savings,Los Angeles,01/01/2019,12/30/2020,1044.07,usd,471.36,Wire Transfer,658,9408.25,Defaulted,Yes,accountant,-50000,,Customer flagged for review
CUST-2997,TXN156166,74,Female,SAVINGS,Phoenix,01/19/23,2023-07-21,18211.41,gbp,8477.86,DEPOSIT,577,5359.1,closed,no,teachr,14423.27,morgan.moore@bank.org,KYC documents pending
CUST-1148,TXN646571,37,M,Current,N.Y.,11-Nov-2021,10/03/2022,7714.67,NGN,367.22,DEPOSIT,664,4180.61,Defaulted,Yes,Accountant,17686.67,sara.smith@gmail.com,Loan disbursed to account
CUST-1207,TXN649526,67,male,CHECKING,Los Angeles,01/10/2018,15/03/2020,243.69,GBP,,wire transfer,596,14337.0,,NO,Doctor,-3435.19,chris.smith@gmail.com,KYC documents pending
CUST-2037,TXN903738,51,Male,CHECKING,los angeles,15/05/2024,06/17/2024,5518.3,EUR,957.37,Withdrawal,761,18757.5,Active,Yes,Engineer,12902.99,taylor.davis@outlook.com,Transaction verified by branch los angeles
CUST-2801,TXN957119,50,M,Checking,los angeles,09-17-2018,2022-07-22,611.45, USD,-122.78,Withdrawal,567,9090.11,Defaulted,NO,LAWYER,,mike.miller@yahoo.com,
CUST-1604,TXN861093,23,Female,Savings,new york,01/06/2024,2024-06-06,4634.74,GBP,740.72,withdrawal,587,4062.11,closed,no,enginr,-2560.59,morgan.jackson@outlook.com,
cust8993,TXN708712,,,Savings,new york,21-Jun-2024,21/06/2024,22931.17,gbp,10348.21,withdrawal,717,881.33,Defaulted,Yes,Docter,50679.26,alex.anderson@bank.org,Loan disbursed to account
CUST-1382,TXN844238,68,male,Checking,Los Angeles,01-25-2022,2023-12-06,2299.81,gbp,1084.37,withdrawal,540,1613.95,ACTIVE,Yes,teachr,10648.19,lee.anderson@bank.org,Customer flagged for review
CUST-2268,TXN903108,33,MALE,FD,,13/01/2021,10/27/2021,412.22,gbp,24.62,wire transfer,664,31105.74,ACTIVE,YES,Doctor,2591.15,,KYC documents pending
CUST-2154,TXN596010,65,FEMALE,CHECKING,LA,2022-11-22,2023-06-26,9999999,gbp,3128706.25,Transfer,523,18339.95,Active,NO,teachr,13788058.12,jane.jones@bank.org,Transaction verified by branch LA
CUST-2835,TXN609451,44,Female,checking,CHI,31/02/2020,06/09/2020,3426.87,gbp,93.77,Wire Transfer,609,10799.69,closed,no,enginr,,john.anderson@outlook.com,Auto-debit setup confirmed
CUST-2399,TXN866575,57,FEMALE,savings,CHI,04-19-2022,06/30/2023,3112.44,USD ,345.9,DEPOSIT,746,-210.38,DEFAULT,Yes,Accountant,-1132.73,,
CUST-1753,TXN490571,33,M,FD,New York,02-24-2024,06/16/2024,2578.76,eur,877.87,withdrawal,574,14887.04,,Yes,Teacher,-2152.25,morgan.anderson@yahoo.com,
CUST-2177,TXN352327,30,Male,Fixed Deposit,new york,2021-04-14,2024-05-02,7334.32,gbp,1022.28,atm,794,,Active,Yes,LAWYER,,alex.davis@outlook.com,Loan disbursed to account
CUST-3130,TXN545078,19,Female,checking,N.Y.,05/15/18,10/06/2021,6609.1,eur,610.24,wire transfer,659,7865.44,active,NO,LAWYER,7766.51,morgan.smith@outlook.com,Loan disbursed to account
CUST-2479,TXN987512,39,male,savings,los angeles,26/01/2020,02/03/2023,6509.61,USD,2957.13,Wire Transfer,,25017.98,Closed,Yes,Engineer,3909.79,jane.wilson@bank.org,
CUST-2243,TXN388916,67,F,FD,Los Angeles,01-12-2020,07/16/2021,692.88,usd,221.37,Transfer,636,15347.03,closed,YES,Lawyer,23.9,lee.smith@bank.org,KYC documents pending
CUST-3102,TXN114974,28,Female,checking,los angeles,2024-06-11,06/13/2024,966.87,USD,420.84,atm,650,2048.61,,yes,enginr,-908.26,taylor.wilson@gmail.com,
CUST-1588,TXN375161,55,Male,fixed deposit,N.Y.,18/08/2020,2021-12-17,558.48,USD,350.93,wire transfer,637,4683.09,DEFAULT,YES,Accountant,1231.51,john.brown@gmail.com,Customer flagged for review
CUST-2398,TXN482716,32,Female,Fixed Deposit,N.Y.,28-Feb-2019,10/06/2022,160.61,USD ,255.52,Deposit,585,19091.06,ACTIVE,no,Engioeer,-87.19,taylor.brown@bank.org,Customer flagged for review
CUST-2519,TXN919951,18,Male,Savings,new york,2023-05-14,04/26/2024,3906.68,USD ,1232.19,Deposit,531,49294.83,Default,no,Accountant,4019.21,taylor.smith@yahoo.com,Customer flagged for review
CUST-1818,TXN363312,28,male,fixed deposit,New York,19-Nov-2023,2024-02-25,2707.35,USD,659.17,Withdrawal,608,,DEFAULT,no,Docter,,mike.wilson@yahoo.com,Transaction verified by branch New York
CUST-2442,TXN734847,39,male,CHECKING,Phoenix,09-Jul-2021,2024-02-20,51.68,gbp,87.71,withdrawal,-100,,,No,Teacher,-350.5,lee.brown@outlook.com,Auto-debit setup confirmed
CUST-2135,TXN422506,,male,savings,New York,27/12/2021,27/03/2024,634.0,gbp,187.68,Deposit,753,8221.51,Defaulted,yes,Lawyer,-4942.75,jane.miller@bank.org,Auto-debit setup confirmed
CUST-3070,TXN792309,38,F,FD,New York,26/05/2018,18/08/2019,1284.81,USD ,-15.86,Deposit,,520.45,Default,NO,Accountant,2763.34,taylor.moore@yahoo.com,
CUST-1857,TXN869795,72,Male,Fixed Deposit,Houston,08-07-2019,2020-05-08,2379.48,USD ,1179.56,Deposit,643,2645.07,Closed,Yes,LAWYER,-323.19,alex.taylor@outlook.com,Customer flagged for review
CUST-2068,TXN465941,44,FEMALE,SAVINGS,Los Angeles,06/12/22,08/02/2024,6407.58,GBP,,atm,660,5068.85,closed,No,Doctbr,,taylor.smith@outlook.com,
CUST-2416,TXN294444,65,male,FD,Phoenix,10-23-2018,04/27/2024,274.45,usd,-31.2,Withdrawal,577,18201.6,DEFAULT,no,LAWYER,856.4,mike.taylor@gmail.com,Transaction verified by branch Phoenix
CUST-2734,TXN932200,,MALE,FD,New York,03/21/21,2023-05-31,4772.31,EUR,1739.98,ATM,698,,Default,yes,Teacher,3219.1,john.taylor@yahoo.com,Auto-debit setup confirmed
cust9618,TXN251538,71,Female,checking,Phoenix,29-Apr-2019,10/16/2020,2989.03,EUR,679.19,atm,738,10885.59,ACTIVE,yes,Engineer,2990.79,john.jones@outlook.com,Auto-debit setup confirmed
CUST-2028,TXN479518,62,M,fixed deposit,N.Y.,08-23-2022,02/14/2024,5266.43,usd,1595.72,Deposit,1200,,Default,YES,enginr,,morgan.jones@yahoo.com,Customer flagged for review
CUST-2626,TXN479012,31,M,SAVINGS,N.Y.,03-19-2024,04/07/2024,936.09,usd,371.15,ATM,,16308.87,active,YES,enginr,-7596.29,jane.brown@yahoo.com,KYC documents pending
CUST-2804,TXN613539,32,Male,savings,LA,05/28/18,07/09/2021,10453.86,USD,4689.56,DEPOSIT,589,17902.78,Default,no,enginr,3772.1,morgan.miller@yahoo.com,
CUST-1059,TXN556732,55,F,Checking,Phoenix,25-Sep-2020,2024-06-24,5126.06,USD ,815.61,withdrawal,647,,active,no,Lawyer,-4651.05,sara.moore@outlook.com,Account dormant >6 months
CUST-2045,TXN382270,47,FEMALE,Current,Houston,2024-06-14,06/15/2024,11829.74,gbp,3211.61,wire transfer,563,4387.05,Active,NO,teachr,14680.83,sara.taylor@bank.org,
CUST-2058,TXN264332,65,Male,fixed deposit,,2020-04-18,2021-06-15,2053.04,gbp,569.59,Withdrawal,653,,,NO,enginr,6198.18,john.jackson@yahoo.com,Transaction verified by branch None
CUST-1217,TXN106029,49,FEMALE,Fixed Deposit,Los Angeles,01-27-2018,03/11/2021,1759.4,GBP,149.09,Deposit,,11236.55,,Yes,Accountant,1787.14,lee.jackson@outlook.com,
CUST-2684,TXN125076,40,Male,savings,new york,17/05/2020,19/10/2022,1408.37,NGN,562.83,DEPOSIT,631,,active,No,,4767.7,sara.brown@yahoo.com,
CUST-2733,TXN793837,45,MALE,Fixed Deposit,LA,22-Sep-2018,04/27/2024,20615.63,GBP,1283.44,wire transfer,698,3274.06,,yes,Lawyer,15236.61,mike.anderson@bank.org,KYC documents pending
CUST-1212,TXN795759,34,male,fixed deposit,Phoenix,04/02/2018,02/19/2021,73.15,eur,-157.96,wire transfer,696,6614.07,Closed,yes,Engikeer,1879.96,chris.davis@outlook.com,KYC documents pending
CUST-2802,TXN361990,36,Female,savings,,07/05/20,25/10/2022,16035.07,NGN,4351.23,DEPOSIT,624,10602.15,Default,Yes,,6384.79,morgan.miller@gmail.com,Auto-debit setup confirmed
CUST-1602,TXN770139,0,male,SAVINGS,los angeles,17-May-2024,09/06/2024,2447.42,NGN,239.64,atm,615,1625.26,DEFAULT,no,,11798.93,alex.miller@gmail.com,Customer flagged for review
CUST-2046,TXN365956,29,,Savings,CHI,2018-09-23,06/17/2022,6759.34,USD,2926.34,DEPOSIT,649,9490.9,Defaulted,No,LAWYER,9285.11,taylor.jones@bank.org,Transaction verified by branch CHI
CUST-3030,TXN541471,63,F,Fixed Deposit,Los Angeles,02/11/23,2023-06-09,18633.33,GBP,4463.55,Transfer,662,8084.97,Closed,YES,accountant,29428.09,chris.taylor@outlook.com,Transaction verified by branch Los Angeles
CUST-1378,TXN743416,24,F,FD,Chicago,08-08-2019,08/10/2023,515.34,EUR,-328.67,Transfer,693,17312.0,ACTIVE,yes,Teacher,-1934.21,johnwilsongmail.com,Loan disbursed to account
CUST-1615,TXN903684,75,female,Current,CHI,10-Nov-2019,2022-07-21,9755.22,GBP,4860.49,Deposit,695,21336.72,Closed,NO,Doctor,3702.57,chris.miller@gmail.com,Auto-debit setup confirmed
CUST-2443,TXN188740,53,FEMALE,FD,los angeles,03-29-2019,28/01/2020,1714.83,USD ,592.83,wire transfer,739,10754.22,closed,YES,Teacher,-253.96,taylor.jackson@gmail.com,Loan disbursed to account
CUST-2590,TXN554621,29,female,Savings,New York,24/10/2019,2020-08-01,8049.74,NGN,1270.24,ATM,785,10353.86,active,Yes,accountant,11951.41,jane.taylor@outlook.com,Account dormant >6 months
CUST-1600,TXN389068,,M,SAVINGS,Chicago,04/02/19,2019-06-07,2715.45,NGN,669.21,ATM,623,14251.34,DEFAULT,No,Teacher,-818.19,jane.jackson@outlook.com,
CUST-1130,TXN774225,57,female,Checking,los angeles,2021-05-25,05/15/2023,6521.84,USD ,306.42,Withdrawal,670,11458.05,Active,NO,accountant,-296.03,chris.jones@yahoo.com,
CUST-3039,TXN279904,44,FEMALE,CHECKING,new york,07/09/2022,01/04/2024,4538.51,usd,578.28,Transfer,659,19318.11,closed,,Accountant,4056.0,taylor.moore@bank.org,
CUST-2112,TXN237055,60,,checking,N.Y.,11/05/2022,18/06/2024,10307.97,GBP,3443.71,Transfer,548,10010.57,,No,,17707.65,lee.miller@outlook.com,
CUST-2604,TXN754963,21,M,savings,Phoenix,25/10/2018,2020-02-21,1019.16,GBP,479.53,ATM,597,,Default,No,,-908.92,jane.wilson@bank.org,
CUST-2054,TXN643895,57,MALE,fixed deposit,N.Y.,28/03/2022,2022-10-03,293.71,USD ,,wire transfer,680,18727.8,Defaulted,Yes,Docter,-3224.1,taylor.jackson@bank.org,Customer flagged for review
CUST--8695,TXN475629,-1,F,fixed deposit,Chicago,01-Jun-2022,10/03/2023,8129.54,gbp,582.13,ATM,680,2997.61,Defaulted,No,Docter,16656.23,pat.brown@bank.org,KYC documents pending
CUST-2598,TXN145565,66,M,CHECKING,Phoenix,12/11/2018,10/03/2019,852.86,NGN,31.74,Wire Transfer,668,20029.51,DEFAULT,yes,Engineer,-95.87,patandersongmail.com,Transaction verified by branch Phoenix
CUST-3175,TXN128112,59,F,Fixed Deposit,N.Y.,2025-15-40,2022-08-16,4493.96, USD,1512.77,wire transfer,697,9659.27,active,No,accountant,4031.27,,Transaction verified by branch N.Y.
CUST-1927,TXN784171,51,F,savings,CHI,08/01/2023,03/02/2024,2647.57,USD,362.44,Withdrawal,611,,DEFAULT,yes,Docter,2650.59,morgan.anderson@yahoo.com,Auto-debit setup confirmed
cust3859,TXN712236,47,FEMALE,checking,los angeles,09/01/2020,2020-06-17,4662.18,eur,2021.74,Transfer,734,11703.23,DEFAULT,yes,enginr,5720.88,jane.wilson@yahoo.com,Loan disbursed to account
CUST-1258,TXN486123,45,,CHECKING,los angeles,28-Sep-2019,05/15/2023,7697.2,USD ,3693.13,Transfer,699,1685.43,Active,NO,Docter,9309.48,taylorjonesgmail.com,
CUST-2773,TXN551819,56,F,SAVINGS,New York,11-15-2021,05/23/2023,651.16,GBP,280.68,DEPOSIT,631,8188.99,ACTIVE,NO,Engineer,6211.69,jane.anderson@bank.org,
cust6972,TXN272075,49,MALE,fixed deposit,Los Angeles,24/10/2018,2021-07-29,1034.86,usd,311.46,wire transfer,701,4111.34,Defaulted,No,LAWYER,-1039.68,pat.davis@yahoo.com,
CUST-3103,TXN695619,18,Female,Savings,CHI,08/20/23,2024-02-05,5332.2, USD,1115.63,Deposit,742,,Default,yes,,-2377.11,sara.jackson@yahoo.com,
CUST-2635,TXN107007,,Male,FD,Los Angeles,02/03/2023,2023-10-14,1442.45,eur,934.93,atm,629,5125.46,Closed,No,,4176.57,pat.smith@yahoo.com,
CUST-1062,TXN120422,41,male,SAVINGS,CHI,17-Dec-2018,06/10/2024,1282.5,NGN,405.28,atm,675,3268.14,active,YES,teachr,,morganwilsongmail.com,Transaction verified by branch CHI
CUST-1219,TXN687638,,F,checking,Los Angeles,09/07/23,10/09/2023,16574.67,eur,4853.99,Transfer,616,15256.82,Active,YES,LAWYER,,morgan.davis@gmail.com,Account dormant >6 months
CUST-2394,TXN595021,73,female,Current,Houston,29/02/2024,03/14/2024,1182.97,USD ,,ATM,705,34503.64,active,yes,enginr,-1220.31,mike.taylor@outlook.com,Account dormant >6 months
CUST-2223,TXN347789,32,MALE,Fixed Deposit,los angeles,24/01/2019,02/01/2024,565.57,GBP,450.84,Withdrawal,761,-329.4,,yes,LAWYER,-2124.84,mike.smith@bank.org,KYC documents pending
CUST-1174,TXN946561,42,female,FD,los angeles,02/20/18,04/11/2022,29706.12,NGN,8756.76,Withdrawal,682,16157.57,closed,YES,accountant,38127.33,pat.smith@yahoo.com,
CUST-1282,TXN997343,,Female,savings,new york,17-Mar-2023,04/28/2023,7157.33,USD ,2877.03,Transfer,697,24555.81,Default,YES,teachr,14463.18,john.anderson@gmail.com,KYC documents pending
CUST-2493,TXN948549,50,Female,SAVINGS,LA,2019-08-29,2022-08-14,10194.56,GBP,1010.84,Deposit,673,,Closed,yes,Lawyer,4864.2,morgan.brown@yahoo.com,Account dormant >6 months
CUST-1142,TXN533020,44,FEMALE,Savings,Chicago,2024-04-16,06/16/2024,6454.63,NGN,1853.46,withdrawal,691,381830.28,ACTIVE,YES,enginr,12709.57,taylor.anderson@outlook.com,Auto-debit setup confirmed
CUST-1442,TXN974113,48,M,FD,Chicago,18/09/2022,26/02/2023,2497.13,gbp,-118.88,withdrawal,601,29643.39,closed,YES,accountant,4186.65,chris.davis@gmail.com,KYC documents pending
CUST-1723,TXN917804,28,FEMALE,savings,New York,20/06/2022,2023-06-04,1387.54,GBP,410.25,ATM,450,4195.43,Active,no,accountant,3315.71,,Accoun
CUST-2145,TXN540432,23,F,checking,Houston,02/09/2022,2024-01-20,4028.98,usd,273.12,Wire Transfer,653,22860.34,Closed,YES,accountant,,jane.wilson@bank.org,Auto-debit
CUST-1686,TXN373533,23,F,checking,los angeles,26-May-2022,2023-07-28,849.04,USD,-81.23,wire transfer,606,4683.17,Default,no,Docter,5853.48,john.miller@yahoo.com,KYC documen
CUST-3089,TXN151268,23,F,Savings,New York,06/11/2019,07/08/2023,4190.37,GBP,718.61,ATM,751,7233.02,ACTIVE,Yes,Engineer,5189.64,alex.brown@gmail.com,Account dormant >6 months
CUST-1216,TXN575718,63,FEMALE,CHECKING,Chicago,22/05/2019,11/27/2021,18066.61, USD,6533.8,Transfer,486,2956.95,Default,NO,Accountant,15306.42,mike.wilson@,Transaction verified by branch Chicago
CUST-2913,TXN698990,74,male,Fixed Deposit,new york,20-Nov-2018,02/16/2024,876.67,gbp,146.15,Wire Transfer,689,15292.23,Default,yes,Docter,3690.07,taylor.davis@outlook.com,Account dormant >6 months
CUST-2432,TXN359955,61,M,Fixed Deposit,Houston,03-11-2023,2023-12-01,3153.8, USD,681.5,Deposit,660,749.39,Active,YES,teachr,-3504.45,taylor.taylor@outlook.com,Customer flagged for review
CUST-1491,TXN642198,21,F,Checking,New York,03-03-2018,11/03/2018,8479.71, USD,1821.21,Deposit,743,11726.92,DEFAULT,YES,Accountant,2897.01,morgan.davis@gmail.com,Transaction verified by branch New York
CUST-1808,TXN804953,74,Male,Current,Chicago,01-Jan-2023,2024-02-04,2573.77, USD,490.16,atm,721,14382.17,Defaulted,yes,Teacher,-4317.1,chris.taylor@yahoo.com,KYC documents pending
CUST-2865,TXN113910,,female,Savings,LA,2023-09-25,12/09/2023,87.21,eur,37.99,withdrawal,748,13731.95,DEFAULT,YES,Doctor,2319.38,jane.jones@outlook.com,KYC documents pending
CUST-2698,TXN863000,47,FEMALE,Savings,N.Y.,08-21-2023,27/10/2023,3232.71,gbp,394.4,wire transfer,573,82259.72,active,,Doctor,,morgan.jones@gmail.com,Transaction verified by branch N.Y.
CUST-1682,TXN346088,37,Female,Checking,Phoenix,2019-11-20,2022-12-26,12421.37,USD,1752.15,Wire Transfer,950,,Defaulted,yes,Engineer,9556.51,,KYC documents pending
CUST-2560,TXN558567,40,FEMALE,savings,N.Y.,07-22-2020,11/01/2024,1875.37,EUR,,Transfer,661,,closed,NO,Accountant,3709.35,sara.taylor@yahoo.com,Loan disbursed to account
CUST-2971,TXN284287,,male,CHECKING,Los Angeles,01/01/2019,06/07/2024,59168.32,gbp,4305.05,wire transfer,603,,Closed,yes,Accountant,36481.25,mike.moore@gmail.com,Account dormant >6 months
CUST-3028,TXN681253,23,M,Current,los angeles,01-Feb-2020,2022-03-12,5186.92,EUR,-235.39,Withdrawal,646,4492.14,Active,No,LAWYER,9999999999,morgan.jackson@yahoo.com,Account dormant >6 months
CUST-1639,TXN834222,41,Male,Fixed Deposit,N.Y.,31/02/2020,2019-07-25,7318.73,EUR,2761.27,withdrawal,591,8795.5,Closed,yes,teachr,4935.06,morgan.anderson@bank.org,Account dormant >6 months
CUST-1483,TXN876298,65,M,fixed deposit,N.Y.,17/02/2024,2024-02-17,2437.03, USD,510.74,wire transfer,713,1410.17,Defaulted,NO,LAWYER,9663.05,morgan.taylor@outlook.com,Customer flagged for review
CUST-3188,TXN858911,74,male,Checking,,05-Feb-2018,06/26/2019,15945.0,NGN,2807.13,wire transfer,637,,ACTIVE,NO,Accountant,13084.56,alex.miller@yahoo.com,
CUST--4519,TXN315780,63,Female,FD,Chicago,18-Mar-2020,2023-12-21,3310.0,eur,947.52,Wire Transfer,659,15711.22,Closed,Yes,Teacher,12279.17,pat.brown@yahoo.com,
cust3822,TXN722932,18,FEMALE,FD,Chicago,2022-09-25,20/04/2023,276.32,NGN,253.8,atm,583,7640.97,active,NO,Lawyer,2380.49,pat.smith@gmail.com,KYC documents pending
CUST-2931,TXN680335,55,MALE,Checking,LA,03/10/24,04/13/2024,1894.28,USD,639.07,Transfer,575,2763.09,Default,yes,Lawyer,-2998.41,pat.miller@outlook.com,Auto-debit setup confirmed
CUST-2617,TXN997386,58,MALE,savings,CHI,08/07/2022,07/04/2023,953.83, USD,199.67,DEPOSIT,734,4650.45,Active,Yes,enginr,5617.9,mike.jones@gmail.com,Transaction verified by branch CHI
CUST-1920,TXN511338,57,M,SAVINGS,Chicago,08/29/21,18/07/2023,34923.73,USD ,13251.55,withdrawal,,10330.77,active,Yes,Accountant,56637.9,lee.jones@yahoo.com,
CUST-2624,TXN675520,64,Male,Current,Phoenix,10/04/20,05/01/2021,3184.64,gbp,-211.82,withdrawal,761,9342.96,Active,YES,Engineer,3829.2,pat.brown@outlook.com,Transaction verified by branch Phoenix
CUST-2705,TXN818982,52,Male,savings,Houston,24-Jun-2020,2024-05-28,16182.44,USD ,9999999,Deposit,,3664.84,Default,YES,Doctor,16532.0,mike.jones@bank.org,Customer flagged for review
CUST-2508,TXN182160,25,Male,checking,N.Y.,23-Apr-2018,2022-03-18,529.54,USD,186.99,Transfer,680,2498.27,active,YES,Teachkr,5456.91,jane.moore@yahoo.com,KYC documents pending
CUST-2988,TXN847755,40,MALE,SAVINGS,Houston,2021-01-01,22/05/2024,3187.06,NGN,248.91,ATM,557,24464.96,Active,,LAWYER,432.91,alex.anderson@bank.org,
cust5139,TXN294128,56,FEMALE,CHECKING,N.Y.,03-23-2021,01/26/2023,5466.09,eur,2527.77,Deposit,668,5860.16,DEFAULT,NO,Docter,8874.61,mike.wilson@bank.org,Customer flagged for review
CUST-2866,TXN580724,52,female,SAVINGS,Phoenix,11-09-2022,2023-03-02,225.12,NGN,-92.11,Deposit,682,12214.55,Closed,YES,Lawyer,6468.12,chris.wilson@gmail.com,
CUST-1088,TXN619536,43,Male,CHECKING,Phoenix,07/14/22,07/15/2022,3448.23,USD ,545.16,ATM,593,5839.13,DEFAULT,No,accountant,-845.91,sara.jones@yahoo.com,KYC documents pending
CUST-2936,TXN625849,32,male,Current,Chicago,11-Oct-2022,24/02/2024,5712.11,gbp,842.5,Deposit,609,1458.0,Defaulted,yes,Doctor,6023.66,chris.jackson@bank.org,
CUST-1244,TXN624953,57,Female,fixed deposit,New York,2020-02-24,05/17/2024,-1,usd,-311.79,ATM,698,2251.99,closed,YES,Doctor,8772.79,chris.davis@outlook.com,
CUST-3044,TXN997414,42,female,checking,Houston,29-Mar-2019,03/29/2022,897.55,usd,-18.96,Deposit,619,16985.68,Active,Yes,Lawyer,850.43,morganandersongmail.com,Customer flagged for review
CUST-2316,TXN584675,24,MALE,FD,,04-Apr-2024,06/23/2024,1665.79,USD,360.45,DEPOSIT,-100,446.07,closed,No,accountant,10041.95,jane.anderson@,KYC documents pending
CUST-2527,TXN531555,72,F,Savings,Chicago,25-Oct-2021,2022-12-23,141.38,eur,-236.33,DEPOSIT,651,,Default,Yes,Accountant,-80.75,jane.anderson@bank.org,Auto-debit setup confirmed
CUST-3078,TXN868532,71,male,SAVINGS,N.Y.,2019-09-01,09/18/2020,6302.27,usd,1245.87,Withdrawal,700,4918.47,,yes,Lawyer,785.36,sara.taylor@gmail.com,KYC documents pending
CUST-2928,TXN431339,34,M,Checking,Houston,05-Apr-2020,2021-06-21,1808.82,gbp,434.83,ATM,552,14278.94,active,No,Doctor,,lee.smith@gmail.com,Auto-debit setup confirmed
CUST-2227,TXN573079,43,M,Fixed Deposit,Houston,2020-04-17,2021-02-16,1702.66,USD ,344.63,wire transfer,,41636.81,ACTIVE,NO,poctor,1163.07,chris.jones@gmail.com,
CUST-3118,TXN635438,70,FEMALE,fixed deposit,los angeles,21/04/2018,04/22/2018,94698.67,USD,,DEPOSIT,715,2183.0,Default,yes,Doctor,125307.97,pat.taylor@yahoo.com,Account dormant >6 months
cust8962,TXN165741,23,FEMALE,Checking,los angeles,05/24/18,20/07/2020,2463.16,NGN,350.64,DEPOSIT,432,9567.63,closed,no,Teacher,-4435.63,pat.anderson@bank.org,Auto-debit setup confirmed
CUST-1698,TXN281930,71,Male,CHECKING,Phoenix,15-Dec-2020,03/12/2023,547.24,eur,70.88,Withdrawal,750,4744.14,ACTIVE,yes,enginr,2414.28,morgan.taylor@bank.org,Loan disbursed to account
CUST-1277,TXN651001,63,FEMALE,Current,CHI,04-28-2020,09/11/2022,30371.43,EUR,6274.64,Wire Transfer,600,5498.87,active,NO,teachr,26908.97,mike.taylor@outlook.com,KYC documents pending
CUST-2572,TXN306498,35,Female,Checking,new york,22-Mar-2024,06/26/2024,3138.21,USD,-295.2,withdrawal,,13039.68,DEFAULT,NO,Doctor,8935.8,sara.moore@gmail.com,
CUST-2881,TXN424828,27,FEMALE,Checking,LA,01-31-2023,03/02/2024,3933.51,USD ,360.6,wire transfer,492,895.24,,NO,teachr,5168.41,john.moore@gmail.com,
CUST-2912,TXN685541,30,M,Checking,los angeles,06/29/18,06/10/2023,195.69,gbp,-91.32,Withdrawal,721,28458.37,ACTIVE,no,teachr,6099.19,chris.jones@bank.org,
CUST-1337,TXN349739,,MALE,FD,CHI,03-03-2018,10/01/2019,117.91,NGN,-108.46,DEPOSIT,544,41857.03,Closed,no,enginr,5145.14,morgan.davis@outlook.com,Customer flagged for review
CUST-1385,TXN503953,65,male,Checking,new york,18/12/2022,05/25/2023,4670.11,USD,2213.82,DEPOSIT,774,8366.61,Active,yes,LAWYER,1750.98,taylor.moore@outlook.com,KYC documents pending
CUST-2514,TXN959018,70,MALE,Fixed Deposit,LA,06-16-2022,2023-06-17,47552.7,usd,2824.9,wire transfer,670,8010.31,Defaulted,yes,accountant,47281.35,morgan.wilson@outlook.com,KYC documents pending
CUST-2631,TXN718412,71,M,checking,new york,07/11/20,04/21/2022,514.71,usd,,Transfer,525,8431.36,Default,No,LAWYER,-6863.53,sara.anderson@gmail.com,Customer f
CUST-2665,TXN280789,,FEMALE,checking,N.Y.,11/12/2023,03/26/2024,26118.95,USD,2219.29,Transfer,524,2828.36,Default,NO,Lawyer,24795.64,morgan.jones@outlook.com,Account dormant >6 months
CUST-2170,TXN429329,38,F,Current,Houston,04-22-2021,09/10/2023,1227.91,usd,-127.97,DEPOSIT,615,22684.58,active,NO,Teacher,-179.47,mike.smith@outlook.com,Transaction verified by branch Houston
CUST-2616,TXN316328,75,Female,savings,CHI,19-Aug-2020,2024-06-11,10895.5,USD,3291.25,Wire Transfer,631,,Active,YES,Engineer,29151.85,sara.jackson@yahoo.com,Transaction verified by branch CHI
CUST-2423,TXN214680,71,FEMALE,SAVINGS,,06/11/2022,06/16/2024,28318.33,eur,11701.62,DEPOSIT,612,4321.38,Active,No,Docter,32562.56,morgan.wilson@yahoo.com,Loan disbursed to account
CUST-1616,TXN785520,46,Male,savings,Houston,05/06/2024,2024-06-30,1189.92,EUR,211.45,ATM,583,154677.01,closed,yes,enginr,8236.18,morgan.jackson@yahoo.com,Customer flagged for review
CUST-2878,TXN572506,,MALE,CHECKING,Phoenix,14/03/2019,08/11/2023,7866.41,usd,51.53,Wire Transfer,543,6072.14,active,,Accountant,21310.75,lee.taylor@yahoo.com,
CUST-1921,TXN578235,26,MALE,checking,CHI,01/29/24,29/04/2024,6834.4, USD,1642.46,Deposit,,3734.56,Defaulted,yes,Docter,-4796.12,mike.brown@bank.org,Account dormant >6 months
CUST-1432,TXN708358,60,Female,Current,N.Y.,12/27/19,01/25/2020,285.78,eur,,Transfer,643,6765.02,Default,Yes,Accountant,16084.59,jane.smith@outlook.com,Customer flagged for review
CUST-2392,TXN202205,23,FEMALE,fixed deposit,new york,02/01/2024,2024-02-07,3383.92,gbp,784.99,withdrawal,635,2418.25,DEFAULT,Yes,Lawyer,3094.79,mike.taylor@yahoo.com,Account dormant >6 months
CUST-1804,TXN976166,72,,Checking,CHI,09/22/19,12/04/2024,855.69,GBP,46.55,Deposit,638,18783.51,active,no,LAWYER,,pat.jones@yahoo.com,Auto-debit setup confirmed
CUST-2348,TXN892663,24,F,savings,N.Y.,04-05-2021,04/15/2022,3209.89, USD,1315.22,Transfer,620,88253.42,Closed,NO,Accountant,4215.46,lee.anderson@gmail.com,KYC documents pending
CUST-2383,TXN236933,58,Male,CHECKING,los angeles,19/01/2019,05/24/2020,1727.86,NGN,183.53,Withdrawal,0,673.29,Defaulted,no,Docter,2187.86,lee.moore@bank.org,
CUST-2687,TXN818309,67,MALE,Current,Los Angeles,05-Jul-2023,2023-10-30,561.19,usd,-89.47,atm,729,3782.88,ACTIVE,no,Lawyer,-852.76,,Customer flagged for review
CUST-2098,TXN849759,67,MALE,Current,N.Y.,16-Apr-2019,2019-08-30,17146.61,USD ,3399.51,atm,475,4772.06,Active,no,enginr,14563.08,morgan.davis@yahoo.com,
CUST-3032,TXN687904,40,F,SAVINGS,Los Angeles,2024-01-02,2024-03-04,40934.8,NGN,9136.54,withdrawal,714,7189.24,closed,YES,accountant,21543.83,alex.davis@gmail.com,KYC documents pending
CUST-2856,TXN228138,18,M,CHECKING,Los Angeles,03/08/22,03/28/2023,16208.18,gbp,2907.82,atm,666,4939.58,Closed,YES,Engineyr,18074.04,mike.moore@yahoo.com,Transaction verified by branch Los Angeles
CUST-1576,TXN947811,62,F,SAVINGS,Houston,04-21-2021,03/21/2022,1842.72,USD,401.53,atm,668,13329.61,ACTIVE,No,enginr,5798.75,john.jones@bank.org,
CUST-3161,TXN973557,37,Male,Checking,new york,03-31-2023,01/11/2024,414.18,GBP,34.66,withdrawal,715,8446.79,Default,yes,qocter,-4675.47,chris.brown@gmail.com,Loan disbursed to account
CUST-1821,TXN105830,35,MALE,SAVINGS,CHI,04-21-2018,2022-03-22,2264.87,USD,,DEPOSIT,744,4327.25,Default,yes,Accountant,1970.93,lee.wilson@outlook.com,Transaction verified by branch CHI
CUST-2305,TXN233248,32,MALE,Checking,Los Angeles,2019-11-23,23/01/2024,1472.47,GBP,-500,DEPOSIT,698,3045.47,Default,yes,teachr,-5373.04,jane.jones@yahoo.com,Account dormant >6 months
CUST-2431,TXN745215,74,Female,Checking,los angeles,12-18-2018,12/23/2019,10033.34,usd,384.42,ATM,611,,Default,YES,LAWYER,16139.47,alex.wilson@yahoo.com,KYC documents pending
CUST-2367,TXN169917,51,FEMALE,Checking,CHI,12-30-2023,2024-06-21,807.47,EUR,227.99,DEPOSIT,685,6915.1,DEFAULT,No,Engineer,-50000,alex.taylor@bank.org,KYC documents pending
CUST-2833,TXN979526,68,,CHECKING,Phoenix,04-01-2023,07/01/2023,230.69,USD ,-18.26,wire transfer,646,,Defaulted,YES,,5461.26,jane.brown@outlook.com,
CUST-2258,TXN116050,61,Female,CHECKING,CHI,2023-04-06,04/08/2023,39099.36,NGN,7082.51,ATM,,21004.21,DEFAULT,NO,enginr,53183.38,sara.wilson@,Auto-debit setup confirmed
CUST-1858,TXN709583,66,F,checking,CHI,04-23-2020,24/11/2020,3897.31, USD,,wire transfer,698,3461.53,,NO,Engineer,16061.28,john.smith@outlook.com,KYC d
CUST-1587,TXN698738,71,,FD,LA,11/15/18,02/11/2023,1159.92,GBP,353.12,Transfer,607,-808.53,Default,NO,accountant,-7080.92,chris.wilson@gmail.com,Transaction verified by branch LA
CUST-2096,TXN196076,66,Male,FD,N.Y.,01-Aug-2022,14/02/2023,169.53, USD,98.51,DEPOSIT,612,3794.22,Defaulted,NO,accountant,6887.08,alex.jones@yahoo.com,
CUST-3064,TXN972098,46,FEMALE,FD,new york,09-Sep-2022,07/20/2023,9650.2,USD,3340.9,withdrawal,762,7145.61,Active,Yes,Docter,21057.51,alex.anderson@gmail.com,
CUST-1888,TXN135228,63,female,Savings,New York,10-26-2020,2022-01-10,510.68,EUR,142.75,wire transfer,744,13107.08,Active,Yes,teachr,,morgan.taylor@bank.org,Loan disbursed to account
CUST-2798,TXN935217,44,Male,FD,LA,2022-08-07,02/05/2024,11744.21,eur,1979.09,Transfer,779,3087.47,Active,yes,Doctor,23893.21,mike.wilson@bank.org,
CUST-1240,TXN391427,23,FEMALE,Checking,N.Y.,2023-07-02,19/03/2024,476.66,eur,314.59,wire transfer,630,5570.16,Closed,NO,teachr,4041.24,mike.jackson@outlook.com,Account dormant >6 months
CUST-2270,TXN913755,42,Male,Checking,LA,07/05/22,2023-09-01,3202.66, USD,131.8,Deposit,530,28428.45,Closed,NO,Teacher,-1224.02,mike.davis@gmail.com,
CUST-1687,TXN286591,45,M,Fixed Deposit,Los Angeles,05-17-2018,01/26/2021,568.33,USD ,97.81,withdrawal,747,4850.34,ACTIVE,yes,Engineer,-3205.83,jane.smith@yahoo.com,
CUST-1668,TXN330602,,MALE,savings,N.Y.,30-Aug-2022,2023-11-25,546.8,NGN,308.94,Wire Transfer,700,3625.27,ACTIVE,,Accountant,5051.75,taylor.jackson@yahoo.com,
CUST-2841,TXN265771,59,FEMALE,Checking,New York,06/12/19,2019-10-18,81994.57, USD,32711.27,atm,676,1400.37,DEFAULT,Yes,Accountant,119682.11,,Account dormant >6 months
CUST-1846,TXN757576,66,,Current,N.Y.,2023-05-10,2023-10-25,153.34,NGN,55.87,atm,801,3140.41,Defaulted,Yes,enginr,-3916.9,sara.jones@bank.org,Transaction verified by branch N.Y.
CUST-2985,TXN989494,40,Male,savings,Houston,02-14-2019,04/19/2020,4765.86,USD ,2140.07,wire transfer,761,26666.76,Defaulted,Yes,teachr,1206.63,mike.jones@,Transaction verified by branch Houston
CUST-2875,TXN388343,53,FEMALE,Current,Chicago,2020-10-15,05/05/2022,2927.79,usd,757.59,wire transfer,530,16756.0,closed,NO,Engineer,8670.94,lee.miller@yahoo.com,Loan disbursed to account
CUST-1812,TXN158317,38,F,Current,N.Y.,16/02/2020,05/01/2024,1285.74,NGN,-160.48,withdrawal,814,24071.16,,yes,enginr,539.98,lee.davis@gmail.com,
CUST--6388,TXN324156,68,F,Current,Phoenix,11-30-2023,02/09/2024,10671.51,usd,3416.36,wire transfer,622,5874.43,ACTIVE,Yes,accountant,25262.31,,Transaction verified by branch Phoenix
CUST-2408,TXN353767,75,M,Current,Houston,04/27/21,2023-09-02,391.26,usd,311.9,wire transfer,483,6404.31,Closed,NO,Lawyer,11384.81,morgan.miller@yahoo.com,Customer flagged for review
CUST-1272,TXN154382,38,MALE,FD,los angeles,20/10/2023,16/12/2023,13049.22,gbp,2109.78,Wire Transfer,646,15911.85,Defaulted,No,Accountant,-50000,john.jackson@outlook.com,
CUST-2686,TXN964578,23,female,CHECKING,new york,2022-07-19,19/11/2023,14009.36,NGN,,Wire Transfer,685,18972.0,ACTIVE,yes,Engineer,,pat.anderson@bank.org,
CUST-3170,TXN738136,23,MALE,fixed deposit,new york,26-Jul-2023,2024-01-21,239.14,NGN,145.35,wire transfer,534,9319.1,Defaulted,NO,Docter,1394.1,lee.smith@bank.org,
CUST-2181,TXN863169,53,,SAVINGS,Chicago,26-Jan-2023,22/03/2023,10188.96,EUR,3317.61,atm,,,ACTIVE,YES,,13755.12,mike.jackson@outlook.com,Customer flagged for review
CUST-2694,TXN300402,32,Female,savings,los angeles,2022-11-25,03/30/2024,173771.67,GBP,50475.77,Deposit,666,14990.38,active,YES,Doctor,9999999999,lee.moore@outlook.com,Transaction verified by branch los angeles
CUST-1561,TXN372077,53,Female,Current,N.Y.,25/07/2021,2022-04-09,712.72,NGN,270.37,wire transfer,704,9008.24,Default,Yes,accountant,3797.16,alex.jackson@gmail.com,Transaction verified by branch N.Y.
CUST-2842,TXN984102,67,MALE,Fixed Deposit,LA,25/05/2024,06/23/2024,789.52,usd,259.19,DEPOSIT,561,,,no,Lawyer,5923.94,lee.smith@bank.org,Transaction verified by branch LA
CUST-3133,TXN128731,48,female,FD,Houston,03/08/21,12/08/2021,387.12,gbp,-51.7,Withdrawal,n/a,44923.28,Default,no,Lawyer,703.01,morgan.jones@,
CUST-2561,TXN608753,41,FEMALE,SAVINGS,los angeles,01-14-2019,19/02/2020,10915.45,gbp,622.76,wire transfer,784,1880.89,closed,yes,teachr,19249.59,sara.wilson@outlook.com,Customer flagged for review
CUST-2358,TXN302033,26,,FD,Phoenix,08-20-2022,2023-08-30,6642.95,USD,137.16,Withdrawal,733,2286.42,closed,Yes,accountant,5051.77,taylor.davis@gmail.com,Auto-debit setup confirmed
CUST-2178,TXN608899,65,F,SAVINGS,New York,03/02/2023,08/07/2023,2027.55, USD,877.48,wire transfer,815,2002.59,DEFAULT,Yes,Engineer,9810.99,morgan.anderson@bank.org,Auto-debit setup confirmed
CUST-2043,TXN550504,22,MALE,Current,New York,25/09/2021,2022-05-23,1274.63,usd,-500,Wire Transfer,716,9991.3,Defaulted,Yes,accountant,-2883.68,patandersongmail.com,Auto-debit setup confirmed
CUST-3063,TXN644494,59,,Savings,Phoenix,04/14/20,05/08/2021,13736.42,USD,4743.83,ATM,625,11255.86,DEFAULT,YES,Lawyer,15427.05,morgan.brown@yahoo.com,
CUST-1876,TXN579964,45,Female,fixed deposit,Houston,01/18/23,08/12/2023,13396.35,USD,1085.43,Withdrawal,587,3790.67,ACTIVE,no,Accountant,8581.44,jane.anderson@yahoo.com,Auto-debit setup confirmed
CUST-2834,TXN583238,50,male,SAVINGS,LA,04/09/2023,2023-11-28,609.87,usd,255.73,atm,603,10885.0,ACTIVE,,accountant,134.74,chris.jackson@bank.org,Transaction verified by branch LA
CUST-1591,TXN106154,18,male,savings,Phoenix,03-12-2022,03/31/2022,4992.45,NGN,1161.89,Transfer,652,3795.25,Active,,Accountant,7911.17,chris.miller@outlook.com,Customer flagged for review
CUST-1786,TXN274468,,female,checking,LA,11-23-2020,14/09/2023,10426.72,EUR,5105.33,DEPOSIT,526,-710.22,ACTIVE,no,enginr,0,john.jones@yahoo.com,Auto-debit setup confirmed
CUST-1223,TXN441699,22,FEMALE,Current,Houston,02-23-2024,31/05/2024,5249.83,gbp,1323.81,atm,576,19333.72,DEFAULT,no,teachr,9323.65,pat.miller@gmail.com,Auto-debit setup confirmed
CUST-1828,TXN901834,26,male,fixed deposit,new york,02/08/19,2023-12-27,464.71,USD ,600.06,Withdrawal,777,15977.66,Defaulted,YES,Accountant,-3389.18,alex.anderson@gmail.com,Account dormant >6 months
CUST-2739,TXN373399,56,Female,Checking,new york,07-31-2022,10/29/2022,370.68,USD,,DEPOSIT,817,7775.65,closed,Yes,,11353.33,mike.smith@outlook.com,Loan disbursed to account
CUST-2012,TXN967268,61,FEMALE,checking,Chicago,13-May-2021,19/01/2024,105.04, USD,63.09,Deposit,605,,Closed,No,enlinr,3621.08,alex.anderson@bank.org,
CUST-1349,TXN385693,70,MALE,checking,Los Angeles,29-Aug-2023,06/01/2024,41124.74,usd,16134.66,withdrawal,594,3950.48,Closed,no,Docter,50604.0,morganandersongmail.com,
CUST-3101,TXN298188,58,F,Checking,los angeles,07/11/2021,23/11/2021,1831.83,GBP,9999999,ATM,669,8982.9,ACTIVE,no,Teacher,1997.5,alex.wilson@yahoo.com,Auto-debit setup confirmed
CUST-2363,TXN544981,57,female,FD,Los Angeles,21-Feb-2024,04/05/2024,3140.73,GBP,573.57,DEPOSIT,558,24098.5,active,No,enginr,-845.31,lee.taylor@bank.org,Account dormant >6 months
CUST-1661,TXN799157,23,MALE,savings,los angeles,12/06/19,2022-04-24,27515.23, USD,7609.5,DEPOSIT,650,22280.41,Default,NO,,42266.53,taylor.anderson@bank.org,Auto-debit setup confirmed
CUST-2484,TXN486619,45,F,checking,CHI,03/22/21,06/21/2021,2639.64,GBP,913.62,Withdrawal,718,14303.7,DEFAULT,Yes,enginr,9182.36,taylor.wilson@outlook.com,Account dormant >6 months
CUST-1206,TXN343977,53,female,Fixed Deposit,,2022-03-28,09/12/2022,9256.55,USD ,2654.43,Transfer,571,8949.32,,yes,,12498.58,john.jackson@yahoo.com,Customer flagged for review
CUST-1978,TXN391236,70,male,Current,,2020-12-21,17/01/2023,6250.02,EUR,2209.88,Transfer,490,2640.59,ACTIVE,NO,Doctor,12447.69,morgan.taylor@yahoo.com,Loan disbursed to account
CUST-1880,TXN793965,36,male,CHECKING,LA,02/06/2023,2024-05-08,790.07,USD ,,Wire Transfer,754,,ACTIVE,yes,teachr,-1188.63,pat.davis@outlook.com,Account dormant >6 months
CUST-2790,TXN107427,30,Male,Checking,los angeles,11/14/21,2022-03-19,67239.43,NGN,15241.08,Deposit,,174.75,active,yes,teachr,83723.95,sara.taylor@bank.org,Loan disbursed to account
CUST-2970,TXN483181,69,FEMALE,fixed deposit,Phoenix,12-May-2018,2023-10-01,2410.3,usd,152.66,wire transfer,760,,Closed,yes,Docter,13993.4,taylor.wilson@bank.org,Loan disbursed to account
CUST-3024,TXN647876,22,Male,Savings,New York,06-25-2022,03/28/2024,4852.13,EUR,671.72,Withdrawal,569,9587.64,Defaulted,no,enginr,-8649.38,alex.wilson@bank.org,Customer flagged for review
CUST-1254,TXN316642,70,F,Current,,12-08-2020,2022-04-30,689.65,USD ,376.07,wire transfer,574,112688.43,Closed,Yes,enginr,3374.85,john.smith@outlook.com,Account dormant >6 months
CUST-1769,TXN223505,31,FEMALE,SAVINGS,Phoenix,19/12/2023,29/12/2023,5778.85,gbp,891.37,ATM,668,1264.08,Default,yes,LAWYER,5380.97,alex.taylor@outlook.com,
CUST-2439,TXN105131,74,female,Checking,los angeles,03/07/2019,19/08/2022,14736.23,usd,5963.97,Deposit,751,13245.49,ACTIVE,YES,Engineer,,alex.taylor@bank.org,Account dormant >6 months
CUST-3094,TXN817773,35,M,checking,N.Y.,30-May-2020,22/09/2022,2900.96,eur,158.8,ATM,688,5992.13,DEFAULT,Yes,Doctor,16604.19,taylor.smith@yahoo.com,
CUST-2274,TXN139086,70,Male,fixed deposit,New York,03/04/23,2023-07-20,1204.97,usd,393.73,atm,483,21455.28,active,no,Lawyer,3669.31,lee.miller@outlook.com,Auto-debit setup confirmed
CUST-2083,TXN431493,,male,Checking,new york,09/01/21,2022-06-25,690.76,gbp,167.57,ATM,651,796.07,active,no,accountant,4434.79,lee.moore@yahoo.com,Account dormant >6 months
CUST-2582,TXN538561,22,FEMALE,SAVINGS,los angeles,06-10-2023,04/06/2024,3778.72,GBP,1329.56,Withdrawal,,-402.13,Closed,NO,Accountant,10484.07,saramillergmail.com,Customer flagged for review
CUST-1999,TXN115996,-1,female,FD,N.Y.,2020-04-17,11/10/2020,4166.81, USD,9999999,DEPOSIT,510,4693.61,ACTIVE,NO,enginr,-3713.64,alex.jones@yahoo.com,Transaction verified by branch N.Y.
CUST-2445,TXN987435,34,Male,CHECKING,LA,05/07/2021,15/06/2024,30051.32,USD,5887.93,ATM,595,18403.54,Active,YES,,10555.75,alex.jackson@outlook.com,
CUST--1722,TXN690570,45,FEMALE,Savings,Phoenix,13-Feb-2022,24/08/2023,2309.35,eur,544.37,Wire Transfer,705,21063.67,Default,yes,Docter,4608.36,chris.taylor@yahoo.com,Account dormant >6 months
CUST-2539,TXN111183,,,fixed deposit,Los Angeles,03/06/19,2020-07-19,21251.15,usd,10523.81,atm,596,2311.93,Closed,no,Accountant,14400.95,taylor.anderson@bank.org,
CUST-2188,TXN243093,71,female,checking,,03/27/18,2023-10-24,7327.33,USD,1206.0,Transfer,950,12281.22,closed,YES,Accountant,4340.54,lee.miller@outlook.com,Customer flagged for review
CUST-2387,TXN836042,67,Female,FD,new york,14-Jan-2018,2019-09-28,1268.32, USD,397.11,withdrawal,861,10958.53,DEFAULT,Yes,accountant,302.92,pat.anderson@yahoo.com,Transaction verified by branch new york
CUST-1227,TXN733152,55,FEMALE,savings,Phoenix,25-Aug-2020,10/08/2023,4170.65,usd,1100.68,ATM,687,53211.22,Default,yes,Accountant,10805.44,morgan.wilson@bank.org,
CUST-2293,TXN875792,38,Female,Fixed Deposit,Houston,19/06/2023,2024-01-21,1944.47,USD,750.85,ATM,897,6259.31,Defaulted,yes,accountant,9999999999,,Account dormant >6 months
CUST-2991,TXN813389,30,M,FD,Los Angeles,08-May-2022,2022-07-28,229.56,GBP,115.2,ATM,642,40550.08,active,NO,enginr,-4371.15,mike.davis@outlook.com,Transaction verified by branch Los Angeles
CUST-1759,TXN349448,60,Female,Fixed Deposit,Chicago,08-08-2018,14/01/2020,1705.34,USD ,458.72,Deposit,664,12399.91,Active,Yes,teachr,2392.67,chris.jackson@bank.org,Auto-debit setup confirmed
CUST-2907,TXN481870,31,female,savings,N.Y.,10-Dec-2018,2019-04-30,1698.22,NGN,,Deposit,586,15629.71,Active,yes,teachr,9925.68,taylor.wilson@yahoo.com,
CUST-1714,TXN854259,49,F,CHECKING,Los Angeles,20/01/2023,03/31/2023,706.22, USD,47.52,Transfer,good,2617.03,,yes,enginr,0,jane.moore@gmail.com,
CUST-2722,TXN621379,24,F,FD,N.Y.,11-08-2021,15/11/2022,29443.22,gbp,,Withdrawal,879,3287.91,closed,YES,Doctor,28585.12,chris.jackson@yahoo.com,Customer flagged for review
CUST-2492,TXN718013,68,female,SAVINGS,los angeles,2023-03-06,03/19/2024,83.32,EUR,70.94,withdrawal,,63845.42,ACTIVE,yes,Accountant,818.77,alex.miller@yahoo.com,Account dormant >6 months
CUST-2171,TXN583248,53,Female,FD,Los Angeles,2019-12-22,04/27/2023,837.44,EUR,492.92,DEPOSIT,623,4865.08,ACTIVE,Yes,Engineer,1026.76,sara.moore@outlook.com,
CUST-1965,TXN614060,73,MALE,savings,Chicago,12/28/19,17/06/2024,580.96,NGN,-66.38,Withdrawal,572,9050.14,ACTIVE,YES,teachr,-2923.88,morganwilsongmail.com,Account dormant >6 months
CUST-1764,TXN155425,23,FEMALE,savings,N.Y.,06/22/22,25/02/2024,9285.81,NGN,3492.93,wire transfer,##,,,YES,LcWYER,4183.13,lee.jackson@yahoo.com,Loan disbursed to account
CUST-2545,TXN136797,58,female,Checking,Los Angeles,05-Dec-2021,01/04/2023,3128.4,USD ,859.21,Transfer,708,5948.73,Active,Yes,teachr,5950.66,morgan.jones@bank.org,Transaction verified by branch Los Angeles
CUST-1143,TXN463188,59,FEMALE,FD,Phoenix,01-17-2021,02/05/2024,16372.34, USD,2222.44,Wire Transfer,702,-450.2,Default,no,Lawyer,4982.03,taylor.wilson@gmail.com,Auto-debit setup confirmed
CUST-1556,TXN653421,35,M,Savings,Chicago,11-13-2019,08/15/2022,1513.02,NGN,187.48,DEPOSIT,,5235.83,ACTIVE,no,,2098.95,,Customer flagged for review
CUST-2625,TXN549766,,Female,SAVINGS,CHI,12-31-2021,12/21/2022,23116.22,eur,5135.59,ATM,695,7260.01,,yes,,6816.41,alex.wilson@bank.org,
CUST-2918,TXN298686,32,female,CHECKING,Chicago,12-21-2020,2023-04-12,384.02,USD,-28.97,wire transfer,676,13580.59,,yes,Engineer,-5631.66,john.anderson@yahoo.com,
CUST-2427,TXN379026,66,M,Fixed Deposit,,04/03/23,04/09/2023,1492.34,EUR,54.76,Wire Transfer,676,6168.16,Closed,No,,7711.94,pat.jones@,Customer flagged for review
CUST-2266,TXN396612,73,Female,fixed deposit,Chicago,01-25-2018,03/20/2021,1434.47,usd,14.83,DEPOSIT,705,,closed,YES,Lawyer,-8186.96,chris.taylor@gmail.com,
CUST-3031,TXN780862,20,Male,FD,New York,2020-08-21,05/14/2022,450.97,USD ,-48.47,withdrawal,592,11691.37,Defaulted,no,Engineer,,alex.wilson@outlook.com,Account dormant >6 months
CUST-1301,TXN541508,,F,checking,Los Angeles,03-Mar-2024,02/06/2024,78.59,gbp,-280.43,wire transfer,710,17779.48,Active,YES,Docter,2189.54,pat.wilson@yahoo.com,Customer flagged for review
CUST-2817,TXN302370,72,F,checking,los angeles,06-Dec-2019,09/06/2024,3244.66,GBP,574.35,withdrawal,632,25422.71,Closed,yes,Docter,2680.2,mike.moore@outlook.com,Loan disbursed to account
CUST-2513,TXN187577,75,female,Current,,04-24-2021,16/07/2021,1921.71,EUR,9999999,Wire Transfer,600,19900.73,ACTIVE,no,enginr,-2915.04,taylor.moore@bank.org,KYC documents pending
CUST-3052,TXN538106,64,F,Fixed Deposit,Houston,12/01/22,07/04/2023,2337.66,NGN,771.7,DEPOSIT,611,,Default,No,Docter,2675.44,sara.davis@yahoo.com,Transaction verified by branch Houston
CUST-3144,TXN467891,70,Male,FD,Chicago,04-Dec-2019,12/21/2022,8369.84, USD,1645.99,wire transfer,593,3477.12,Closed,No,Engineer,18353.46,lee.smith@yahoo.com,Transaction verified by branch Chicago
CUST-3180,TXN318863,34,male,SAVINGS,Los Angeles,16-Mar-2021,2022-02-17,2537.24,NGN,263.03,Wire Transfer,755,4038.14,DEFAULT,Yes,Teacher,12489.95,pat.jackson@outlook.com,Loan disbursed to account
CUST-2786,TXN810506,18,M,Checking,Los Angeles,03-25-2022,2023-06-28,9279.36,EUR,3250.19,Wire Transfer,390,10907.0,ACTIVE,No,Engineer,3767.11,taylor.davis@outlook.com,Transaction verified by branch Los Angeles
CUST-2743,TXN929029,36,male,FD,Chicago,01/06/19,2019-11-18,1116.38,NGN,341.72,Withdrawal,656,11169.37,Default,,Docter,-3840.89,chris.smith@gmail.com,Transaction verified by branch Chicago
CUST-2664,TXN391446,28,Female,Savings,new york,17-Dec-2020,04/17/2023,3845.36,GBP,-122.32,wire transfer,,3806.64,Defaulted,YES,Teacher,6698.29,morgan.anderson@bank.org,Transaction verified by branch new york
CUST-1919,TXN843910,73,MALE,CHECKING,Chicago,2020-07-28,09/01/2021,6989.43,NGN,-500,atm,1200,2836.55,Defaulted,YES,Doctor,14880.56,lee.jackson@,
CUST-2340,TXN139084,52,male,Savings,new york,31-Mar-2021,10/31/2021,125276.18, USD,46815.35,ATM,624,-426.14,closed,Yes,enginr,229403.19,john.jones@gmail.com,
CUST-2576,TXN909297,44,,checking,N.Y.,28/04/2018,15/10/2022,4484.38,gbp,763.43,Wire Transfer,693,2122.84,Active,no,Teacher,1438.51,lee.anderson@bank.org,Customer flagged for review
CUST-1465,TXN275730,63,female,checking,N.Y.,2022-09-25,08/15/2023,978.77,EUR,-192.4,Withdrawal,601,,Active,yes,Lawyer,-1459.5,jane.miller@gmail.com,
CUST-2021,TXN453423,74,Female,Current,los angeles,11-Nov-2018,07/24/2020,6743.47,eur,1546.97,DEPOSIT,691,5109.36,Defaulted,Yes,accountant,6333.21,johnmooregmail.com,
CUST-2765,TXN875303,58,M,SAVINGS,LA,05/03/2022,2022-04-18,16387.71,eur,6737.3,DEPOSIT,756,4034.49,Active,Yes,enginr,31857.56,,Loan disbursed to account
CUST-3138,TXN607722,33,male,Fixed Deposit,Phoenix,01-Aug-2019,17/10/2020,12331.69, USD,4535.92,atm,,2650.95,closed,No,Accountant,16918.73,john.brown@gmail.com,Auto-debit setup confirmed
CUST-1743,TXN854283,25,FEMALE,Fixed Deposit,Houston,02-05-2023,2023-12-12,2418.5,NGN,759.09,DEPOSIT,497,30281.81,closed,NO,teachr,1469.22,sara.davis@bank.org,
CUST-1375,TXN205797,200,Male,FD,new york,2021-09-03,04/11/2022,1893.71,gbp,157.49,Wire Transfer,1200,-133.33,active,yes,Docter,3051.43,morgan.jones@bank.org,Account dormant >6 months
CUST-1788,TXN698120,60,Female,savings,CHI,2020-11-10,2023-01-11,2384.03,EUR,223.16,ATM,793,16417.1,Default,No,Doctor,1369.99,alex.miller@gmail.com,Loan disbursed to account
CUST-2851,TXN191601,75,M,Checking,Los Angeles,05/18/18,03/02/2020,9063.22, USD,1418.87,Wire Transfer,746,1366.66,Default,yes,Doctor,17907.46,sara.wilson@bank.org,
CUST-1226,TXN887042,47,Female,Checking,N.Y.,07/03/21,06/06/2023,116847.85,USD ,53070.91,Wire Transfer,658,,ACTIVE,Yes,,198139.55,alex.taylor@outlook.com,KYC documents pending
CUST-2529,TXN502480,62,F,fixed deposit,LA,03/19/23,11/06/2024,2938.06,usd,1009.29,withdrawal,688,-869.53,Active,No,LAWYER,9523.2,chris.davis@outlook.com,KYC documents pending
CUST-2893,TXN302510,57,male,Current,new york,17-Jan-2018,01/08/2021,1234.47,USD,-197.7,wire transfer,701,46365.51,,Yes,Docter,4683.03,sara.wilson@yahoo.com,Transaction verified by branch new york
CUST-1674,TXN554769,53,Male,FD,CHI,01-09-2020,2022-12-27,1503.9,usd,481.78,withdrawal,697,4640.5,Default,yes,accountant,-490.97,jane.anderson@bank.org,Account dormant >6 months
CUST-2426,TXN554826,27,male,CHECKING,N.Y.,2022-06-16,20/12/2023,374.27,usd,260.22,Withdrawal,712,3300.97,Default,No,Doctor,-3704.64,john.jackson@outlook.com,Loan disbursed to account
CUST-2173,TXN373150,24,male,FD,Phoenix,03-24-2023,2023-11-23,639.83,USD ,,withdrawal,658,2755.87,Defaulted,No,enginr,-482.16,sara.brown@bank.org,KYC documents pending
CUST-1878,TXN357834,43,F,FD,new york,2024-01-05,06/26/2024,132.5,USD ,36.23,Deposit,637,-727.92,Defaulted,Yes,zeachr,-1429.4,alex.davis@gmail.com,
CUST-2995,TXN166719,35,female,FD,New York,12-Jul-2022,07/11/2022,14455.37,EUR,2020.43,withdrawal,669,19664.68,Closed,yes,Doctor,,mike.smith@yahoo.com,Customer flagged for review
CUST-1582,TXN384559,46,M,Checking,Houston,22-Mar-2020,10/29/2023,1107.12,usd,313.4,Withdrawal,683,13253.53,DEFAULT,yes,teachr,-1503.81,alex.jackson@gmail.com,
CUST-1646,TXN665340,27,M,FD,Phoenix,14-Feb-2022,08/07/2023,3051.62,NGN,,DEPOSIT,577,37022.6,Default,No,Accountant,7886.59,sara.brown@outlook.com,Loan disbursed to account
CUST-1995,TXN710866,26,M,savings,Houston,11-30-2018,2021-08-21,1285.44,USD,51.83,Wire Transfer,653,6316.55,Closed,Yes,Teacher,-7538.4,sara.taylor@gmail.com,KYC documents pending
CUST-2717,TXN230683,55,Female,Fixed Deposit,los angeles,09-Jun-2022,26/02/2023,3309.51,gbp,-14.65,Wire Transfer,623,60019.66,ACTIVE,no,Accountant,3655.95,alex.miller@outlook.com,Auto-debit setup confirmed
CUST-1334,TXN362651,72,FEMALE,fixed deposit,New York,08/08/2021,20/09/2023,17751.15, USD,2128.21,withdrawal,697,16336.75,Closed,YES,Engineer,16150.55,jane.miller@bank.org,Loan disbursed to account
CUST-3129,TXN857948,30,female,CHECKING,Los Angeles,05/19/19,2022-12-26,1673.73,EUR,129.62,atm,814,14844.79,closed,Yes,Doctor,4453.33,morgan.jones@outlook.com,Transaction verified by branch Los Angeles
CUST-1231,TXN312987,20,F,Current,Los Angeles,11-Jan-2022,2023-10-20,427.26,NGN,-57.57,DEPOSIT,,6250.45,DEFAULT,yes,Engineer,-7007.57,,Auto-debit setup confirmed
CUST-2143,TXN507216,73,MALE,fixed deposit,N.Y.,01-Aug-2020,2021-11-25,2192.25,EUR,363.25,atm,,7938.18,Defaulted,NO,Engineer,0,taylor.davis@yahoo.com,Customer flagged for review
CUST-1781,TXN731601,52,Female,Current,Phoenix,10-09-2019,24/12/2022,14647.96,USD,756.05,Wire Transfer,678,47154.66,Default,YES,Engineer,,lee.jones@,Customer flagged for review
CUST--7058,TXN206707,42,FEMALE,Fixed Deposit,Los Angeles,05/12/2021,05/22/2024,3725.0,eur,334.55,atm,724,8634.68,Active,YES,Doctor,8128.25,morgan.anderson@outlook.com,Transaction verified by branch Los Angeles
CUST-1324,TXN497993,28,FEMALE,CHECKING,Chicago,20-Aug-2022,02/05/2024,2220.47,USD ,1070.18,ATM,647,16774.74,active,No,Doctor,0,lee.moore@yahoo.com,Account dormant >6 months
CUST-2899,TXN797795,70,F,fixed deposit,Houston,2018-06-10,2019-01-12,2449.89,EUR,1235.81,Transfer,499,1686.84,Closed,NO,Teacher,-921.83,lee.jones@bank.org,Account dormant >6 months
CUST-1162,TXN205345,25,MALE,Current,new york,2020-10-11,03/03/2022,9144.8,EUR,3307.51,withdrawal,648,9111.82,active,yes,Doctor,23650.7,taylor.moore@bank.org,Custom
CUST-1201,TXN703869,52,male,FD,los angeles,05/01/2023,2023-10-25,3347.78,NGN,912.04,wire transfer,771,13889.8,active,YES,Docter,-2115.04,lee.moore@yahoo.com,KYC documents pending
CUST-3197,TXN944761,53,MALE,Current,new york,15-Dec-2020,07/01/2022,850.4,NGN,,Withdrawal,736,7959.63,active,Yes,Docter,,jane.davis@,
CUST-3061,TXN174222,42,F,FD,Los Angeles,06/27/23,31/01/2024,3879.28,USD,1610.53,Wire Transfer,714,-748.7,Closed,Yes,Docter,8962.64,pat.jackson@bank.org,
CUST-3166,TXN810292,,Female,Savings,N.Y.,2022-03-03,24/07/2023,1864.24,NGN,830.91,Withdrawal,808,9168.5,DEFAULT,YES,Doctor,-345.72,lee.wilson@bank.org,
CUST-2214,TXN479742,71,Male,Checking,Los Angeles,08/12/2021,22/10/2023,2190.91,GBP,1202.81,Transfer,607,4800.25,DEFAULT,no,Lawyer,-1865.51,morgan.jackson@outlook.com,KYC documents pending
CUST-1400,TXN755833,48,FEMALE,savings,los angeles,08-Sep-2018,03/10/2018,5280.3,GBP,2582.9,DEPOSIT,703,7055.37,active,YES,Docter,2863.45,morgan.smith@outlook.com,Auto-debit setup confirmed
CUST-2483,TXN998854,67,M,Fixed Deposit,Chicago,09/21/18,11/06/2022,4569.38,usd,-0.01,Transfer,492,,closed,no,,10824.29,lee.moore@outlook.com,
CUST-1360,TXN785815,27,MALE,Fixed Deposit,New York,09-24-2022,06/03/2024,3843.13,usd,1135.41,wire transfer,,3281.62,,NO,Engineer,1419.04,lee.anderson@outlook.com,Account dormant >6 months
CUST-2057,TXN125486,25,M,savings,LA,2025-15-40,23/05/2024,33672.95,USD,13680.25,Transfer,,1608.87,Active,No,accountant,56611.79,jane.davis@yahoo.com,Transaction verified by branch LA
CUST-2915,TXN383625,24,FEMALE,CHECKING,los angeles,06-14-2022,2024-02-08,3701.08,gbp,1403.75,Withdrawal,656,16084.63,DEFAULT,NO,Lawyer,5079.16,lee.brown@yahoo.com,Customer flagged for review
CUST-2213,TXN782862,27,Male,fixed deposit,CHI,25-Mar-2019,2021-01-11,3417.42,USD,600.97,wire transfer,650,1751.91,active,Yes,Enuineer,7911.36,mike.miller@bank.org,Loan disbursed to account
CUST-3092,TXN456225,64,F,FD,Phoenix,03-Jun-2024,24/06/2024,4563.6,USD ,906.42,Transfer,618,2029.37,Closed,Yes,LAWYER,13208.08,morgan.taylor@bank.org,KYC d
CUST-2559,TXN392805,27,FEMALE,savings,Chicago,19-Mar-2021,08/07/2022,2357.33,EUR,275.35,DEPOSIT,749,3716.82,closed,yes,Doctor,674.24,jane.anderson@yahoo.com,Auto-debit setup confirmed
CUST-2117,TXN167138,28,M,savings,N.Y.,03/17/20,02/09/2020,18863.53,eur,1894.94,Deposit,537,14577.91,Active,no,Teacher,36293.19,chrismooregmail.com,Loan disbursed to account
CUST-1387,TXN239834,31,male,checking,new york,12-Sep-2023,06/14/2024,3932.46,USD,-128.03,Withdrawal,,26914.32,active,Yes,Engineer,-1509.05,taylor.moore@bank.org,Account dormant >6 months
CUST-2520,TXN178582,62,FEMALE,savings,Phoenix,04-Jul-2022,08/02/2023,2578.23,NGN,333.82,ATM,900,2334.41,active,yes,Lawyer,3196.39,john.jones@yahoo.com,Customer flagged for review
CUST-3181,TXN369892,30,Female,Checking,Los Angeles,08/11/2018,2019-10-01,1089.03,USD ,423.26,Transfer,627,9167.49,Defaulted,YES,enginr,9999999999,chris.smith@gmail.com,Account dormant >6 months
CUST-2260,TXN276962,66,F,CHECKING,Houston,2023-09-27,05/12/2024,921.59,EUR,334.11,ATM,816,,,,Docter,58.62,jane.miller@outlook.com,Loan disburs
CUST-2061,TXN462573,74,FEMALE,savings,New York,2018-01-15,2024-04-09,8757.15,USD,1701.42,DEPOSIT,598,42845.33,DEFAULT,no,enginr,,morgan.smith@gmail.com,Account dormant >6 months
CUST-2187,TXN444929,41,female,Checking,CHI,19-Apr-2020,2022-10-22,930.93,USD ,289.34,Deposit,598,15662.97,Closed,Yes,LAWYER,6755.52,chris.jackson@yahoo.com,Transaction verified by branch CHI
CUST-2067,TXN593660,28,M,Current,Houston,30-May-2020,30/08/2020,12418.71,usd,1828.71,DEPOSIT,634,6646.23,Default,YES,teachr,0,alex.taylor@yahoo.com,KYC documents pending
CUST-2795,TXN970424,60,M,Checking,new york,09-08-2020,09/21/2020,12713.69,gbp,5559.04,Transfer,685,,Closed,Yes,Accountant,5502.24,mike.anderson@outlook.com,Transaction verified by branch new york
CUST-1866,TXN155320,41,M,checking,Phoenix,03-Oct-2022,06/10/2023,255.43,GBP,-270.89,wire transfer,600,14512.09,ACTIVE,YES,Accountant,2892.4,chris.anderson@yahoo.com,Account dormant >6 months
CUST-1511,TXN661498,18,male,CHECKING,Chicago,2019-08-08,09/06/2021,794.08,EUR,46.04,DEPOSIT,950,3847.19,ACTIVE,yes,Accountant,-1926.42,jane.davis@yahoo.com,Transaction verified by branch Chicago
CUST-1476,TXN546597,56,Male,FD,New York,03/31/20,2022-09-17,24745.49,gbp,2033.36,Withdrawal,651,,ACTIVE,yes,azcountant,29019.88,alex.smith@,Loan disbursed to account
CUST-1362,TXN965674,64,,CHECKING,,19-Feb-2019,15/03/2023,18391.55,EUR,413.98,withdrawal,835,12007.87,active,NO,,13206.36,alex.brown@bank.org,KYC documents pending
CUST-2438,TXN527813,22,MALE,Checking,Houston,2022-11-02,12/30/2023,1742.16, USD,1087.07,Withdrawal,553,12563.85,,NO,Accountant,-5664.94,morgan.miller@yahoo.com,Loan disbursed to account
CUST-2420,TXN331126,42,male,SAVINGS,Phoenix,02-28-2021,10/24/2022,199.21,USD ,144.07,wire transfer,679,4104.45,Defaulted,yes,accountant,-6213.59,pat.moore@,Customer flagged for review
CUST-3034,TXN466398,41,F,checking,Chicago,05-01-2022,2023-08-01,1461.64,usd,503.19,Withdrawal,701,16568.14,DEFAULT,YES,Teacher,-1292.49,alex.brown@yahoo.com,KYC documents pending
CUST-2278,TXN492557,75,female,savings,New York,2023-01-22,07/24/2023,1205.01,USD,193.76,DEPOSIT,552,-58.28,DEFAULT,No,Accountant,-10391.51,lee.miller@outlook.com,
CUST-2774,TXN597294,74,female,savings,Phoenix,07/06/18,06/11/2022,507.58,GBP,282.99,DEPOSIT,648,5805.23,Active,Yes,,,lee.jackson@bank.org,KYC documents pending
CUST-1826,TXN756758,,female,fixed deposit,CHI,2019-05-24,01/24/2024,34329.13,NGN,10288.02,wire transfer,,6647.94,closed,yes,Lawyur,36697.56,,Auto-debit setup confirmed
CUST-2242,TXN604245,63,Female,FD,N.Y.,2019-04-14,01/04/2024,243.04,usd,441.89,Wire Transfer,687,4954.46,closed,yes,LAWYER,6988.8,pat.wilson@bank.org,Account dormant >6 months
CUST-1466,TXN763753,65,Female,checking,N.Y.,19-Apr-2022,2024-04-21,1055.08,GBP,193.99,withdrawal,---,1799.53,Default,Yes,Teacher,4356.66,mike.wilson@gmail.com,Customer flagged for review
CUST-1003,TXN507746,61,M,savings,CHI,06/02/22,29/06/2022,1452.79,NGN,106.76,Wire Transfer,561,2449.88,Defaulted,Yes,Engineer,6427.91,johnwilsongmail.com,Auto-debit setup confirmed
CUST-1229,TXN728500,63,Female,savings,LA,05-07-2024,20/06/2024,15387.14,USD ,386.24,withdrawal,772,6918.76,Closed,yes,Engineer,4297.07,sara.jackson@gmail.com,
CUST-2156,TXN981355,69,male,fixed deposit,Houston,25-Feb-2021,2023-12-09,1977.14, USD,362.76,Withdrawal,661,8935.86,,yes,LAWYER,3549.79,sara.moore@outlook.com,
CUST-1609,TXN727826,50,female,Savings,Phoenix,04-30-2020,2022-10-10,14905.22,NGN,7745.42,wire transfer,587,2036.43,Closed,no,LAWYER,9999999999,jane.brown@yahoo.com,Loan disbursed to account
CUST-1508,TXN224272,18,female,CHECKING,LA,30-May-2022,2022-07-10,1164.36,gbp,232.11,wire transfer,,13535.69,ACTIVE,yes,Lawyer,4419.6,john.davis@bank.org,Auto-debit setup confirmed
CUST-3018,TXN377955,69,male,Current,Los Angeles,04/12/22,2023-01-11,1621.06, USD,612.3,Withdrawal,520,1909.28,Default,no,Accountant,2563.77,lee.jones@bank.org,Loan disbursed to account
CUST-1824,TXN987240,52,Female,fixed deposit,Chicago,23/06/2022,27/01/2024,216.71,USD ,127.76,atm,688,3657.16,active,,,2466.42,patmillergmail.com,Transaction verified by branch Chicago
CUST-2600,TXN397536,30,M,Savings,N.Y.,17-Jan-2019,09/22/2023,9461.19,NGN,1080.79,wire transfer,759,57925.73,Active,YES,Teacher,-50000,taylor.anderson@bank.org,Account dormant >6 months
CUST-2696,TXN747690,,F,Checking,,,12/18/2023,884.63,eur,-0.01,Deposit,763,10865.54,Active,Yes,,4333.83,taylor.brown@outlook.com,KYC documents pending
CUST-2967,TXN497391,39,FEMALE,FD,Phoenix,06-27-2019,22/01/2023,27931.51,USD,-0.01,DEPOSIT,707,20393.62,Active,Yes,teachr,,chris.davis@outlook.com,Auto-debit setup confirmed
CUST-2880,TXN899361,34,Male,FD,CHI,03-16-2023,28/02/2024,6399.29,EUR,569.1,Transfer,779,3750.24,Closed,yes,Lawyer,8820.24,chris.davis@bank.org,KYC documents pending
CUST-2108,TXN786770,38,M,FD,Los Angeles,10-05-2020,03/19/2024,1268.8,USD ,,Withdrawal,564,8023.7,active,NO,Engineer,-7116.08,sara.moore@outlook.com,Loan disbursed to account
CUST-1867,TXN708729,60,Male,SAVINGS,Chicago,2024-03-23,05/06/2024,14833.7,GBP,5263.91,Transfer,,19110.9,DEFAULT,YES,teachr,21048.94,chris.brown@bank.org,KYC documents pending
CUST-1697,TXN842828,,F,CHECKING,los angeles,06/28/19,10/06/2019,1268.07,NGN,675.18,withdrawal,528,17164.17,DEFAULT,yes,enginr,-241.36,,
CUST-1710,TXN534159,70,male,Savings,Houston,15/02/2018,2020-09-07,5058.16,gbp,1326.25,Deposit,504,10615.36,active,NO,Doctor,-4687.34,jane.jones@yahoo.com,Auto-debit setup confirmed
CUST-1778,TXN821765,26,Female,checking,N.Y.,18/03/2021,22/02/2023,25029.16,NGN,7881.55,Deposit,752,11361.93,Closed,Yes,Teacher,14042.62,mike.smith@yahoo.com,
CUST-3025,TXN155249,72,F,savings,los angeles,13/03/2022,20/03/2024,6147.5,EUR,1518.91,atm,709,5458.63,,YES,Teacher,0,jane.anderson@outlook.com,Account dormant >6 months
CUST-1472,TXN407874,45,F,savings,los angeles,05/19/21,17/12/2022,278.16,EUR,9999999,atm,---,4998.73,ACTIVE,YES,enginr,1191.44,john.wilson@outlook.com,
CUST-1138,TXN963333,26,Female,FD,new york,03/08/24,2024-03-24,6062.37,USD,1585.11,Transfer,582,1781.4,Closed,NO,Accountant,5685.33,mike.jackson@gmail.com,Transaction verified by branch new york
CUST-2537,TXN395659,73,FEMALE,SAVINGS,Chicago,2024-06-15,2024-06-19,2759.17,USD ,572.78,wire transfer,743,31231.39,active,Yes,Doctor,3346.55,alex.smith@gmail.com,Account dormant >6 months
CUST-2575,TXN530029,38,Female,Fixed Deposit,Phoenix,16-Mar-2018,01/12/2021,17181.92,USD,5651.0,Withdrawal,581,-304.62,Default,YES,teachr,17399.08,chris.smith@gmail.com,Customer flagged for review
CUST-2232,TXN684358,45,Female,Current,new york,08-05-2019,05/06/2022,1121.57,GBP,108.12,Wire Transfer,777,16368.97,,Yes,Teacher,3671.5,lee.brown@bank.org,Customer flagged for review
CUST-1176,TXN567773,73,female,checking,Los Angeles,03/05/2022,09/12/2023,6291.77,GBP,1182.72,Deposit,726,,Default,yes,Accountant,7628.89,lee.davis@bank.org,Transaction verified by branch Los Angeles
CUST-2158,TXN423742,41,,Savings,Los Angeles,2019-03-02,21/10/2021,6119.66,NGN,757.05,Wire Transfer,594,4192.12,Default,no,LAWYER,3163.74,alex.wilson@yahoo.com,Transaction verified by branch Los Angeles
CUST-2198,TXN483886,73,Male,Checking,Chicago,11/15/18,09/06/2023,1328.57,USD ,177.26,Transfer,670,26723.83,,Yes,engvnr,-3066.21,mike.jackson@bank.org,KYC documents pending
CUST--7284,TXN346961,35,male,fixed deposit,New York,01-12-2022,2022-05-13,95988.9,gbp,44004.32,withdrawal,704,1615.31,Default,YES,LAWYER,161159.92,taylor.jones@outlook.com,Customer flagged for review
CUST-1401,TXN868516,66,Female,Fixed Deposit,New York,2018-12-28,2024-02-16,2178.66,usd,627.95,Wire Transfer,603,14597.1,active,YES,teachr,12503.93,lee.taylor@bank.org,Transaction verified by branch New York
CUST-1912,TXN858332,49,FEMALE,Current,new york,12-Feb-2023,2023-08-09,1606.27,USD,906.74,Wire Transfer,693,12433.95,Closed,YES,enginr,770.2,sara.wilson@gmail.com,Customer flagged for review
CUST-2671,TXN565568,60,MALE,checking,New York,02/12/19,2023-02-13,994.47,gbp,839.8,Wire Transfer,717,,Active,yes,Teacher,3052.7,lee.jones@gmail.com,KYC documents pending
CUST-2824,TXN685585,31,M,Savings,Houston,2024-01-20,2024-03-28,409.33,usd,-8.69,Transfer,720,11517.95,Active,yes,Docner,3653.2,jane.miller@gmail.com,Auto-debit setup confirmed
CUST-3150,TXN908445,65,,savings,Phoenix,2020-05-27,05/24/2024,631.5,USD,210.12,Wire Transfer,684,2777.58,ACTIVE,Yes,enginr,-3277.08,chris.anderson@gmail.com,Account dormant >6 months
CUST-2429,TXN124808,72,,fixed deposit,new york,02-04-2020,17/05/2023,13279.28,EUR,,wire transfer,659,5537.16,Default,no,Accountant,14538.14,chris.miller@yahoo.com,Customer flagged for review
CUST-1314,TXN375594,,Male,SAVINGS,,2019-03-08,2022-05-18,37268.05,GBP,8722.73,ATM,736,7796.98,Closed,no,enginr,23788.93,jane.davis@bank.org,Loan disbursed to account
CUST-2131,TXN822953,47,FEMALE,Checking,New York,06-04-2018,08/22/2018,14367.5, USD,6235.33,Wire Transfer,591,7033.72,Defaulted,NO,Lawyer,19004.71,taylor.jones@outlook.com,
CUST-1438,TXN791557,35,F,savings,Houston,02-10-2020,2021-08-23,24793.35,USD,2158.86,Deposit,686,2800.65,ACTIVE,Yes,LAWYER,19034.16,alex.taylor@bank.org,Auto-deb
CUST-1358,TXN866461,71,female,Fixed Deposit,LA,08/17/20,2023-01-06,18797.96,gbp,1456.89,withdrawal,783,12320.49,Default,Yes,Accountant,14768.92,mike.wilson@gmail.com,Loan disbursed to account
CUST-2446,TXN765524,19,MALE,SAVINGS,Phoenix,28-Aug-2022,09/14/2023,8466.72,USD ,3506.81,withdrawal,568,10721.92,active,No,Teacher,-9140.98,john.wilson@gmail.com,
CUST-3084,TXN878226,59,MALE,CHECKING,New York,25/01/2024,02/07/2024,1191.98,gbp,401.07,Deposit,513,11778.86,ACTIVE,,Accountant,2320.0,morgan.davis@bank.org,Account dormant >6 months
CUST-1666,TXN153620,35,F,Fixed Deposit,los angeles,07-01-2023,2024-04-28,5321.36,eur,,atm,,39066.47,,YES,,4354.37,chris.wilson@bank.org,Loan disbursed to account
CUST-2867,TXN281072,70,FEMALE,FD,los angeles,21-Jan-2024,2024-02-29,2398.74,USD,345.57,DEPOSIT,651,3020.14,Default,yes,Lawyer,-9754.38,chris.miller@yahoo.com,Loan disbursed to account
CUST-2979,TXN438487,28,Male,CHECKING,CHI,12/23/20,08/25/2022,7019.3, USD,1948.16,Deposit,,21903.78,Active,yes,enginr,13155.2,morgan.anderson@,Auto-debit setup confirmed
CUST-1899,TXN675141,19,F,CHECKING,Los Angeles,08/10/2019,14/03/2021,4687.01,GBP,1308.76,Deposit,502,,DEFAULT,no,Doctor,3887.58,lee.jackson@bank.org,Customer flagged for review
CUST-1523,TXN583887,43,MALE,fixed deposit,new york,15/04/2023,21/11/2023,395.91,GBP,-109.24,withdrawal,611,,,Yes,Docter,2009.04,,Loan disbursed to account
CUST-2417,TXN250157,51,male,Savings,LA,04-Feb-2021,2023-04-07,433.38,GBP,341.02,atm,535,11272.41,Closed,Yes,LAWYER,-3583.85,taylor.moore@yahoo.com,Loan disbursed to account
CUST-2663,TXN511708,20,FEMALE,checking,Los Angeles,27/02/2021,2021-12-15,8053.03,USD,3438.38,Transfer,566,18360.95,DEFAULT,no,Teacher,17442.11,mike.moore@gmail.com,KYC documents pending
CUST-1200,TXN699166,54,Female,SAVINGS,N.Y.,04-10-2022,05/05/2024,588.56,USD,487.4,atm,720,8038.74,Active,Yes,Accountant,7911.13,morgan.anderson@gmail.com,Account dormant >6 months
CUST-1408,TXN157008,32,male,Savings,,2020-01-12,2024-01-25,60423.86,USD ,18834.83,ATM,746,22562.91,Closed,Yes,Engineer,60269.56,mike.jones@yahoo.com,Account dormant >6 months
CUST-2018,TXN655781,62,Male,Checking,Houston,28-Sep-2023,2023-12-27,17727.91,USD ,1789.17,atm,717,-25.13,Closed,yes,Accountant,31375.69,lee.moore@gmail.com,Customer flagged for review
CUST-1864,TXN408027,,F,Current,LA,05/08/24,2024-06-19,4543.78,USD,,DEPOSIT,731,6917.75,Default,Yes,Engineer,24800.13,jane.anderson@yahoo.com,Customer flagged for review
CUST-1728,TXN928001,45,M,Fixed Deposit,Houston,13/02/2018,09/22/2019,1933.67,USD,465.34,ATM,788,3440.0,DEFAULT,yes,Engineer,-1786.92,taylor.brown@bank.org,Account dormant >6 months
CUST-2357,TXN559830,36,Male,checking,N.Y.,12/22/20,15/10/2022,5038.61,GBP,197.28,Withdrawal,735,83937.5,Closed,,Lawyer,-392.14,pat.moore@yahoo.com,Loan disbursed to account
CUST-1754,TXN349518,0,Male,fixed deposit,los angeles,05-Feb-2024,24/04/2024,9547.57,GBP,3181.63,withdrawal,589,1869.1,closed,no,accountant,13102.62,morgan.wilson@,Account dormant >6 months
CUST-2754,TXN651199,66,Male,Fixed Deposit,new york,2023-02-03,07/31/2023,2427.25,USD,949.21,ATM,654,1595.4,ACTIVE,Yes,Accountant,,mike.anderson@bank.org,Account dormant >6 months
CUST-2691,TXN188028,23,M,checking,new york,2019-04-26,07/15/2020,25777.41,eur,6949.97,Transfer,651,41656.46,closed,NO,Teacher,12994.33,chris.brown@bank.org,Customer flagged for review
CUST-2047,TXN949599,60,MALE,Fixed Deposit,N.Y.,01/07/2020,04/12/2023,20679.76, USD,7477.16,Deposit,1200,30037.2,,YES,Doctor,10598.34,jane.jones@bank.org,Transaction v
CUST-2332,TXN568835,,Female,Fixed Deposit,Los Angeles,09/30/23,26/03/2024,59104.1,gbp,24709.82,Withdrawal,777,4586.41,Defaulted,Yes,teachr,92187.77,taylor.davis@gmail.com,Account dormant >6 months
CUST-2313,TXN215254,37,Female,FD,N.Y.,10/16/21,12/10/2023,2118.41,gbp,767.02,DEPOSIT,538,1771.73,Closed,,Engineer,3311.96,pat.wilson@outlook.com,
CUST-1581,TXN551211,22,male,Savings,Houston,24/07/2018,2021-04-25,11334.14, USD,975.19,ATM,690,8516.61,Defaulted,No,Engineer,16635.85,john.taylor@bank.org,Account do
CUST-3021,TXN400249,70,F,FD,Chicago,19-Aug-2022,2024-03-02,24033.09,usd,7741.46,ATM,652,8276.89,Active,YES,accountant,24753.08,chris.smith@bank.org,Auto-debit setup confirmed
CUST-1137,TXN374492,63,male,Fixed Deposit,Houston,31-Oct-2018,28/10/2023,824.08,eur,80.57,withdrawal,688,6480.4,closed,Yes,,4334.05,morgan.brown@outlook.com,
CUST-2528,TXN969349,71,Male,SAVINGS,los angeles,03/11/22,26/08/2022,594.67, USD,-0.01,DEPOSIT,587,19018.46,DEFAULT,NO,Doctor,2344.84,lee.jones@outlook.com,
CUST-3057,TXN606941,28,Female,checking,los angeles,04-01-2020,2021-06-10,645.68,USD,253.61,atm,950,6312.86,,yes,teachr,0,lee.miller@bank.org,
CUST-2211,TXN409225,20,FEMALE,Savings,LA,2024-05-06,2024-06-16,359.03, USD,9999999,wire transfer,714,10297.2,active,yes,Engineer,4300.68,lee.jones@yahoo.com,KYC documents pending
CUST-2017,TXN882407,44,FEMALE,checking,Los Angeles,15-Oct-2019,25/05/2020,525.49, USD,,atm,-100,1717.26,,no,Docter,3709.85,alex.davis@outlook.com,
CUST-2454,TXN559854,53,M,SAVINGS,LA,11-Apr-2019,2020-12-23,1196.62,NGN,-87.85,withdrawal,670,1348.74,Defaulted,Yes,Engineer,9999999999,chris.wilson@gmail.com,KYC documents pending
CUST-1648,TXN970801,37,M,Current,CHI,13-May-2024,2024-06-16,3857.44,NGN,251.74,Transfer,555,3310.75,closed,NO,Accountant,5002.36,pat.miller@yahoo.com,
cust8353,TXN500560,51,Male,FD,new york,11/04/22,2023-08-10,32525.51,usd,9533.33,DEPOSIT,570,7145.32,Default,Yes,Engineer,29472.8,alex.wilson@,Transaction verified by branch new york
CUST-2759,TXN398529,70,Male,Fixed Deposit,los angeles,11-Feb-2024,2024-05-21,3380.6,gbp,-137.84,Wire Transfer,555,5304.49,Closed,No,Engineer,3255.25,jane.anderson@bank.org,Auto-debit setup confirmed
CUST-1891,TXN293866,,Female,Fixed Deposit,Chicago,04-10-2024,28/06/2024,1027.94,NGN,699.14,Transfer,540,40488.81,ACTIVE,NO,teachr,5864.98,john.anderson@outlook.com,
CUST-2651,TXN801408,24,F,fixed deposit,Chicago,09-20-2020,10/22/2020,910.36, USD,355.13,Transfer,617,,Default,NO,Docter,-9280.27,pat.moore@gmail.com,Transaction 
CUST-1700,TXN159030,39,M,Current,,2024-03-29,2024-06-03,8127.29, USD,1749.08,wire transfer,753,3948.8,Default,Yes,Engineer,9554.71,pat.anderson@outlook.com,
CUST-2638,TXN593386,43,M,FD,new york,04-15-2023,01/03/2024,507.02,USD,-158.95,wire transfer,818,3426.98,active,YES,accountant,-1416.94,jane.taylor@yahoo.com,Account dormant >6 months
CUST-1757,TXN522567,71,MALE,CHECKING,Phoenix,04-May-2021,12/13/2021,11377.93,EUR,3711.86,DEPOSIT,617,16519.92,Active,NO,enginr,19134.4,chris.moore@gmail.com,KYC documents pending
CUST-1140,TXN589491,37,Female,FD,los angeles,05/31/20,2020-09-11,791.72,USD ,41.83,Transfer,654,2583.83,active,yes,LAWYER,2186.36,pat.miller@outlook.com,Loan disbursed to account
cust8154,TXN591286,43,female,Savings,new york,05/11/2019,04/08/2023,931.31,GBP,99.08,wire transfer,729,1232.77,Active,Yes,enginr,-5838.4,,Transaction verified by branch new york
CUST-2969,TXN515329,45,MALE,CHECKING,Phoenix,06/01/23,06/29/2024,527.45,USD,-45.58,DEPOSIT,515,7278.07,closed,No,teachr,9034.2,alex.davis@outlook.com,Transaction verified by branch Phoenix
CUST-2941,TXN383102,52,MALE,CHECKING,Los Angeles,06/07/2020,01/23/2024,24904.57,usd,10827.49,atm,##,11468.94,Default,NO,Doctor,32240.96,mike.anderson@gmail.com,Transaction verified by branch Los Angeles
CUST-2059,TXN454384,61,female,fixed deposit,New York,04-22-2022,2023-10-03,75538.14,GBP,4437.34,atm,,,Defaulted,YES,LAWYER,24590.33,john.wilson@outlook.com,Account dormant >6 months
CUST-1395,TXN338011,26,female,Current,LA,02-Mar-2023,2023-09-16,10836.88,eur,698.6,DEPOSIT,636,10749.13,closed,yes,Accountant,14023.58,taylor.moore@yahoo.com,
CUST-1789,TXN867854,49,,Fixed Deposit,New York,02-28-2019,2022-08-26,639.35,eur,550.65,DEPOSIT,572,41293.84,ACTIVE,no,Lawyer,-147.08,morgan.wilson@bank.org,
CUST-1547,TXN319137,69,Male,FD,new york,29/10/2022,2023-08-23,6000.14,usd,2788.2,DEPOSIT,643,,Defaulted,YES,Teacher,,mike.anderson@bank.org,Account dormant >6 months
CUST-2702,TXN930917,57,F,CHECKING,Houston,01/17/22,03/10/2023,10133.8,USD ,4930.23,DEPOSIT,733,2925.23,active,Yes,Teacher,6775.56,jane.jones@bank.org,Transaction verified by branch Houston
CUST-2597,TXN692182,22,Male,FD,New York,07-29-2022,01/13/2024,2390.58,eur,10.89,Deposit,719,8764.28,Closed,YES,Lawyer,5622.64,pat.moore@gmail.com,Account dormant >6 months
cust5621,TXN360812,67,,Checking,Phoenix,10/07/19,11/01/2021,3697.39,EUR,1469.86,wire transfer,710,7372.71,active,yes,enginr,3557.29,,
CUST--9419,TXN555342,74,Male,Current,N.Y.,11-29-2018,14/10/2020,1334.16,usd,211.55,Withdrawal,679,50928.79,Default,YES,,728.82,lee.taylor@yahoo.com,
CUST-2972,TXN239663,22,male,Checking,los angeles,2021-12-13,16/06/2024,525.93,gbp,414.11,atm,747,9466.47,active,yes,Docter,-5640.46,jane.wilson@outlook.com,Loan disbursed to account
CUST-2603,TXN611460,41,F,FD,new york,01/24/20,2021-03-18,687.19,GBP,258.34,Wire Transfer,616,3552.43,Active,No,Engineer,-4421.99,alex.anderson@yahoo.com,Account dormant >6 months
CUST-2843,TXN495332,200,F,Savings,Los Angeles,06-30-2018,07/12/2019,3087.38,GBP,268.45,ATM,777,3826.06,DEFAULT,Yes,Doctor,-8238.79,lee.wilson@outlook.com,KYC documents pending
CUST-1554,TXN289052,19,M,CHECKING,new york,19-Jun-2019,2023-02-12,428.41,EUR,-181.94,Transfer,687,35743.23,,YES,enginr,1972.81,morgan.moore@bank.org,
CUST-1629,TXN960822,60,female,Fixed Deposit,Houston,2019-01-13,2021-03-08,1616.23,eur,-130.47,wire transfer,702,,Defaulted,yes,enginr,330.77,lee.davis@outlook.com,Account dormant >6 months
CUST-2831,TXN995542,33,Male,Checking,New York,12/18/21,27/10/2023,3839.04,usd,1758.08,atm,646,,,No,enginr,12064.12,taylor.miller@yahoo.com,Customer flagged for review
CUST-2458,TXN105812,53,F,Fixed Deposit,Chicago,11/07/2019,2022-02-13,188.59,USD,320.87,Deposit,609,4412.41,Active,NO,Docter,-8730.92,john.davis@bank.org,KYC documents pending
CUST-2464,TXN412100,44,male,fixed deposit,Chicago,2019-06-08,29/11/2023,3979.76,EUR,168.03,Wire Transfer,646,4211.05,closed,yes,teachr,-8110.12,pat.wilson@bank.org,
CUST-3029,TXN476281,36,male,Current,Phoenix,25-Jun-2023,2024-05-01,4897.88,USD,1631.05,atm,567,-990.47,closed,NO,Lawyer,-4097.49,john.jackson@yahoo.com,Account dormant >6 months
CUST-2147,TXN688906,62,Male,checking,CHI,20-Dec-2020,2022-10-27,599.51,usd,364.75,withdrawal,835,7966.45,ACTIVE,YES,Lawyer,3361.25,pat.moore@outlook.com,Account dormant >6 months
CUST-3038,TXN217795,42,Male,CHECKING,LA,2020-10-29,18/09/2022,5304.52,usd,1675.69,atm,630,10852.48,DEFAULT,yes,LAWYER,0,sara.davis@yahoo.com,
CUST-1937,TXN359066,62,,savings,los angeles,06-16-2022,02/16/2023,673.48,EUR,130.53,DEPOSIT,665,10907.92,Default,yes,Engineer,-5010.72,alex.anderson@yahoo.com,Transaction verified by branch los angeles
CUST-1909,TXN356032,47,,Fixed Deposit,LA,2022-01-24,2022-09-09,3859.84,EUR,1590.42,Transfer,772,19682.87,ACTIVE,YES,teachr,10552.24,mike.jackson@bank.org,Auto-debit setup confirmed
CUST-1694,TXN279106,53,female,FD,Los Angeles,11/14/21,18/05/2023,23920.87,usd,3808.08,Withdrawal,680,9332.49,Closed,No,accountant,703.69,chris.jackson@gmail.com,Customer flagged for review
CUST-2091,TXN150587,21,F,Fixed Deposit,N.Y.,05/11/2019,21/11/2022,1588.98,USD ,640.64,withdrawal,496,15669.18,Closed,no,Docter,-1499.96,john.wilson@bank.org,Account dormant >6 months
CUST-2877,TXN741277,63,male,SAVINGS,CHI,05/01/24,08/06/2024,9999999,USD,1478103.09,Deposit,666,5770.25,Default,Yes,Teacher,17981187.63,johnmooregmail.com,Customer flagged for review
cust2259,TXN546712,40,M,SAVINGS,Houston,05-09-2019,10/17/2022,1841.13,USD,425.89,Deposit,715,13122.28,closed,yes,Lawyer,4996.55,alex.wilson@outlook.com,Account dormant >6 months
CUST-2010,TXN334812,73,male,Fixed Deposit,Los Angeles,03/25/21,2021-11-08,19596.48,gbp,593.57,ATM,577,-612.19,Closed,NO,accountant,1750.16,sara.wilson@gmail.com,
CUST-2042,TXN938115,63,male,fixed deposit,LA,12-12-2020,12/24/2020,1240.56,NGN,134.11,Wire Transfer,632,2497.48,,NO,Doctor,9878.73,pattaylorgmail.com,Customer flagged for review
CUST-2686,TXN964578,23,female,CHECKING,new york,2022-07-19,19/11/2023,14009.36,NGN,,Wire Transfer,685,18972.0,ACTIVE,yes,Engineer,,pat.anderson@bank.org,
CUST-1227,TXN733152,55,FEMALE,savings,Phoenix,25-Aug-2020,10/08/2023,4170.65,usd,1100.68,ATM,687,53211.22,Default,yes,Accountant,10805.44,morgan.wilson@bank.org,
CUST-2102,TXN172450,62,Male,savings,los angeles,11/14/19,22/06/2024,1063.67,gbp,20.9,withdrawal,643,1503.17,DEFAULT,yes,Dyctor,1707.23,morgan.anderson@yahoo.com,Loan disbursed to account
CUST-1585,TXN680337,75,Female,checking,Los Angeles,10/21/23,17/06/2024,18359.75,USD ,1737.66,Deposit,620,9352.4,,no,hocter,25180.56,sara.wilson@,
CUST-3189,TXN732196,37,Male,CHECKING,Phoenix,06-09-2023,13/12/2023,3137.89,eur,938.79,atm,613,1981.82,Default,YES,Engineer,4516.34,pat.jackson@yahoo.com,Account dormant >6 months
CUST-1928,TXN942873,20,M,Savings,Houston,29-Mar-2022,04/08/2023,2611.98,NGN,1224.32,Transfer,536,1271.76,ACTIVE,no,Doctor,6284.09,lee.davis@yahoo.com,Account dormant >6 months
CUST-1295,TXN932929,42,MALE,savings,Los Angeles,01-11-2024,2024-01-16,1055.89, USD,275.7,atm,669,6366.24,Closed,,teachr,2447.23,morgan.davis@gmail.com,Account dormant >6 months
CUST-2300,TXN264024,70,FEMALE,SAVINGS,New York,01-11-2024,2024-01-19,3138.7,usd,1097.49,Deposit,758,6396.79,active,Yes,teachr,9999999999,alex.anderson@gmail.com,Auto-debit setup confirmed
CUST-2014,TXN924928,47,M,Fixed Deposit,N.Y.,04/07/21,2023-04-09,4166.07,GBP,1994.66,Deposit,704,1168.23,active,Yes,Engineer,2351.48,sara.jones@bank.org,
CUST-2504,TXN398086,50,Male,SAVINGS,los angeles,2019-12-31,12/31/2022,848.86,USD,-82.6,wire transfer,536,9686.89,closed,,Teacher,-8587.33,john.miller@yahoo.com,
CUST-2714,TXN375036,34,F,savings,CHI,12-04-2023,29/12/2023,7808.13,EUR,2216.04,DEPOSIT,,3552.3,,NO,Doctor,11701.45,pat.jones@yahoo.com,Customer flagged for review
CUST-2381,TXN335157,,Male,SAVINGS,Houston,21-Aug-2020,10/01/2021,2840.07,EUR,97.91,wire transfer,800,,closed,YES,Docter,3549.19,taylor.brown@bank.org,Account dormant >6 months
CUST-2393,TXN686897,28,F,FD,Los Angeles,02/18/21,12/17/2022,3533.99,usd,1214.35,Transfer,723,22447.25,ACTIVE,Yes,Doctor,2652.88,jane.davis@yahoo.com,
CUST-1580,TXN491362,55,M,CHECKING,New York,12-25-2023,06/11/2024,10653.6,EUR,2931.79,withdrawal,644,1776.01,active,YES,tccountant,4494.19,johnbrowngmail.com,Account dormant >6 months
CUST-2730,TXN227229,52,Female,checking,LA,12-31-2018,10/02/2023,9650.26,GBP,1164.34,withdrawal,695,6554.52,ACTIVE,,Accountant,14725.45,janesmithgmail.com,Customer flagged for review
CUST-1956,TXN684905,19,FEMALE,Fixed Deposit,CHI,06-27-2020,26/01/2022,1456.63,GBP,556.36,withdrawal,656,8207.71,DEFAULT,,Doctor,3298.45,alex.anderson@yahoo.com,Loan disbursed to account
CUST-1486,TXN737786,,MALE,savings,Los Angeles,04-19-2021,2023-10-31,24185.91,USD ,5746.23,Wire Transfer,633,1505.02,Closed,NO,Accountant,5692.09,morgan.smith@bank.org,
CUST-1357,TXN320895,45,male,FD,N.Y.,06/01/2021,2022-03-13,288.92,EUR,85.39,Transfer,716,1103.52,Active,yes,Engineer,2400.47,chris.davis@gmail.com,
CUST-2241,TXN487967,33,Male,Current,Houston,01/11/20,30/07/2023,37563.32,gbp,18460.56,wire transfer,747,6650.05,,YES,enginr,16840.02,chris.smith@outlook.com,Account dormant >6 months
CUST-2324,TXN556877,48,female,fixed deposit,new york,11/04/19,2021-04-11,293.93,usd,196.02,DEPOSIT,716,4442.06,Closed,yes,teachr,5990.21,alex.davis@outlook.com,KYC documents pending
CUST-2720,TXN334000,57,M,Fixed Deposit,Phoenix,20/01/2024,09/03/2024,64944.66,eur,10831.62,withdrawal,536,4260.85,ACTIVE,NO,Docter,52166.36,jane.wilson@gmail.com,KYC documents pending
CUST-2910,TXN976398,61,Male,FD,Phoenix,2018-08-21,15/12/2022,4179.24,eur,,withdrawal,626,15983.21,active,yes,LAWYER,1634.39,alex.wilson@bank.org,KYC documents pending
CUST--2025,TXN338779,71,,Current,Phoenix,2020-10-14,2021-08-21,2480.82,usd,462.65,DEPOSIT,698,1608.13,DEFAULT,yes,Docter,4853.31,morgan.davis@yahoo.com,Customer flagged for review
CUST-2164,TXN678770,68,MALE,Current,new york,10-25-2019,11/08/2021,12841.45, USD,5543.48,Deposit,637,,active,no,Docter,10793.09,pat.anderson@gmail.com,Transaction verified by branch new york
CUST-1887,TXN772838,74,F,fixed deposit,New York,04/20/23,01/21/2024,4464.63,eur,1986.28,ATM,664,,Active,NO,Teacher,12486.73,lee.jones@gmail.com,Customer flagged for review
CUST-2032,TXN338723,46,F,FD,N.Y.,08/27/20,10/16/2021,17504.13, USD,1734.5,withdrawal,538,17393.65,,no,LAgYER,25995.15,,
CUST-1958,TXN335746,38,male,CHECKING,CHI,22/09/2018,06/26/2022,2059.93,GBP,553.17,Withdrawal,593,,active,no,enginr,2888.98,taylor.jones@yahoo.com,Auto-debit se
CUST-1871,TXN228733,,M,savings,N.Y.,26/10/2019,2023-06-17,113.8,eur,46.3,atm,764,1855.42,DEFAULT,YES,Accountant,-2703.05,mike.taylor@bank.org,Auto-debit setup confirmed
CUST-1874,TXN306162,200,Male,Savings,CHI,02-Oct-2018,08/25/2020,4832.52,GBP,157.59,atm,584,18458.49,closed,yes,,10044.05,sara.moore@bank.org,Auto-debit setup confirmed
CUST-2113,TXN689728,60,female,CHECKING,LA,02/27/22,19/08/2023,1696.89,GBP,934.01,wire transfer,,42776.02,active,,accountant,3155.46,,
CUST-2400,TXN606847,55,MALE,FD,Chicago,09-Oct-2018,22/03/2019,7418.71,USD,,Transfer,707,82842.7,Defaulted,yes,Docter,11858.67,alex.wilson@yahoo.com,Auto-debit setup confirmed
CUST-1898,TXN806435,-1,male,Savings,,2025-15-40,2024-06-05,17815.94,EUR,4640.43,ATM,669,,active,yes,Accountant,14113.73,john.jones@yahoo.com,
CUST-2233,TXN876997,69,MALE,SAVINGS,CHI,23/12/2023,2024-01-03,3820.38,USD ,567.14,DEPOSIT,611,18803.17,Default,Yes,Lawyer,-1042.99,chris.jones@gmail.com,
CUST-1628,TXN148608,25,male,SAVINGS,Houston,02-28-2020,13/03/2022,651.42,usd,74.19,withdrawal,575,10460.73,Default,yes,Docter,-3805.06,mike.smith@outlook.com,
CUST-1133,TXN489244,24,Female,savings,Phoenix,10-04-2023,19/11/2023,870.42,eur,378.34,Wire Transfer,683,-70.1,closed,yes,teachr,,jane.smith@bank.org,KYC documents pending
cust4675,TXN862491,31,M,Savings,LA,11/13/20,13/03/2024,6234.66,USD,152.04,Withdrawal,796,26355.71,ACTIVE,YES,accountant,4946.77,alex.jones@yahoo.com,Loan disbursed to account
CUST-2166,TXN635570,66,FEMALE,FD,Los Angeles,11/16/21,08/23/2023,44451.11,usd,738.64,Deposit,501,-792.35,Defaulted,no,enginr,32282.1,sara.brown@bank.org,Auto-debit setup confirmed
CUST-1955,TXN540920,36,Male,Current,CHI,02-06-2023,13/01/2024,3391.97,EUR,,DEPOSIT,729,6521.56,Defaulted,,Docter,6364.46,mike.smith@gmail.com,Loan disbursed to account
CUST-2876,TXN204414,,male,Fixed Deposit,los angeles,21-Mar-2019,2023-06-22,32104.18,EUR,,DEPOSIT,705,6101.52,DEFAULT,yes,,54805.5,pat.davis@gmail.com,
CUST-2882,TXN700311,44,FEMALE,Savings,Chicago,01/25/22,14/10/2022,4317.19,NGN,,Deposit,562,14206.75,Defaulted,no,enginr,5665.2,pat.jackson@bank.org,
CUST-2673,TXN199257,38,MALE,savings,los angeles,07/11/23,2024-03-25,8574.13,EUR,2052.82,DEPOSIT,616,2703.73,ACTIVE,no,Doctor,1823.0,pat.smith@gmail.com,Loan disbursed to account
CUST-2570,TXN279707,24,MALE,CHECKING,Chicago,10/11/2023,12/13/2023,7248.1,USD,1582.35,Wire Transfer,618,13577.16,DEFAULT,no,Lawyer,,john.davis@bank.org,Transaction verified by branch Chicago
CUST-2507,TXN188488,72,F,Checking,New York,05/18/23,21/04/2024,2926.47, USD,415.28,DEPOSIT,615,12610.9,Closed,NO,Doctor,82.36,jane.jones@yahoo.com,
CUST-2778,TXN279004,58,Female,checking,Los Angeles,07/09/2021,2023-05-05,1158.55,USD,,Withdrawal,591,1907.41,Closed,no,Lawyer,-774.88,john.jones@gmail.com,Account dormant >6 months
CUST-2797,TXN387622,61,,fixed deposit,Chicago,24-Apr-2018,01/11/2024,186.35,usd,-317.69,DEPOSIT,603,23297.5,Active,No,Teacher,4160.83,morgan.smith@outlook.com,Customer flagged for review
CUST-1543,TXN870934,65,M,Current,CHI,06-25-2021,14/09/2023,2289.8,EUR,1061.05,Wire Transfer,651,-963.11,Active,yes,Engineer,4599.84,jane.anderson@outlook.com,Auto-debit setup confirmed
CUST-1165,TXN155230,69,Male,Checking,los angeles,2021-06-26,17/01/2024,1871.7,EUR,362.28,ATM,639,8928.43,active,No,enginr,-50000,john.moore@gmail.com,Loan disbursed to account
CUST--9615,TXN649476,65,F,Fixed Deposit,CHI,04/12/21,2021-08-23,1212.62,eur,578.62,DEPOSIT,,3262.73,Default,Yes,Lawywr,101.96,pat.smith@bank.org,Loan disbursed to account
cust1469,TXN882623,42,MALE,Checking,new york,21-Nov-2018,02/14/2019,910.21,EUR,183.87,Withdrawal,540,16342.02,Defaulted,no,enginr,3162.25,mike.moore@,Auto-debit setup confirmed
CUST-1647,TXN175055,39,,Checking,Phoenix,05-May-2018,03/05/2020,13986.82,EUR,3058.93,DEPOSIT,718,2719.13,closed,Yes,enginr,23237.1,alex.anderson@bank.org,KYC documents pending
CUST-2909,TXN275855,36,Female,Current,CHI,03/29/21,31/07/2021,990.29,USD,310.44,Deposit,744,2528.39,ACTIVE,Yes,teachr,-4735.28,mike.taylor@yahoo.com,Auto-debit setup confirmed
CUST-2894,TXN605828,40,F,fixed deposit,New York,06-27-2023,2023-10-30,4052.94,NGN,,wire transfer,763,3380.57,Closed,yes,teachr,1738.76,sara.brown@outlook.com,KYC documents pending
CUST-1158,TXN982885,21,Male,SAVINGS,LA,02-Sep-2023,2024-05-10,465.58,USD ,,DEPOSIT,493,6961.95,DEFAULT,No,LAWYER,3114.19,morgan.wilson@yahoo.com,Transaction verified by branch LA
CUST-2107,TXN789797,73,FEMALE,Savings,New York,2021-11-07,2023-08-25,33332.26,GBP,7642.41,Transfer,700,3561.45,ACTIVE,yes,enginr,31237.38,chris.jones@bank.org,Loan disbursed to account
CUST-2579,TXN383481,18,Female,FD,los angeles,02-25-2021,06/03/2021,5112.9,USD,542.51,ATM,572,5352.77,active,no,Doctor,-1324.44,john.taylor@gmail.com,
CUST-2828,TXN594041,,F,checking,new york,28/02/2022,08/24/2023,3425.29, USD,582.22,ATM,659,1885.2,Closed,No,Doctor,13394.69,morgan.jackson@yahoo.com,KYC documents pending
CUST-1188,TXN331942,60,female,fixed deposit,N.Y.,18/04/2024,2024-06-01,505.28,GBP,-233.8,Withdrawal,628,16606.38,closed,,Lawyer,8497.98,morgan.smith@yahoo.com,
CUST-1665,TXN997737,40,MALE,Current,los angeles,2022-05-24,25/01/2023,6885.75,USD ,,atm,626,10314.66,active,no,Docter,,alex.miller@gmail.com,KYC documents pending
CUST-3153,TXN637895,72,Male,Savings,Chicago,08/30/18,2019-11-09,10592.59,gbp,2181.15,withdrawal,771,4713.69,active,NO,Doctor,18130.91,taylor.moore@yahoo.com,
CUST-1968,TXN557008,57,female,checking,N.Y.,2021-11-19,27/07/2022,48289.58, USD,6596.47,wire transfer,675,1334.27,ACTIVE,Yes,Teacher,39887.47,jane.jackson@bank.org,
CUST-2565,TXN776706,32,M,Savings,Phoenix,01-20-2021,12/11/2021,85.52,usd,,ATM,571,9541.06,,NO,Doctor,-50000,john.jackson@bank.org,KYC documents pending
CUST-2310,TXN242807,71,F,fixed deposit,Phoenix,23-Nov-2019,12/03/2021,685.33,EUR,-315.22,ATM,,3578.12,,yes,Doctrr,2483.02,john.anderson@gmail.com,Auto-debit setup confirmed
CUST-1354,TXN465093,73,FEMALE,CHECKING,LA,04-11-2024,05/03/2024,892.91,GBP,,withdrawal,784,,,yes,,3158.97,lee.jackson@bank.org,Custo
CUST-2353,TXN719127,48,Female,Current,N.Y.,2022-07-16,02/24/2024,3644.37, USD,527.84,ATM,623,5940.86,closed,yes,qeachr,-2075.77,morgan.wilson@bank.org,Loan disbursed to account
CUST-2829,TXN810045,20,Female,checking,New York,04-06-2020,2023-09-12,5195.3,USD,,Wire Transfer,549,12039.09,Closed,no,Lawper,6372.5,taylor.brown@outlook.com,
CUST-2082,TXN694565,19,F,checking,Houston,2024-04-25,11/05/2024,505.43,gbp,178.65,Withdrawal,732,17974.37,Default,NO,Engineer,475.72,morgan.moore@gmail.com,Auto-debit setup confirmed
CUST-1034,TXN966785,21,male,fixed deposit,Phoenix,2023-04-04,08/21/2023,1404.4,USD ,224.55,Wire Transfer,,4770.66,Active,no,Teacher,3420.96,lee.jones@outlook.com,Auto-debit setup confirmed
CUST-3017,TXN111223,35,female,Fixed Deposit,Houston,12-Dec-2022,2023-02-18,1944.61, USD,-10.18,Deposit,612,2702.18,Closed,Yes,accountant,661.11,,Auto-debit setup confirmed
CUST-1004,TXN446479,33,FEMALE,savings,CHI,22-Sep-2020,16/10/2021,26862.14,gbp,5634.58,Deposit,655,1949.35,Closed,yes,Teacher,25572.58,morgan.jones@gmail.com,Loan disbursed to account
CUST-1936,TXN227987,23,female,Checking,Chicago,03-12-2024,06/17/2024,2089.09,USD,355.03,atm,672,3130.94,closed,no,Doctor,2809.74,chris.smith@yahoo.com,Customer flagged for review
CUST-2312,TXN948772,70,female,fixed deposit,new york,12/01/18,09/06/2022,36621.8,USD,1803.3,Deposit,583,840.46,Default,No,Engineer,29188.15,morgan.moore@gmail.com,KYC documents pending
CUST-3143,TXN330131,200,F,Savings,N.Y.,11-03-2023,15/03/2024,14334.6,eur,3184.54,atm,608,3517.92,closed,NO,teachr,22501.34,pat.wilson@outlook.com,Loan disbursed to account
CUST-2761,TXN893303,59,MALE,Checking,,16-Mar-2023,2023-07-12,673.65,USD ,9999999,DEPOSIT,658,9420.11,,yes,Doctor,-6233.89,saramillergmail.com,KYC documents pending
CUST-1199,TXN667776,72,female,fixed deposit,Phoenix,2023-09-25,29/11/2023,267.82,gbp,114.34,wire transfer,589,1954.22,closed,Yes,Doctor,-2902.76,lee.jackson@bank.org,Account dormant >6 months
CUST-1449,TXN649950,18,F,Savings,CHI,27/08/2022,04/29/2024,664.81,GBP,-20.15,ATM,691,9697.1,Defaulted,NO,enginr,2038.77,jane.anderson@gmail.com,Loan disbursed to account
CUST-1463,TXN777192,34,,CHECKING,los angeles,2021-03-22,2022-04-23,2060.92,usd,754.63,Withdrawal,823,,closed,Yes,enginr,2823.79,chris.wilson@outlook.com,Loan disbursed to account
CUST-2189,TXN841064,,Female,Checking,Los Angeles,15-Aug-2020,15/05/2024,23041.79,usd,1988.4,ATM,1200,20139.1,Defaulted,yes,accountant,22301.34,mike.smith@yahoo.com,KYC documents pending
CUST-2585,TXN998244,54,FEMALE,CHECKING,Phoenix,11/25/19,06/14/2024,218.0,NGN,120.41,Deposit,672,,ACTIVE,YES,Engineer,-6194.93,alex.brown@gmail.com,KYC docu
CUST-1136,TXN567576,45,FEMALE,Savings,new york,2022-11-17,14/01/2023,26378.41,gbp,10565.36,Deposit,867,-932.83,closed,Yes,teachr,36778.4,,Auto-debit setup confirmed
CUST-1196,TXN461083,43,Female,Fixed Deposit,Chicago,14-Sep-2023,06/21/2024,9285.99,USD,,Withdrawal,603,6154.56,closed,yes,Docter,708.0,mike.taylor@outlook.com,Loan disbursed to account
CUST-1194,TXN119524,64,male,SAVINGS,los angeles,15-Apr-2023,2024-06-13,494.32,NGN,521.61,Wire Transfer,652,,Active,NO,Teacher,1722.25,morgan.anderson@yahoo.com,Transaction verified by branch los angeles
CUST-1453,TXN909814,37,F,SAVINGS,Los Angeles,2020-07-02,2022-11-29,4904.8,USD,1768.72,ATM,706,5242.29,DEFAULT,YES,Lawyer,9059.88,sara.anderson@gmail.com,KYC documents pending
CUST-2062,TXN366628,46,male,Checking,New York,04/12/18,2020-01-25,3144.31, USD,1255.45,ATM,519,,Active,Yes,enginr,-3903.22,jane.taylor@gmail.com,Account dormant >6 months
CUST-1234,TXN944264,,Male,savings,Chicago,06/10/23,10/08/2023,141497.84,eur,53225.29,DEPOSIT,651,7909.94,Defaulted,YES,Docter,136610.66,,Transaction verified by branch Chicago
CUST-2039,TXN874594,48,F,FD,los angeles,09-08-2021,10/03/2022,1330.79,gbp,271.65,Withdrawal,564,45208.51,active,no,accountant,,pat.miller@outlook.com,KYC documents pending
CUST-2186,TXN991929,200,Female,Savings,new york,2021-02-28,05/06/2023,8504.75,USD ,4012.67,Wire Transfer,712,1862.19,ACTIVE,Yes,Accountant,8001.3,mike.anderson@outlook.com,Transaction verified by branch new york
CUST-1962,TXN861289,61,Female,Current,Los Angeles,18-Apr-2020,15/08/2021,101074.55,gbp,48515.58,wire transfer,616,7607.4,Closed,no,,66813.01,jane.smith@outlook.com,
CUST-2121,TXN933493,56,MALE,Savings,CHI,02-04-2022,04/24/2022,14619.84,NGN,1306.68,wire transfer,690,5891.42,Defaulted,yes,,17492.97,john.jones@outlook.com,Transaction verified by branch CHI
CUST-2051,TXN678507,-1,,Current,Phoenix,2021-08-27,2021-11-25,1873.43,NGN,516.55,atm,422,7969.6,Default,NO,Docter,2800.34,sara.moore@,Account dormant >6 months
CUST-1340,TXN118105,,female,FD,Houston,2018-11-22,31/05/2022,115801.02,EUR,17103.99,Transfer,695,14687.53,Active,yes,Engineer,234288.54,john.miller@yahoo.com,Customer flagged for review
CUST-1749,TXN305065,40,female,Checking,CHI,2019-08-22,02/23/2021,38.07,usd,-70.54,ATM,1200,2868.25,Defaulted,YES,,0,chris.moore@yahoo.com,Auto-debit setup confirmed
CUST-2291,TXN351921,29,M,FD,Houston,10-18-2022,11/03/2023,7235.13,EUR,460.81,ATM,805,1412.02,,,enginr,13679.14,alex.taylor@yahoo.com,Loan disbursed to account
CUST-1998,TXN560960,31,M,Checking,LA,03-18-2024,09/06/2024,1218.11,GBP,654.03,Withdrawal,607,8369.98,active,YES,teachr,-2798.78,lee.smith@bank.org,Account dormant >6 months
CUST-1861,TXN188598,68,F,FD,N.Y.,06-May-2018,2022-11-10,4909.42,USD,1760.11,ATM,632,,closed,,Accountant,13606.05,taylor.miller@yahoo.com,
CUST-2267,TXN994463,56,female,FD,Houston,09-Dec-2018,09/13/2021,22044.72,usd,9225.06,wire transfer,653,4267.94,Active,Yes,accountant,52930.94,chris.jones@gmail.com,Transaction verified by branch Houston
CUST-2053,TXN741458,70,female,Fixed Deposit,LA,2021-03-26,2023-01-26,19777.08,NGN,5313.36,DEPOSIT,591,24247.53,Default,no,rAWYER,9551.32,taylor.jackson@outlook.com,Transaction verified by branch LA
CUST--1926,TXN789649,57,M,Fixed Deposit,New York,06/08/18,08/09/2019,2058.27,USD ,611.88,Deposit,792,5250.14,Defaulted,Yes,LAWYER,9790.96,jane.miller@outlook.com,Loan disbursed to account
CUST-2007,TXN185578,56,female,checking,Chicago,12/05/2020,2023-08-11,1673.35,USD,416.02,ATM,720,4153.28,active,YES,Docter,2429.99,lee.jones@bank.org,
CUST-1598,TXN798776,,FEMALE,Savings,New York,03/10/2020,2022-07-18,4968.55,EUR,2548.93,atm,543,23093.76,Defaulted,NO,Lawyer,10711.56,johntaylorgmail.com,Auto-debit setup confirmed
CUST-3123,TXN881941,200,male,Savings,Houston,07-31-2021,2023-09-14,1210.61,eur,346.36,Wire Transfer,597,,closed,yes,Lawyer,-3699.67,morgan.miller@gmail.com,KYC documents pending
CUST-2927,TXN675122,69,M,savings,Houston,22/02/2020,2023-06-02,14573.22,usd,605.72,Wire Transfer,508,5998.87,Defaulted,NO,Docter,28546.1,sara.jackson@bank.org,
CUST-1394,TXN345012,-5,MALE,Checking,Houston,05/25/18,08/14/2018,569.74,USD ,141.45,wire transfer,627,11019.33,DEFAULT,no,enginr,5182.37,alexbrowngmail.com,Auto-debit 
CUST-2172,TXN493079,69,Female,FD,CHI,02-Jan-2018,23/01/2023,9472.28,gbp,,Withdrawal,716,25844.16,Defaulted,YES,LAWYER,541.7,jane.jackson@outlook.com,Customer flagged for review
cust8698,TXN199740,44,male,CHECKING,LA,06-Jul-2021,2023-09-19,5286.46,USD ,1799.55,Wire Transfer,732,,closed,Yes,Lawyer,,john.davis@gmail.com,Customer flagged for review
CUST-2203,TXN751981,28,male,Savings,Houston,09/05/21,11/07/2023,11411.37,GBP,3869.59,atm,577,,active,NO,accountant,,lee.taylor@yahoo.com,Customer flagged for review
CUST-1766,TXN170646,71,,Fixed Deposit,New York,07/27/23,08/10/2023,142.78,eur,-188.39,ATM,802,2251.93,Active,No,teachr,1055.53,chris.wilson@bank.org,KYC documents pending
CUST-2640,TXN608442,36,Male,FD,Los Angeles,29/07/2023,2023-12-13,466.51,USD,435.63,DEPOSIT,642,45721.4,,yes,Engineer,-10765.76,sara.jones@outlook.com,Customer flagged for review
CUST--1395,TXN363568,20,F,Current,Chicago,19/03/2021,2021-12-01,1718.39,USD,397.56,Withdrawal,699,20913.35,Active,yes,Docter,886.15,john.jones@,Account dormant >6 months
CUST-1500,TXN693378,,MALE,Savings,Los Angeles,10-13-2021,22/05/2024,7573.1,eur,2431.19,withdrawal,680,,DEFAULT,Yes,,17469.87,,
CUST-3106,TXN695686,44,MALE,Savings,Phoenix,03/30/23,02/26/2024,7035.38,USD ,3548.07,Wire Transfer,,,Closed,,Accountant,,taylor.anderson@outlook.com,Loan disbursed to account
cust7538,TXN811553,55,FEMALE,SAVINGS,New York,07-03-2021,2024-05-03,2770.42,USD ,127.72,wire transfer,354,3613.2,active,,enginr,78.79,jane.brown@bank.org,Loan disbursed to account
CUST-2314,TXN696176,38,Female,Fixed Deposit,N.Y.,2021-09-15,12/19/2022,13495.28,EUR,2470.46,Deposit,736,8413.07,,NO,bAWYER,16983.76,jane.jackson@yahoo.com,
CUST-2525,TXN330784,32,female,Fixed Deposit,LA,2018-04-29,10/09/2018,14811.93,gbp,2326.15,atm,562,104872.75,active,No,enginr,24371.13,jane.moore@bank.org,Transaction verified by branch LA
CUST-1612,TXN501200,38,M,checking,Phoenix,09/30/23,28/02/2024,1307.23,GBP,445.39,wire transfer,0,5502.01,,,accountant,636.6,john.brown@gmail.com,Loan disb
CUST-1716,TXN732184,49,Female,Savings,,08/10/22,10/07/2022,714.89,NGN,349.42,Wire Transfer,670,2340.78,closed,YES,LAWYER,2937.41,john.smith@outlook.com,
CUST-1715,TXN110972,71,F,CHECKING,N.Y.,2023-08-25,06/10/2023,111025.48,USD ,45122.51,ATM,698,8708.34,closed,NO,Engineer,134749.28,taylor.miller@bank.org,Transaction verified by branch N.Y.
CUST-1785,TXN541546,35,FEMALE,checking,Los Angeles,05/07/2023,25/01/2024,6079.95,eur,562.78,wire transfer,602,-896.66,ACTIVE,yes,Doctor,5579.0,morgan.moore@gmail.com,
CUST-1469,TXN403922,19,male,fixed deposit,los angeles,04-23-2019,09/10/2022,4104.32,NGN,775.83,Wire Transfer,624,3655.45,Closed,no,LAWYER,6807.24,jane.brown@gmail.com,Auto-
CUST-1779,TXN585731,50,M,Savings,Houston,01-24-2022,27/04/2022,594.09,EUR,424.4,Transfer,574,2557.15,Active,YES,LAWYER,6031.21,chris.jackson@outlook.com,
CUST-1881,TXN445539,29,female,fixed deposit,CHI,07/21/23,05/01/2024,4384.36,NGN,638.25,Transfer,-100,8167.19,Default,NO,LAWYER,2518.83,alex.moore@gmail.com,Customer flagged for review
CUST-2799,TXN789044,36,female,Savings,Houston,2018-03-20,09/28/2018,2935.03,usd,187.8,wire transfer,757,4003.36,closed,yes,Lawyer,-3799.91,mike.brown@outlook.com,Account dormant >6 months
CUST-2680,TXN311799,34,F,Checking,Chicago,26/03/2020,02/14/2023,636.16,GBP,-85.27,Withdrawal,649,7775.56,ACTIVE,no,Accountant,3952.51,morgan.jones@bank.org,Transaction verified by branch Chicago
CUST-1050,TXN114594,25,male,CHECKING,Los Angeles,16/04/2023,2024-01-28,4685.94,GBP,1498.87,withdrawal,556,-5.07,Closed,No,enginr,10458.7,mike.moore@bank.org,KYC doc
CUST-2605,TXN205286,18,FEMALE,Current,los angeles,17-Oct-2020,16/07/2023,4956.67,EUR,472.83,atm,,22508.21,Closed,Yes,Doctor,9831.73,jane.miller@yahoo.com,Auto-debit setup confirmed
CUST-1299,TXN947613,45,M,FD,N.Y.,19/07/2022,07/26/2022,44418.47, USD,5751.75,atm,,9210.55,active,Yes,Engineer,18470.7,sara.anderson@outlook.com,KYC documents pending
CUST-1405,TXN254785,42,FEMALE,Checking,Phoenix,03/21/20,02/17/2021,39753.21,USD,17220.33,Wire Transfer,667,-566.17,closed,Yes,enginr,20363.91,mike.taylor@yahoo.com,Auto-debit setup confirmed
CUST-1345,TXN372031,66,F,savings,Los Angeles,09-15-2023,10/05/2023,3491.42,GBP,-500,withdrawal,543,4440.99,ACTIVE,No,Docter,4299.07,chris.jones@gmail.com,Account dormant >6 months
CUST-2396,TXN275098,50,male,fixed deposit,Houston,2020-04-13,09/20/2023,499.51,gbp,337.8,DEPOSIT,575,2607.06,Closed,YES,Teacher,-1137.7,mike.moore@yahoo.com,Customer flagged for review
CUST-2713,TXN877327,64,Female,Current,new york,27-May-2020,04/14/2022,2140.09,EUR,137.94,atm,558,6676.78,closed,no,Lawyer,5991.93,alex.jackson@outlook.com,Account dormant >6 months
CUST-2751,TXN181563,67,MALE,Savings,los angeles,04/21/20,2021-09-18,5690.39, USD,,withdrawal,645,5555.89,active,yes,LAWYER,15097.62,john.moore@bank.org,Account dormant >6 months
CUST-1567,TXN193787,65,MALE,savings,LA,22/05/2023,24/11/2023,4814.93, USD,2053.68,DEPOSIT,643,11472.14,ACTIVE,Yes,Engineer,5633.33,john.miller@gmail.com,Customer flagged for review
CUST-1755,TXN362263,73,Female,Savings,N.Y.,12/31/21,08/02/2022,12874.05,NGN,5130.8,atm,##,13658.84,Closed,YES,accountant,18493.8,jane.jones@bank.org,Auto-debit setup confirmed
CUST-2180,TXN972216,42,FEMALE,SAVINGS,N.Y.,2022-04-22,2024-06-09,7955.72,USD,2972.58,wire transfer,648,4447.86,closed,No,Doctor,7098.99,alex.davis@outlook.com,Auto-debi
CUST-1075,TXN448121,73,Female,Fixed Deposit,New York,08-07-2022,2023-05-05,356.72,gbp,68.32,atm,622,3632.67,Active,YES,Lawyer,-315.09,lee.brown@gmail.com,Transaction verified by branch New York
CUST-2078,TXN142907,39,FEMALE,SAVINGS,New York,09-May-2020,23/04/2023,3670.08,usd,485.38,Deposit,580,8935.73,DEFAULT,NO,Lawyer,12050.47,sara.taylor@outlook.com,
CUST-1477,TXN849629,62,male,CHECKING,Houston,2018-09-27,2019-03-19,12452.85, USD,3779.91,ATM,601,11631.86,Closed,NO,Docter,6715.64,jane.brown@gmail.com,KYC documents pending
CUST-2352,TXN611290,74,MALE,fixed deposit,Houston,2018-07-09,29/11/2022,401.48,EUR,403.26,Wire Transfer,773,,Active,yes,Doctor,6891.32,mike.moore@bank.org,Account dormant >6 months
CUST-1957,TXN903064,52,male,Savings,Phoenix,04-14-2024,06/17/2024,1992.27,USD ,26.85,DEPOSIT,615,17922.61,Default,no,Docter,2329.18,lee.taylor@bank.org,
CUST-1028,TXN988432,72,Female,fixed deposit,Houston,04/16/24,26/06/2024,750.59,EUR,-0.01,withdrawal,773,3702.44,Closed,Yes,LAWYER,-912.94,taylor.jackson@yahoo.com,Transaction verified by branch Houston
CUST-2689,TXN225654,28,female,Checking,N.Y.,12/22/22,07/26/2023,403.54,USD ,96.82,Wire Transfer,676,29707.35,closed,No,Doctor,3548.63,janeandersongmail.com,Loan disbursed to account
CUST-3059,TXN244535,28,male,SAVINGS,CHI,03/11/20,2022-04-26,1624.5,USD ,674.93,DEPOSIT,950,58833.72,ACTIVE,YES,Accountant,6629.24,taylor.davis@bank.org,Loan disbursed to account
CUST-1503,TXN329465,37,Female,Savings,,24/09/2022,09/29/2022,4166.61, USD,875.94,Deposit,672,13644.92,Default,YES,teachr,10071.5,chris.jackson@bank.org,
CUST-1953,TXN383818,51,female,savings,Chicago,05-Apr-2018,04/19/2021,5281.49, USD,1112.92,Transfer,528,583.63,closed,no,Engineer,5729.66,john.anderson@outlook.com,
CUST-1325,TXN261479,24,F,Current,los angeles,10-05-2023,09/01/2024,3222.52,NGN,1681.2,Withdrawal,643,8765.99,Default,YES,Accountant,-7862.49,pat.anderson@outlook.com,
CUST-1744,TXN106148,53,FEMALE,CHECKING,los angeles,01/05/2019,25/03/2021,1608.02, USD,734.52,withdrawal,646,1434.83,Active,YES,enginr,9918.06,mike.taylor@bank.org,Auto-debit setup confirmed
CUST-1634,TXN175868,,male,SAVINGS,Phoenix,2021-09-10,26/07/2022,2710.02,GBP,356.1,Withdrawal,613,7763.41,Active,No,Doctor,4709.0,alex.smith@bank.org,Transaction verified by branch Phoenix
CUST-1883,TXN553012,33,F,FD,CHI,10-Jan-2024,2024-01-27,270.32,NGN,-150.35,Withdrawal,662,3318.32,Defaulted,NO,teachr,2829.92,morgan.davis@outlook.com,
CUST-2148,TXN850932,62,male,Savings,New York,10/10/23,2023-12-22,3383.88, USD,429.11,DEPOSIT,504,,DEFAULT,No,LAWYER,-4185.1,john.taylor@gmail.com,KYC documents pending
CUST-2942,TXN988493,49,Female,CHECKING,CHI,01-05-2023,06/28/2024,2390.39,GBP,46.51,wire transfer,664,,Closed,NO,accountant,5596.32,mike.davis@outlook.com,Loan disbursed to account
CUST-1717,TXN344504,58,,SAVINGS,Chicago,18-Sep-2022,2024-02-11,2361.64,eur,-357.57,atm,581,5358.26,active,no,enginr,12533.13,chris.jackson@bank.org,Customer flagged for review
CUST-1893,TXN590235,67,F,checking,LA,08/03/2019,2024-06-08,6250.91,gbp,469.35,atm,561,5622.29,DEFAULT,No,Accountant,9130.25,taylor.miller@outlook.com,Customer flagged for review
CUST-3012,TXN214025,31,MALE,SAVINGS,Los Angeles,04/13/18,04/29/2020,4938.17,usd,544.12,Transfer,682,57128.57,Closed,yes,enginr,3739.09,morgan.davis@bank.org,Loan disbursed to account
CUST-1184,TXN904694,48,female,Checking,Los Angeles,27/06/2020,2024-01-15,551.72,eur,-288.93,Transfer,752,11297.24,Closed,yes,Lawyer,-2707.81,taylor.jones@yahoo.com,Transaction verified by branch Los Angeles
CUST-2424,TXN935367,37,Female,Savings,New York,03/28/24,2024-05-21,322.99,eur,-172.1,ATM,,5847.48,ACTIVE,yes,Engineer,-6392.84,pat.miller@yahoo.com,KYC documents pending
CUST-3149,TXN130492,18,F,checking,los angeles,06/02/2023,30/12/2023,784.65,EUR,181.44,withdrawal,670,16269.56,active,YES,Doctor,3351.89,pat.anderson@bank.org,Transaction verified by branch los angeles
CUST-2466,TXN901520,53,female,checking,LA,08/14/21,2022-11-21,5918.39,GBP,,Wire Transfer,589,3788.16,DEFAULT,NO,Lawyer,936.94,alex.smith@outlook.com,Auto-debit setup confirmed
CUST-2945,TXN786661,27,F,Current,Houston,01-31-2024,2024-02-09,5946.89,usd,625.08,wire transfer,670,6448.01,Defaulted,no,enginr,9606.19,chris.davis@gmail.com,Customer flagged for review
CUST-1703,TXN786719,23,Male,SAVINGS,Houston,17/03/2024,28/04/2024,785.36,GBP,538.0,ATM,720,,active,No,Docter,-1461.78,mike.taylor@yahoo.com,KYC documents pending
CUST-1917,TXN297006,34,Female,CHECKING,LA,10/03/18,05/20/2020,20660.25,USD ,9157.16,wire transfer,561,11470.82,Defaulted,yes,Engineer,31520.07,mike.brown@gmail.com,Auto-debit setup confirmed
CUST-1553,TXN595571,59,M,Savings,Phoenix,18-Feb-2021,30/11/2023,1138.84, USD,647.14,Deposit,794,,active,Yes,Teacher,4291.02,alex.jones@gmail.com,KYC documents pending
CUST-3098,TXN637314,44,F,SAVINGS,Chicago,23/11/2020,10/06/2021,13212.81,NGN,2097.36,wire transfer,563,2844.32,ACTIVE,yes,accountant,10101.85,,KYC documents pending
CUST-2077,TXN556376,42,Female,CHECKING,N.Y.,27/03/2021,06/05/2021,6271.1,GBP,1680.71,Withdrawal,683,40309.37,DEFAULT,No,,3560.51,jane.brown@outlook.com,
CUST-2780,TXN135538,42,MALE,SAVINGS,new york,12/06/2023,2023-11-22,4427.69, USD,302.03,withdrawal,687,4701.81,closed,yes,LAWYER,3.3,morgan.taylor@bank.org,Customer f
CUST-2983,TXN359518,20,Male,Checking,los angeles,12-29-2022,2023-10-14,2055.08,NGN,584.48,Withdrawal,608,12294.08,closed,NO,Teacher,6201.97,lee.smith@outlook.com,Loan disbursed to account
CUST-2731,TXN126653,57,MALE,Checking,N.Y.,25-Mar-2018,30/04/2021,1795.76, USD,113.27,Transfer,628,5129.59,ACTIVE,yes,Doctor,-2016.5,chris.smith@bank.org,Account dormant >6 months
CUST-2577,TXN772519,64,female,Savings,New York,04-Jul-2019,04/09/2020,2504.9,usd,534.25,Transfer,640,23985.92,,no,Teacher,1330.96,alexjacksongmail.com,Auto-debit setup confirmed
CUST-1913,TXN882984,,MALE,Current,Chicago,27/09/2022,07/12/2023,437.67,usd,171.12,ATM,583,71976.63,active,Yes,,3023.78,lee.brown@yahoo.com,Account dormant >6 months
CUST-2826,TXN229919,40,male,SAVINGS,Phoenix,2023-03-31,2024-06-09,4334.73,gbp,883.88,withdrawal,635,,Default,YES,Teacher,-5103.95,taylor.taylor@outlook.com,
CUST-1313,TXN816044,31,Female,fixed deposit,los angeles,03-03-2018,08/21/2021,31602.14,usd,7113.59,withdrawal,532,10142.11,DEFAULT,no,teachr,,alex.moore@yahoo.com,Account dormant >6 months
CUST-2237,TXN491768,46,F,Savings,Houston,21-Jul-2021,2021-10-14,-1,gbp,,wire transfer,600,,Default,No,LAWYER,-3060.14,taylor.jackson@gmail.com,Auto-debit setup confirmed
CUST-2294,TXN959684,53,M,Savings,los angeles,2022-10-31,28/05/2024,6407.26,USD ,3038.08,DEPOSIT,673,6385.38,Defaulted,YES,teachr,2596.37,alex.jackson@yahoo.com,
CUST-2978,TXN663970,33,Female,checking,New York,08-21-2019,19/02/2021,353.06,eur,238.95,Withdrawal,651,,Active,Yes,,678.11,taylor.miller@yahoo.com,
CUST-1659,TXN948866,72,Male,SAVINGS,new york,15/02/2021,28/06/2024,365.42,USD,118.39,DEPOSIT,481,15146.25,Active,No,Docter,5008.55,lee.davis@outlook.com,Loan disbursed to account
CUST-2338,TXN272051,30,male,Current,Los Angeles,11-May-2024,06/12/2024,4021.52, USD,548.14,Withdrawal,688,3424.43,Default,YES,Accountant,16983.45,morgan.jackson@bank.org,KYC documents pending
CUST-1796,TXN772889,66,Female,Current,CHI,23/01/2024,2024-04-30,641.59,eur,179.29,Withdrawal,572,13439.66,Default,Yes,teachr,-2981.33,taylor.wilson@yahoo.com,Transaction verified by branch CHI
CUST-2250,TXN949644,74,female,SAVINGS,N.Y.,02-Jul-2023,19/02/2024,17175.94,USD,1101.05,DEPOSIT,598,523.67,ACTIVE,YES,enginr,33980.3,morgan.anderson@bank.org,Loan disbursed to account
CUST-2721,TXN995619,36,M,FD,Phoenix,10/23/23,13/12/2023,647.83,eur,320.66,Wire Transfer,714,2551.78,Active,NO,Teacher,3846.5,lee.taylor@gmail.com,KYC documents pending
CUST-1336,TXN347062,69,Male,Checking,LA,11/27/18,2019-08-19,575.7,usd,-139.06,wire transfer,777,3473.92,Active,YES,Docter,-4733.22,mike.moore@gmail.com,Account dormant >6 months
CUST-2152,TXN152859,41,female,fixed deposit,N.Y.,2018-12-11,06/15/2019,595.54,eur,252.72,wire transfer,611,102680.92,ACTIVE,no,,881.38,lee.brown@yahoo.com,Auto-debit
CUST-3053,TXN498510,52,MALE,Current,Chicago,02-26-2019,2023-02-01,2786.2,GBP,190.9,ATM,681,3209.39,Active,yes,Lawyer,-3970.42,,Loan disbursed to account
CUST-2947,TXN451712,44,Male,SAVINGS,Phoenix,27-Aug-2020,2023-11-19,27985.14,eur,231.25,ATM,768,4192.18,DEFAULT,YES,Lawyer,43630.78,,Auto-debit setup confirmed
CUST-2253,TXN931622,57,F,Current,CHI,21/12/2018,2023-10-02,5934.22,USD ,603.99,Wire Transfer,641,6542.83,DEFAULT,NO,Teacher,16593.37,john.jackson@bank.org,Customer flagged for review
CUST-3141,TXN937822,39,male,SAVINGS,Los Angeles,20-Dec-2022,2023-10-02,9835.91, USD,1632.49,wire transfer,673,30212.39,ACTIVE,NO,Teacher,2137.03,taylor.miller@gmail.com,Account dormant >6 months
CUST-1678,TXN795111,75,MALE,SAVINGS,new york,23/09/2020,06/11/2021,11767.37,USD ,2121.14,Transfer,640,4291.72,active,Yes,Lawyer,23842.34,pat.anderson@gmail.com,Loan disbursed to account
CUST-1918,TXN395244,63,Female,SAVINGS,Los Angeles,01/06/19,2023-11-06,5082.22,USD,992.67,wire transfer,##,13443.37,closed,YES,Teacher,8777.33,john.smith@bank.org,Loan disbursed to account
CUST-1929,TXN732861,21,female,Checking,Los Angeles,08-Nov-2022,07/03/2023,1077.11,usd,172.92,ATM,587,6249.14,Active,NO,Doctor,9602.25,lee.miller@yahoo.com,KYC documents pending
CUST-2501,TXN666156,-5,F,FD,Los Angeles,2019-03-17,17/06/2024,1952.39,USD ,919.47,Deposit,574,3271.81,Defaulted,No,enginr,-9843.97,morgan.taylor@outlook.com,KYC d
CUST-1467,TXN644830,34,F,Fixed Deposit,,08-Nov-2019,24/10/2023,3373.34,NGN,1229.62,Wire Transfer,625,,Default,no,Doctor,5208.97,morgan.wilson@yahoo.com,Customer flagged for review
CUST-1399,TXN302273,35,FEMALE,Checking,new york,10/04/2019,17/10/2023,4277.52,NGN,885.91,Withdrawal,---,1393.03,Default,no,enginr,10170.37,jane.brown@gmail.com,Loan disbursed to account
CUST-3050,TXN165923,53,male,savings,los angeles,2020-06-01,11/05/2024,4480.66, USD,,atm,659,,Default,yes,LAWYER,11738.4,john.jackson@outlook.com,Customer flagged for review
CUST-1636,TXN294559,44,female,CHECKING,Chicago,2023-07-29,30/07/2023,1425.31,EUR,203.76,ATM,699,4292.56,closed,YES,,-4089.1,chris.moore@bank.org,Account dormant >6 months
CUST-1247,TXN840356,45,MALE,Checking,CHI,03/18/24,05/17/2024,1727.76, USD,228.88,wire transfer,674,,Active,YES,enginr,,sara.wilson@gmail.com,Customer flagged for review
CUST-2382,TXN775544,20,Male,FD,CHI,04/11/2018,01/06/2021,351.07,NGN,233.99,ATM,716,,ACTIVE,YES,Accountant,1644.09,alex.jones@outlook.com,
CUST-1842,TXN566039,40,FEMALE,SAVINGS,CHI,11/10/2018,11/06/2022,64519.2,gbp,17976.23,Withdrawal,712,3674.24,ACTIVE,yes,Accountant,122848.62,sara.miller@bank.org,Transaction verified by branch CHI
CUST-2889,TXN377070,41,MALE,Current,Houston,02/03/2021,09/23/2021,3476.61,NGN,1041.58,DEPOSIT,716,19371.46,,yes,enginr,5826.47,morgan.anderson@gmail.com,
CUST-1478,TXN558116,65,male,Checking,CHI,02/03/2018,15/02/2021,3508.13,NGN,,ATM,647,,Default,NO,Accountant,6037.89,sara.miller@bank.org,Customer flagged for review
CUST-1750,TXN636112,71,,Fixed Deposit,N.Y.,12-07-2018,03/21/2020,258.03,eur,-208.16,Transfer,,9039.95,Default,YES,Teacher,6812.44,jane.brown@outlook.com,Transactio
CUST-1293,TXN260119,31,F,Savings,Chicago,2022-05-24,29/03/2024,8625.99, USD,1920.55,Wire Transfer,604,2252.27,active,No,,11409.08,taylor.brown@yahoo.com,Loan disbursed to account
CUST-2038,TXN973198,51,Female,savings,LA,16/09/2019,28/07/2022,699.78,EUR,325.33,DEPOSIT,625,2964.31,Active,NO,Docter,2538.69,,
CUST-2231,TXN789636,46,F,savings,N.Y.,15/10/2018,2021-08-24,1688.95, USD,788.1,ATM,684,2262.71,active,NO,accountant,426.48,pat.anderson@bank.org,Auto-debit setup confirmed
CUST-1642,TXN232140,64,F,Current,CHI,2023-12-30,03/11/2024,1533.69,gbp,294.43,Deposit,673,12876.83,active,yes,Accountant,2286.52,mike.anderson@gmail.com,Auto-debit setup confirmed
CUST-1748,TXN841901,38,FEMALE,CHECKING,new york,17-Aug-2018,2020-06-30,2525.01,USD,286.79,Transfer,950,,Default,yes,Lawyer,,taylor.miller@bank.org,Loan disbursed to account
CUST-1868,TXN377393,,MALE,Savings,New York,05/03/22,08/10/2023,144.35, USD,98.38,Wire Transfer,713,7172.02,closed,NO,Engineer,-50000,john.taylor@outlook.com,
CUST-2004,TXN278927,24,MALE,CHECKING,New York,2019-04-27,10/09/2022,4848.92,usd,-6.89,Withdrawal,717,2084.91,DEFAULT,NO,Lawyer,-2720.03,sara.brown@bank.org,Transaction verified by branch New York
CUST-3114,TXN253256,46,F,FD,N.Y.,2022-12-20,12/29/2023,4840.97,EUR,186.88,Transfer,666,9827.99,Active,no,Docter,17686.17,sara.miller@bank.org,
CUST-2593,TXN520335,48,male,Savings,new york,04-28-2019,2019-06-14,8505.17,USD,2513.61,Transfer,640,8225.77,Active,YES,,-2137.7,chris.smith@yahoo.com,Auto-debit setup confirmed
CUST-3131,TXN598007,52,Male,Current,LA,31-Dec-2023,2024-05-12,3550.21,gbp,1100.35,Transfer,625,8592.19,Default,No,Doctor,-3027.13,sara.jackson@gmail.com,Auto-debit setup confirmed
CUST-1539,TXN342143,36,male,fixed deposit,New York,2021-01-28,2024-03-17,3069.98,eur,1579.3,Transfer,697,5687.12,closed,Yes,,2916.38,alex.taylor@outlook.com,
CUST-2593,TXN520335,48,male,Savings,new york,04-28-2019,2019-06-14,8505.17,USD,2513.61,Transfer,640,8225.77,Active,YES,,-2137.7,chris.smith@yahoo.com,Auto-debit setup confirmed
CUST-1431,TXN664964,,,fixed deposit,Los Angeles,06-Sep-2022,05/21/2024,3583.18,eur,752.13,Deposit,675,,,no,Engineer,1282.72,morgan.moore@,KYC documents pending
CUST--4769,TXN642976,73,FEMALE,CHECKING,N.Y.,2023-07-05,06/10/2023,2366.11,NGN,,withdrawal,0,12561.76,Active,NO,Lawyer,-2864.67,john.brown@bank.org,Loan disbursed to account
CUST-2369,TXN168512,18,,SAVINGS,Phoenix,,08/11/2023,456.32,eur,-260.51,DEPOSIT,776,4395.08,Defaulted,NO,Lawyer,6490.18,john.brown@bank.org,
CUST-1685,TXN360821,69,MALE,SAVINGS,new york,11-Apr-2023,2023-08-21,27320.75, USD,100.3,Wire Transfer,667,2704.57,ACTIVE,yes,LAWYER,33643.45,john.moore@gmail.com,
CUST-1817,TXN452797,29,FEMALE,Fixed Deposit,los angeles,05-15-2024,2024-06-19,16821.04,EUR,2562.42,Wire Transfer,625,599.96,ACTIVE,No,accountant,14850.85,john.smith@gmail.com,Transaction verified by branch los angeles
CUST-3088,TXN108367,48,female,Fixed Deposit,new york,02/08/21,02/09/2023,21104.72,NGN,,DEPOSIT,645,10735.9,closed,Yes,enginr,,morganmillergmail.com,KYC documents pending
CUST-2457,TXN742810,60,female,SAVINGS,CHI,16/03/2023,10/18/2023,2156.67,eur,-59.85,Deposit,767,4349.12,,yes,,-50000,mike.moore@yahoo.com,Account dormant >6 months
CUST-2323,TXN975508,33,,Checking,New York,10-Dec-2020,20/10/2022,84731.98,USD,14716.49,wire transfer,711,-452.24,closed,Yes,LAWYER,111912.22,sara.brown@gmail.com,
CUST-2627,TXN655562,18,Female,Checking,N.Y.,06-16-2020,2021-07-14,17500.47,eur,3938.16,DEPOSIT,,6457.89,active,YES,Lawyer,21728.52,sara.miller@yahoo.com,Account dormant >6 months
CUST-3168,TXN629728,47,Male,checking,Phoenix,11-Jun-2018,08/16/2020,4082.76,GBP,830.34,DEPOSIT,684,1377.61,active,,Teacher,9901.01,,Loan disburs
CUST-3055,TXN468471,69,Male,Savings,Los Angeles,07/01/2024,2024-01-14,21678.04,eur,10138.05,Deposit,568,,DEFAULT,NO,LAWYER,21586.31,sara.taylor@yahoo.com,Loan disbursed to account
CUST-1565,TXN444621,18,Female,Fixed Deposit,new york,12-12-2023,2023-12-17,1585.82, USD,168.9,Deposit,665,12540.75,Closed,Yes,LAWYER,2914.08,taylor.jackson@bank.org,Customer flagged for review
CUST-2225,TXN517028,72,male,Savings,Houston,2022-04-28,17/12/2022,15294.91,NGN,727.6,Deposit,492,7932.75,active,no,teachr,25638.6,jane.smith@yahoo.com,
CUST-1712,TXN205137,31,MALE,Checking,N.Y.,18-Feb-2021,2022-08-04,19842.08,NGN,-500,atm,582,,Default,,Engineer,16770.25,john.jackson@,
CUST-1262,TXN337701,32,female,Savings,N.Y.,09/12/19,04/12/2020,4070.54,USD ,2015.08,Withdrawal,547,2748.87,Closed,Yes,Teacher,9935.75,mike.miller@yahoo.com,
CUST-2395,TXN257455,19,F,Fixed Deposit,Houston,2020-04-04,2021-07-20,2075.29,usd,562.2,Deposit,690,-828.46,Defaulted,Yes,enginr,4486.83,taylor.wilson@outlook.com,Customer flagged for review
CUST-1819,TXN560148,75,female,Fixed Deposit,Los Angeles,2022-01-31,04/30/2023,744.83,USD ,-268.81,withdrawal,623,6545.57,Default,No,accountant,3575.42,morgan.moore@outlook.com,
cust2182,TXN983848,68,MALE,FD,,20/07/2018,04/11/2021,347.58,gbp,93.75,wire transfer,696,13560.05,Default,YES,Teacher,,sara.anderson@,Account dormant >6 months
CUST-2412,TXN926934,46,FEMALE,checking,New York,2025-15-40,10/02/2020,15968.0,USD ,7884.39,DEPOSIT,636,24306.15,Active,no,Teacher,18193.32,pat.davis@yahoo.com,Loan disbursed to account
CUST-2957,TXN707123,23,M,fixed deposit,Houston,01/23/24,02/07/2024,8093.5,eur,1494.25,ATM,778,2876.69,active,YES,accountant,12716.35,taylor.smith@yahoo.com,
CUST-2531,TXN214451,26,FEMALE,FD,LA,2020-11-19,10/19/2021,20951.83,usd,530.96,Transfer,506,,Default,no,Doctor,9657.26,alex.wilson@yahoo.com,Transaction verified by branch LA
CUST-1903,TXN822505,29,MALE,savings,N.Y.,01-16-2020,13/08/2022,1294.43,EUR,493.85,withdrawal,783,,closed,yes,enginr,8640.58,alex.brown@bank.org,Customer flagged for review
CUST-1530,TXN433180,60,MALE,SAVINGS,los angeles,24-Sep-2019,03/21/2023,26336.24,NGN,5193.59,withdrawal,,15096.33,Closed,,accountant,9237.37,jane.brown@yahoo.com,Account dormant >6 months
CUST-2476,TXN397242,69,female,savings,Chicago,2021-08-09,06/02/2024,1306.77,NGN,506.02,Transfer,671,16567.11,active,YES,Engineer,,jane.taylor@outlook.com,Account dormant >6 months
CUST-2810,TXN420408,,female,Current,Houston,12/22/18,02/02/2019,11199.18,gbp,5675.26,Transfer,807,11816.63,ACTIVE,Yes,teachr,13139.34,mike.anderson@yahoo.com,Account dormant >6 months
CUST-1383,TXN703587,66,MALE,Savings,new york,09-Dec-2022,27/05/2024,2177.68,gbp,-84.68,Deposit,733,,DEFAULT,YES,Lawyer,12371.48,mike.wilson@outlook.com,Account dormant >6 months
CUST-1062,TXN604740,43,M,Current,Phoenix,2023-02-07,06/11/2024,3520.59, USD,644.56,DEPOSIT,680,,DEFAULT,No,LAWYER,3638.86,jane.jackson@gmail.com,Account dormant >6 months
CUST-1425,TXN125882,58,Male,CHECKING,CHI,2021-08-30,2022-05-09,264.36,gbp,240.27,atm,591,3603.81,DEFAULT,No,Lawyer,1100.98,mike.wilson@yahoo.com,KYC documents pending
CUST-1711,TXN266793,23,FEMALE,FD,CHI,2019-08-25,2024-06-30,2689.33,eur,101.26,wire transfer,808,20158.13,ACTIVE,Yes,LAWYER,1725.68,leewilsongmail.com,Transaction verified by branch CHI
CUST-2929,TXN969790,33,Male,CHECKING,los angeles,12-03-2018,2019-11-17,117.37, USD,-30.48,Wire Transfer,728,5503.12,Closed,Yes,Accountant,8740.49,jane.davis@gmail.com,Account dormant >6 months
CUST-1775,TXN913641,65,M,CHECKING,los angeles,2018-04-03,08/02/2021,17245.35,NGN,3053.38,atm,656,14101.8,DEFAULT,Yes,LAWYER,17979.86,alex.moore@bank.org,Account dormant >6 months
CUST-1202,TXN275018,24,FEMALE,Savings,LA,07/12/2018,21/10/2019,2240.58,gbp,118.89,Transfer,539,20458.99,closed,NO,LAWYER,10893.59,taylor.moore@outlook.com,
CUST-3124,TXN234067,,male,CHECKING,Los Angeles,2022-01-22,2024-04-26,1505.66,NGN,297.06,atm,823,23263.03,Defaulted,Yes,Lawyer,6831.01,alex.davis@gmail.com,KYC documents pending
CUST-2623,TXN775685,,F,checking,Houston,03/25/18,04/02/2023,10402.16,gbp,5227.89,atm,656,2191.24,,NO,Accountant,13091.94,,Transaction verified by branch Houston
CUST-3069,TXN384252,73,female,FD,Houston,N/A,11/06/2024,678.81,eur,213.51,Transfer,pending,5537.54,Closed,YES,LAWYER,-981.58,mike.jackson@bank.org,Account dormant >6 months
CUST-1170,TXN439307,27,M,FD,new york,11-Mar-2022,2023-02-18,4296.39,NGN,1011.67,ATM,609,5059.19,closed,No,Accountant,9378.33,taylor.smith@yahoo.com,Customer flagged for review
CUST-1566,TXN142276,44,Female,Savings,Chicago,19/02/2024,2024-05-22,19028.12, USD,1558.47,withdrawal,704,26702.37,Closed,yes,Docter,,lee.miller@gmail.com,Account dormant >6 months
CUST-1146,TXN700521,28,FEMALE,SAVINGS,CHI,22-Sep-2023,11/05/2024,15266.65,USD ,4345.69,withdrawal,563,3962.76,Active,NO,Doctor,12649.09,pat.miller@bank.org,Auto-debit setup confirmed
CUST-1497,TXN785397,50,male,CHECKING,Phoenix,07/31/19,11/23/2021,471.39,GBP,199.25,withdrawal,612,,Default,yes,Doctor,13391.6,mike.miller@bank.org,Auto-debit setup confirmed
CUST-1925,TXN917449,25,FEMALE,Savings,,16/08/2018,06/11/2024,383.64,EUR,294.86,withdrawal,433,4316.13,Active,No,LAWYER,-1984.74,sara.smith@outlook.com,Auto-debit setup confirmed
CUST-2174,TXN803745,55,FEMALE,Fixed Deposit,LA,01/22/22,01/12/2024,5426.1,NGN,1846.98,DEPOSIT,690,10839.64,Closed,yes,Lawyer,2294.53,alex.miller@outlook.com,Auto-debit setup confirmed
CUST-1983,TXN516471,27,M,checking,los angeles,06-24-2019,13/05/2021,7393.89, USD,706.13,wire transfer,615,,Defaulted,,enginr,7415.63,,
CUST-1884,TXN555194,64,Male,Savings,Chicago,19/07/2023,08/17/2023,3140.29,eur,778.23,Deposit,702,,closed,YES,enginr,326.36,pat.brown@outlook.com,Loan disbursed to account
CUST-2672,TXN400496,38,M,fixed deposit,LA,18-Apr-2018,06/13/2023,267.9,USD ,195.87,Withdrawal,,3451.63,Closed,No,Doctor,5273.79,alex.brown@yahoo.com,
CUST-1801,TXN959214,38,Male,CHECKING,New York,07/04/18,2022-11-17,89964.88,NGN,10617.99,DEPOSIT,689,,Closed,Yes,Doctbr,92141.77,pat.smith@gmail.com,
cust9410,TXN528657,70,Male,Checking,Houston,17/08/2023,09/09/2023,4848.96,usd,970.64,Transfer,581,6163.33,Closed,NO,Accountant,-369.6,john.davis@outlook.com,Account dormant >6 months
CUST-3120,TXN568422,21,M,Fixed Deposit,Phoenix,2021-07-07,15/06/2024,5312.51,EUR,2211.05,Transfer,,9951.58,DEFAULT,NO,Doctor,9660.92,janedavisgmail.com,
CUST-2952,TXN479659,41,M,checking,LA,05-25-2020,10/25/2020,2895.82,USD ,1286.73,Transfer,743,39673.83,Closed,Yes,Doctor,558.73,lee.anderson@gmail.com,Transaction verified by branch LA
CUST-1916,TXN462084,29,F,FD,LA,2023-08-19,02/16/2024,1197.1,gbp,382.63,ATM,674,,Defaulted,no,accountant,10946.07,chris.jackson@bank.org,Customer flagged for review
CUST-3108,TXN664881,48,FEMALE,Current,CHI,14-Feb-2020,02/22/2023,1500.38, USD,250.95,ATM,711,,active,YES,Docteg,,jane.wilson@bank.org,KYC documents pending
CUST-2993,TXN462524,50,F,Current,Houston,01-30-2020,2020-06-23,29914.4,eur,1288.49,ATM,,5124.44,,no,LAWYER,64738.58,morgan.moore@gmail.com,
CUST-2633,TXN772958,27,FEMALE,Savings,Phoenix,04/27/21,04/08/2021,2732.72,USD ,174.75,DEPOSIT,,47330.67,DEFAULT,YES,Docter,,taylor.jones@gmail.com,
CUST-2277,TXN160018,48,Male,Checking,CHI,2023-08-14,15/03/2024,6863.08,eur,2217.74,Wire Transfer,615,,Active,,LAWyER,6425.4,john.smith@gmail.com,
CUST-2510,TXN220612,19,male,fixed deposit,N.Y.,12/03/22,01/04/2024,49345.99,gbp,19082.6,ATM,845,12545.62,active,yes,LAWYER,26867.27,morgan.anderson@gmail.com,Auto-debit setup confirmed
CUST-3076,TXN817130,71,MALE,fixed deposit,New York,16/12/2018,2023-12-31,1833.05,NGN,272.1,DEPOSIT,751,,active,Yes,Docter,294.71,sara.brown@outlook.com,KYC documents pending
CUST-1172,TXN838726,59,MALE,Checking,new york,18-Feb-2020,03/06/2024,27256.15,EUR,1725.1,atm,637,7950.45,DEFAULT,Yes,Doctor,24985.62,alex.jones@outlook.com,Account dormant >6 months
CUST-2118,TXN775401,35,M,fixed deposit,Houston,2023-02-24,10/06/2024,3375.33, USD,1091.19,DEPOSIT,789,22926.8,Closed,,Lawyer,-733.72,taylor.miller@yahoo.com,
CUST-1574,TXN440839,56,F,savings,los angeles,12-23-2018,2019-08-21,14442.37,USD,5410.93,Deposit,619,10406.65,Default,YES,Lawyer,,john.anderson@gmail.com,
CUST-2199,TXN731148,41,Male,CHECKING,Houston,03-01-2021,2022-04-22,1412.42,EUR,224.37,Transfer,585,5726.23,DEFAULT,yes,enginr,6094.94,chris.jackson@yahoo.com,
CUST-2728,TXN981003,75,MALE,SAVINGS,,11-22-2018,2022-10-23,1438.68,eur,35.59,atm,559,11953.97,Default,NO,LAWYER,-4078.52,alex.brown@outlook.com,Auto-debit setup confirmed
CUST-1458,TXN717604,29,F,Current,Chicago,25-Oct-2021,09/28/2023,2314.08,gbp,299.79,DEPOSIT,742,3205.58,Active,yes,Engineer,4390.61,jane.taylor@bank.org,
CUST-2377,TXN774420,,MALE,savings,Houston,2022-05-22,2022-12-22,574.95,GBP,742.03,atm,799,2534.96,ACTIVE,yes,,8485.63,taylor.jackson@outlook.com,Transaction verified by branch Houston
CUST--2166,TXN688098,45,male,Savings,los angeles,30-Oct-2021,09/22/2022,447.64,USD ,-500,ATM,688,1153.58,,Yes,Engineer,-10020.95,taylor.smith@yahoo.com,
CUST-2662,TXN745958,63,male,savings,los angeles,2021-12-23,01/26/2023,349.55, USD,326.9,withdrawal,703,7877.63,active,no,Doctor,7492.94,taylor.taylor@outlook.com,KYC documents pending
CUST-3174,TXN879181,58,Male,Fixed Deposit,N.Y.,09-13-2023,12/22/2023,591.42,EUR,267.55,Withdrawal,566,51465.3,active,No,teachr,-5861.91,sara.miller@bank.org,Loan disbursed to account
CUST-2914,TXN610213,38,female,fixed deposit,N.Y.,2025-15-40,2023-09-13,145.32,NGN,-146.65,Transfer,,13190.05,active,no,accountant,4092.67,morgan.anderson@bank.org,Loan disbursed to account
CUST-2547,TXN193336,52,MALE,Current,New York,19/04/2020,01/27/2024,260.28,USD ,11.56,ATM,652,25270.2,Active,no,Teacher,2425.58,john.moore@gmail.com,KYC documents pending
CUST-2517,TXN877025,70,male,CHECKING,los angeles,12/11/20,2023-07-01,6812.58,NGN,927.06,Withdrawal,950,5997.96,active,Yes,Engineer,-1532.61,lee.smith@gmail.com,Account dormant >6 months
CUST-2515,TXN359304,21,FEMALE,Current,los angeles,2018-07-04,05/04/2022,15401.15, USD,5878.41,Wire Transfer,607,2159.54,Defaulted,no,teachr,16377.78,pat.davis@yahoo.com,Loan disbursed to account
CUST-1288,TXN970055,62,MALE,Current,Los Angeles,2024-06-03,06/11/2024,2583.9,gbp,89.77,ATM,-100,14881.83,Defaulted,NO,teachr,5285.44,john.brown@bank.org,Customer flagged for review
CUST-2980,TXN877128,34,male,CHECKING,New York,29/09/2023,02/25/2024,61103.93,gbp,6583.85,Transfer,671,1766.63,DEFAULT,no,Engineer,,taylor.smith@outlook.com,Account dormant >6 months
CUST-3165,TXN727475,51,M,Fixed Deposit,N.Y.,05/20/18,31/12/2018,6352.14,eur,2759.27,withdrawal,491,4938.34,Default,no,Teacher,6019.55,alex.jackson@yahoo.com,
CUST-2632,TXN436258,0,F,savings,Los Angeles,2020-03-30,16/06/2022,5954.53,EUR,51.09,ATM,613,10872.04,Closed,no,enginr,319.61,john.smith@outlook.com,Loan disbursed to account
CUST-1443,TXN709644,62,Male,FD,Los Angeles,06/05/22,21/10/2022,665.84, USD,166.37,Deposit,717,13998.89,closed,yes,,-46.46,sara.jones@gmail.com,Customer flagged for review
CUST-1006,TXN196781,71,Male,savings,Phoenix,12/15/22,24/12/2022,477.58,NGN,241.86,Transfer,,2146.97,Active,Yes,enginr,1631.49,,Account dormant >6 months
CUST-1859,TXN374507,22,FEMALE,SAVINGS,Chicago,02/27/21,03/11/2023,4434.47,NGN,908.06,ATM,637,,,Yes,uocter,7294.83,lee.jackson@bank.org,Auto-debit setup confirmed
CUST-3154,TXN179229,22,Male,Fixed Deposit,CHI,29/11/2020,11/08/2023,771.72,usd,-25.62,ATM,509,5188.52,Closed,No,Docter,,john.jones@outlook.com,KYC documents pending
CUST-2618,TXN612566,24,F,SAVINGS,Phoenix,11-16-2020,01/10/2022,9379.86,USD ,2815.07,Transfer,612,2239.79,Defaulted,no,Doctor,,mike.jones@gmail.com,Customer flagged for review
CUST-1315,TXN498757,69,MALE,SAVINGS,New York,04-Apr-2018,25/03/2020,11220.41,EUR,1882.92,wire transfer,523,,Defaulted,No,Docter,28684.91,taylor.moore@yahoo.com,Auto-debit setup confirmed
CUST-1209,TXN861594,36,M,checking,New York,06-27-2020,08/10/2020,7768.94, USD,1917.79,Withdrawal,644,2413.86,active,YES,Lawyer,1355.06,taylor.jones@bank.org,Transaction verified by branch New York
CUST-2301,TXN714196,34,female,Savings,CHI,09-07-2022,2023-10-13,2491.33,USD,267.47,ATM,715,9743.05,Defaulted,YES,Doctor,-218.69,taylor.jackson@gmail.com,Customer flagged for review
CUST-2916,TXN122983,68,male,Checking,LA,31/02/2020,04/07/2021,3289.88,NGN,239.1,withdrawal,656,13155.45,Active,YES,,5693.96,alex.moore@outlook.com,KYC documents pending
CUST-2297,TXN975205,59,Female,FD,Los Angeles,25-Mar-2023,2023-08-08,4139.98,USD ,1801.36,Withdrawal,455,16061.22,Closed,NO,Lawyer,2518.36,john.jackson@gmail.com,Transaction verified by branch Los Angeles
CUST-3126,TXN298148,,M,fixed deposit,,04-10-2018,16/08/2023,1311.87,eur,-136.51,Wire Transfer,615,6383.01,ACTIVE,,Docter,,leemooregmail.com,KYC documents pending
CUST-2950,TXN787538,48,Female,fixed deposit,LA,30-Mar-2023,08/13/2023,2125.95,eur,866.86,Transfer,595,4384.61,Default,NO,,8607.98,mike.taylor@,Loan disbursed to account
CUST-2151,TXN509150,75,F,SAVINGS,LA,2019-02-12,2020-09-10,3351.54,NGN,150.72,Deposit,666,2892.94,Active,Yes,Accountant,2554.48,leetaylorgmail.com,Auto-debit setup confirmed
CUST-1330,TXN681208,37,FEMALE,Current,LA,27-Nov-2023,04/03/2024,4030.51,USD ,1171.85,ATM,-100,24477.9,ACTIVE,no,LAWYER,12934.87,john.taylor@bank.org,Customer flagged for review
CUST-1706,TXN247706,71,Male,SAVINGS,Phoenix,11-17-2021,2023-03-06,3387.39,USD,-382.12,withdrawal,635,1586.88,Closed,NO,Teacher,9928.24,jane.wilson@bank.org,
CUST-1606,TXN351734,70,FEMALE,fixed deposit,Chicago,05-Dec-2022,17/05/2023,1248.78,eur,88.97,Transfer,-100,13355.52,active,no,Lawyer,3989.27,taylor.smith@outlook.com,Account dormant >6 months
CUST-1515,TXN581416,29,FEMALE,Checking,N.Y.,29-Mar-2020,2020-04-26,2228.89,gbp,673.61,atm,489,15297.09,Closed,NO,Accountant,-4768.65,alex.brown@yahoo.com,Auto-debit setup confirmed
CUST-3117,TXN768296,59,Female,FD,new york,02-Feb-2018,2024-05-17,5234.57,gbp,955.33,wire transfer,555,20615.75,active,NO,Lawyer,11675.75,taylor.anderson@outlook.com,Customer flagged for review
CUST-2968,TXN701174,60,FEMALE,checking,Chicago,01/20/22,21/08/2023,271.39,USD ,347.13,Withdrawal,814,37903.8,Default,Yes,Doctor,-1289.44,morgan.smith@bank.org,Loan disbursed to account
CUST-1908,TXN347864,69,Male,FD,new york,08/06/22,2023-09-02,1799.78,gbp,481.02,wire transfer,1200,,ACTIVE,Yes,Accountant,-4957.15,taylor.davis@yahoo.com,Account dormant >6 months
CUST-3191,TXN224624,,male,Savings,New York,10-19-2020,16/01/2021,317.42,NGN,60.0,wire transfer,,,closed,No,enginr,,mike.davis@bank.org,
CUST-1981,TXN408514,27,male,fixed deposit,Houston,04-Apr-2020,2023-10-30,5145.9,gbp,1127.29,Deposit,529,25832.3,active,Yes,Lawyer,9397.11,sara.anderson@yahoo.com,Account dormant >6 months
CUST-2467,TXN448766,18,Female,Checking,new york,2024-06-06,2024-06-29,5290.4,NGN,-27.79,Withdrawal,618,7773.91,Closed,yes,,2332.36,sara.moore@gmail.com,Auto-debit setup confirmed
CUST-1900,TXN969750,65,Male,checking,N.Y.,10/06/20,08/09/2023,6663.74,usd,2086.34,Wire Transfer,637,9349.23,Closed,yes,,7318.36,chris.jones@bank.org,Transaction verified by branch N.Y.
CUST-1475,TXN518002,23,MALE,FD,New York,09-Feb-2022,08/10/2023,2127.53,usd,625.5,DEPOSIT,663,12606.16,closed,yes,LAWYER,-3364.78,sara.smith@,Account dormant >6 months
CUST-1296,TXN790130,,male,Fixed Deposit,Chicago,07/05/21,06/26/2023,456.09,GBP,,Deposit,643,24767.7,active,YES,Doctor,1977.08,alex.moore@yahoo.com,KYC documents pending
CUST-3177,TXN332561,30,F,CHECKING,los angeles,11-Sep-2023,2024-01-10,74.65,gbp,-172.63,DEPOSIT,640,,ACTIVE,yes,Lawyer,,sara.anderson@bank.org,Account dormant >6 months
CUST-1164,TXN921021,34,M,checking,Los Angeles,2018-05-01,05/19/2021,10281.74,usd,,Transfer,754,8275.08,active,Yes,teachr,,pat.wilson@outlook.com,Customer flagged for review
cust8939,TXN410186,23,M,savings,New York,09/21/21,03/03/2022,12263.81,USD ,250.88,Transfer,621,69445.45,Defaulted,Yes,LAWYER,23138.55,chris.anderson@,Customer flagged for review
CUST-3199,TXN807732,32,FEMALE,Savings,Los Angeles,08/03/2021,01/09/2023,4617.46,NGN,480.4,Wire Transfer,689,8562.7,Default,yes,LAWYER,4781.55,mike.brown@yahoo.com,Auto-debit setup confirmed
CUST-2690,TXN566415,44,FEMALE,savings,LA,03-25-2019,02/11/2021,1021.37,GBP,269.61,Transfer,626,2355.0,Active,NO,enginr,-69.95,mike.davis@gmail.com,Loan disbursed to account
CUST-1947,TXN369868,200,FEMALE,savings,Chicago,16-Aug-2018,2023-07-04,30889.88,EUR,4911.76,Transfer,780,5582.12,ACTIVE,Yes,LAWYER,43002.28,jane.wilson@outlook.com,Auto-debit setup confirmed
CUST-1479,TXN976903,58,male,FD,New York,10/17/18,2021-09-16,177.19,NGN,-68.79,Wire Transfer,657,9507.69,closed,Yes,,-4942.66,mike.wilson@bank.org,Customer flagged for review
CUST-2540,TXN577226,24,MALE,savings,N.Y.,2023-07-05,08/23/2023,363.74, USD,568.54,DEPOSIT,648,7646.85,Defaulted,yes,Accountant,3072.39,sara.brown@bank.org,
CUST-2071,TXN282068,60,F,FD,new york,05-12-2024,05/15/2024,7250.28,NGN,2450.31,withdrawal,678,8789.2,Default,,Teacher,12583.22,pat.brown@bank.org,Transaction verified by branch new york
CUST-2472,TXN146570,51,F,SAVINGS,CHI,05-25-2022,12/12/2022,10401.83,GBP,3033.9,ATM,719,540.48,ACTIVE,YES,Engineer,14354.61,morgan.moore@outlook.com,Customer flagged for review
CUST-2430,TXN467054,21,Female,Savings,N.Y.,12-Mar-2024,05/08/2024,9999999,usd,1197371.01,withdrawal,697,,closed,yes,enginr,9999999999,mike.taylor@yahoo.com,KYC documents pending
CUST-1238,TXN122525,,F,FD,new york,2021-11-05,09/17/2023,360.95, USD,-98.17,withdrawal,561,46736.02,Active,No,Teacher,5301.7,mike.brown@outlook.com,
cust2845,TXN329502,33,female,Fixed Deposit,N.Y.,13-Nov-2021,2022-06-24,613.68, USD,,Transfer,726,44829.13,Closed,Yes,Lawyer,219.15,lee.taylor@yahoo.com,Auto-debit setup confirmed
CUST-1583,TXN456705,53,Female,Fixed Deposit,CHI,02-13-2020,21/02/2021,117.92,EUR,246.34,withdrawal,611,3419.41,active,yes,Engineer,3576.89,mike.moore@bank.org,
CUST-1335,TXN748522,72,Female,Current,Los Angeles,06/05/19,2020-02-01,23471.92, USD,2781.23,withdrawal,660,6815.32,active,NO,ascountant,,chris.moore@gmail.com,Account dormant >6 months
CUST-2646,TXN358497,44,male,Checking,Chicago,21-Feb-2022,09/26/2023,9229.19,NGN,743.93,DEPOSIT,596,-382.46,DEFAULT,yes,Docter,-50000,chris.anderson@gmail.com,Transaction verified by branch Chicago
CUST-1886,TXN190218,,FEMALE,FD,Chicago,09-07-2021,2022-05-29,1678.7,GBP,283.72,wire transfer,618,2479.89,ACTIVE,yes,Teacher,1047.74,sara.jackson@outlook.com,Transaction verified by branch Chicago
CUST-2666,TXN769277,24,male,CHECKING,CHI,12/15/20,2023-07-27,4368.16,EUR,1398.69,DEPOSIT,609,13165.56,active,NO,teachr,-1548.02,morgan.jones@yahoo.com,
CUST-2693,TXN955096,71,FEMALE,Current,Chicago,06/07/2022,2023-03-09,4295.02,gbp,1370.34,Wire Transfer,650,,Defaulted,yes,teachr,-1204.12,lee.jones@yahoo.com,
CUST-2874,TXN391343,24,MALE,SAVINGS,Los Angeles,21/08/2019,2020-08-24,940.91,gbp,366.14,Wire Transfer,696,10084.13,Closed,yes,,930.01,chris.davis@bank.org,KYC documents pending
cust6549,TXN923556,30,Male,Savings,Los Angeles,2021-04-20,10/30/2021,2135.14,eur,833.27,Withdrawal,596,5414.98,,Yes,accountant,12188.21,lee.jones@outlook.com,Auto-debit setup confirmed
CUST-2224,TXN625923,48,FEMALE,fixed deposit,los angeles,2023-09-29,06/11/2024,1965.95,USD ,659.52,ATM,633,7811.95,ACTIVE,NO,Docter,4641.02,chris.jones@,Loan disbursed to account
cust8864,TXN541713,23,FEMALE,checking,Los Angeles,04-14-2023,29/07/2023,788.38,USD,,withdrawal,748,4284.21,active,yes,enginr,3806.82,mike.moore@gmail.com,Transaction verified by branch Los Angeles
CUST-2933,TXN843708,70,Male,Checking,new york,11-15-2020,2024-01-03,2502.74,NGN,,withdrawal,571,9511.61,ACTIVE,No,teachr,-742.7,lee.wilson@bank.org,Transaction verified by branch new york
CUST-2044,TXN546929,29,FEMALE,Current,Los Angeles,10-01-2021,2024-04-06,2954.45,USD,1309.79,Transfer,,26718.54,Defaulted,YES,Docter,,pat.jones@bank.org,
CUST-1275,TXN414186,28,Male,Savings,Houston,03/26/23,11/27/2023,1145.87,eur,460.33,Deposit,,4579.08,active,,Engineer,-3307.65,morganwilsongmail.com,Custome
CUST-1535,TXN664371,72,male,Checking,CHI,27-Dec-2022,05/25/2024,9056.49,gbp,2354.28,withdrawal,631,-284.53,Default,YES,Docter,3193.88,mike.miller@yahoo.com,Loan disbursed to account
CUST-1922,TXN954175,-1,male,checking,Houston,2020-11-14,2023-03-02,1470.13,GBP,5.76,Wire Transfer,-100,17173.1,closed,NO,Lawyer,-7974.97,taylorwilsongmail.com,KYC documents pending
CUST-2711,TXN736107,0,male,SAVINGS,Houston,02-02-2019,2024-01-21,777.01,eur,-25.52,ATM,,14749.97,Defaulted,NO,enginr,5540.72,jane.anderson@yahoo.com,KYC documents pending
CUST-1474,TXN967977,58,F,checking,New York,26/05/2019,2024-06-27,1013.61,USD ,411.46,Withdrawal,571,7106.34,Default,Yes,,790.69,,
CUST-1992,TXN986572,36,female,SAVINGS,Los Angeles,01/12/21,2021-01-31,6060.56,eur,786.74,DEPOSIT,517,13403.24,ACTIVE,No,Engineer,-8029.93,pat.jackson@bank.org,Transaction verified by branch Los Angeles
CUST-2996,TXN931751,33,F,Fixed Deposit,Chicago,07/07/2018,10/11/2021,745.16,USD,263.39,Withdrawal,692,4370.86,Closed,YES,Teacher,7360.98,alex.brown@bank.org,Account dormant >6 months
CUST-1902,TXN848544,51,MALE,checking,Phoenix,02-07-2023,2023-06-06,13392.47,gbp,2688.45,Withdrawal,706,12448.32,Default,Yes,Accountant,7202.76,pat.wilson@gmail.com,Auto-debit setup confirmed
CUST-1182,TXN519692,35,FEMALE,savings,Los Angeles,08-29-2018,01/27/2024,1213.1,NGN,476.33,Transfer,653,,,NO,accountant,5278.84,taylor.jones@bank.org,
CUST-2185,TXN760650,60,female,FD,CHI,2024-02-16,2024-04-14,401.9,EUR,272.38,Withdrawal,753,107786.64,closed,yes,enginr,-5847.88,lee.davis@gmail.com,KYC documents pending
CUST-1537,TXN659119,42,Male,CHECKING,New York,11/14/19,2019-12-04,2896.07,usd,1376.42,Transfer,,14004.29,Active,YES,enginr,9999999999,taylor.anderson@gmail.com,KYC documents pending
CUST-1652,TXN152364,57,Female,FD,new york,07/01/2023,04/12/2024,3439.28,usd,1006.67,ATM,704,5990.65,active,Yes,LAWYER,5101.32,taylor.jackson@bank.org,Loan disbursed to account
CUST-3091,TXN409162,32,FEMALE,FD,Houston,10/15/23,21/05/2024,269.95, USD,244.5,Wire Transfer,GOOD,2903.43,ACTIVE,no,Teacher,8133.0,alex.jones@gmail.com,Account dormant >6 months
cust9243,TXN196248,43,F,FD,LA,06-17-2021,2021-11-09,356.77,USD,176.01,Withdrawal,730,3480.94,DEFAULT,Yes,Doctor,-7006.66,john.moore@bank.org,Transaction verified by branch LA
CUST-2196,TXN876434,47,MALE,savings,Phoenix,01/16/18,17/08/2023,4166.87,USD ,1515.05,ATM,736,9999.63,Defaulted,No,Doctor,3511.14,alex.davis@gmail.com,Customer flagged for review
CUST-2697,TXN772257,42,male,fixed deposit,New York,N/A,29/10/2022,24049.78, USD,11083.11,DEPOSIT,675,18215.48,closed,no,enginr,30193.57,morgan.taylor@bank.org,
CUST-2419,TXN321398,59,female,FD,Houston,15-Mar-2022,06/07/2022,4720.53,gbp,,atm,664,,Defaulted,NO,Doctor,7066.96,chris.davis@yahoo.com,Customer flagged for review
CUST-2208,TXN961656,38,female,checking,Phoenix,10-Nov-2021,10/03/2022,1236.92,USD ,8.13,atm,577,43674.72,active,No,Docter,5706.06,lee.davis@outlook.com,KYC documents pending
CUST-2667,TXN762688,74,MALE,FD,Houston,2024-03-06,19/05/2024,4714.97,gbp,1896.79,atm,578,,Closed,no,Docter,5474.76,sara.miller@yahoo.com,Auto-debit setup confirmed
CUST-2505,TXN772020,62,F,Savings,New York,18/06/2021,2023-10-03,323.2,NGN,39.31,Wire Transfer,,59399.24,,NO,Teacher,9661.23,johnmooregmail.com,
CUST-3083,TXN970182,50,F,savings,New York,00/13/2019,22/11/2022,1055.64,USD ,55.54,atm,537,7508.27,active,,xngineer,8650.83,pat.jones@outlook.com,Account dormant >6 months
CUST-2351,TXN113655,55,Male,Fixed Deposit,Chicago,02-Apr-2019,28/03/2022,38599.5,usd,12863.16,withdrawal,0,2256.67,Active,NO,Accountant,60114.77,chris.moore@,Loan disbursed to account
CUST-1468,TXN325515,68,F,fixed deposit,Chicago,2018-04-30,01/25/2020,22262.87,GBP,9464.35,wire transfer,659,6904.08,Default,YES,Lawyer,22154.27,alex.moore@bank.org,
CUST-1550,TXN636838,32,male,Fixed Deposit,New York,01-22-2019,14/06/2022,108.01,usd,326.24,wire transfer,536,6206.47,Default,No,Teacher,-2107.42,lee.taylor@outlook.com,Transaction verified by branch New York
CUST-1377,TXN283120,27,M,Checking,,2020-04-15,2022-05-19,321.39,USD,-455.35,Deposit,724,2065.49,Default,Yes,Doctor,-559.65,mikejacksongmail.com,KYC documents pending
CUST-2718,TXN535714,46,F,CHECKING,new york,10/01/2021,19/01/2024,5117.08,usd,1111.87,Withdrawal,569,3445.78,closed,no,accountant,-50000,pat.anderson@yahoo.com,Loan disbursed to account
CUST-2352,TXN611290,74,MALE,fixed deposit,Houston,2018-07-09,29/11/2022,401.48,EUR,403.26,Wire Transfer,773,,Active,yes,Doctor,6891.32,mike.moore@bank.org,Account dormant >6 months
CUST-1671,TXN948190,46,M,Current,Chicago,08/12/2018,04/09/2021,292.09,NGN,-10.34,Withdrawal,627,6271.81,Active,NO,Engineer,-752.17,jane.miller@outlook.com,Transaction verified by branch Chicago
cust5563,TXN639911,75,MALE,SAVINGS,Houston,01/01/20,13/11/2023,3118.31,eur,311.59,Deposit,1200,19466.6,ACTIVE,Yes,Engineer,-6420.62,john.wilson@gmail.com,Loan disbursed to account
CUST-2806,TXN907394,53,female,Fixed Deposit,New York,27/06/2023,29/02/2024,119349.09,GBP,12076.39,Deposit,unknown,3414.26,Active,YES,Doctor,236103.12,morgan.taylor@outlook.com,Auto-debit setup confirmed
CUST-2456,TXN413432,22,female,checking,Los Angeles,16-Mar-2018,2024-06-15,3481.81, USD,476.53,ATM,629,,closed,yes,teachr,4643.51,john.brown@yahoo.com,KYC documents pending
CUST-1971,TXN864761,67,,Fixed Deposit,CHI,01-16-2020,2020-11-13,22773.65,eur,2756.98,withdrawal,690,1697.59,closed,YES,teachr,4440.87,,Account dormant >6 months
CUST-1814,TXN233760,36,Male,SAVINGS,Houston,11-17-2019,2023-04-03,13839.69,USD,3150.32,DEPOSIT,543,5367.82,active,no,teachr,13869.53,chris.moore@,
CUST-2256,TXN374458,67,Female,FD,LA,24/07/2019,06/06/2022,1385.08,EUR,-107.12,Withdrawal,636,,Active,Yes,Accountant,3783.45,sara.moore@yahoo.com,KYC documents pending
CUST-3173,TXN182156,75,F,Current,Los Angeles,04/04/2024,2024-05-04,13118.68,NGN,3664.41,wire transfer,723,5940.83,ACTIVE,YES,Docter,1197.25,jane.brown@yahoo.com,Account dormant >6 months
CUST-3068,TXN464765,57,F,checking,LA,11-09-2021,2023-06-13,893.23,GBP,391.02,wire transfer,761,12965.06,closed,YES,accountant,2229.55,lee.jones@bank.org,Loan disbursed to account
CUST--3727,TXN857079,50,F,Checking,N.Y.,23-Jul-2022,2023-12-13,1199.55,GBP,223.18,atm,,4916.1,Defaulted,Yes,accountant,-1929.22,morgan.jackson@gmail.com,KYC documents pending
CUST-2813,TXN585413,21,FEMALE,Checking,Los Angeles,06-19-2021,08/01/2024,2003.0,GBP,217.78,Deposit,865,10322.39,Closed,YES,enginr,-1705.92,chris.jackson@yahoo.com,KYC documents pending
CUST-1727,TXN381469,58,Female,savings,los angeles,11-Apr-2019,2020-04-18,1800.14,usd,949.89,Deposit,745,2055.61,active,YES,Accountant,-1358.6,chris.jackson@bank.org,Customer flagged for review
CUST-1528,TXN214705,29,FEMALE,checking,Houston,02-05-2023,2024-02-09,1517.34,usd,295.49,withdrawal,698,1912.46,Active,No,Accountant,-10239.65,lee.anderson@gmail.com,Transaction verified by branch Houston
CUST-2343,TXN665708,73,Male,Savings,Phoenix,02/28/23,08/06/2023,10870.58, USD,1833.8,withdrawal,715,18348.56,Defaulted,yes,accountant,9986.61,mike.taylor@outlook.com,Loan d
CUST-2132,TXN418411,64,F,Fixed Deposit,Houston,06/01/18,02/09/2019,8958.17,eur,3331.49,ATM,630,8748.25,,YES,teachr,3214.96,jane.miller@yahoo.com,
CUST-1820,TXN496888,48,male,SAVINGS,LA,26/07/2023,05/11/2023,1335.45,USD ,694.79,Wire Transfer,804,18315.46,Defaulted,YES,teachr,1997.17,lee.davis@yahoo.com,Account dormant >6 months
CUST-1444,TXN389733,,Male,Savings,New York,11/07/19,15/09/2023,1719.46,usd,692.32,Deposit,576,40756.71,closed,YES,Accountant,659.1,lee.davis@gmail.com,KYC documents pending
CUST-2904,TXN291844,31,Male,Current,Los Angeles,03-17-2022,2023-01-04,20007.92,USD,517.51,Transfer,673,9540.82,ACTIVE,no,Teacher,36571.95,sara.anderson@outlook.com,Loan disbursed to account
CUST-3119,TXN260710,25,M,Checking,new york,12-25-2018,2021-12-17,12897.13,eur,4693.82,withdrawal,633,,Closed,no,,22024.37,pat.anderson@yahoo.com,KYC documents pending
CUST-2706,TXN367088,22,MALE,Fixed Deposit,New York,05/02/18,08/29/2023,1517.31,usd,62.94,ATM,745,2120.72,Closed,yes,,347.2,mike.taylor@bank.org,Auto-debit setup confirmed
CUST-1525,TXN109771,26,Female,Savings,,2020-03-19,08/09/2022,4438.37,usd,858.16,Deposit,454,7084.9,closed,No,enginr,15313.18,morgan.davis@gmail.com,Auto-debit se
cust4112,TXN670409,66,M,CHECKING,Los Angeles,2020-01-25,06/28/2020,109.08,eur,310.8,Withdrawal,,2970.72,active,yes,Docter,-1489.56,jane.taylor@bank.org,Customer flagged for review
CUST-1151,TXN831758,69,M,Checking,N.Y.,02/26/20,2022-02-20,449.74,usd,277.55,DEPOSIT,819,22753.3,Active,YES,Engineer,-6968.86,jane.anderson@bank.org,Customer flagged for review
CUST-2656,TXN384645,27,MALE,CHECKING,Chicago,01/19/22,03/10/2024,37035.09,eur,1859.77,Transfer,803,1762.39,Default,Yes,accountant,52820.53,chris.jones@outlook.com,Customer flagged for review
CUST-2073,TXN151628,67,Female,fixed deposit,N.Y.,17-Jun-2020,06/06/2024,6483.35,USD ,2715.72,Withdrawal,625,7473.23,DEFAULT,Yes,Accountant,-8002.55,morgan.wilson@yahoo.com,
CUST-3074,TXN648376,39,female,CHECKING,Chicago,06-21-2024,25/06/2024,9874.91,USD,3483.56,withdrawal,625,28348.98,DEFAULT,yes,Accountant,15339.87,mike.taylor@outlook.com,Loan 
CUST-2925,TXN159638,26,Female,Current,los angeles,12-18-2023,02/14/2024,4646.64,NGN,88.88,withdrawal,615,1545.12,Defaulted,YES,gocter,5230.1,sara.taylor@outlook.com,
cust7582,TXN506872,72,Male,Savings,los angeles,17-Jun-2020,10/07/2023,2033.61, USD,225.4,atm,676,8829.85,Active,yes,teachr,-7964.07,sara.miller@bank.org,Customer flagged for review
CUST--4789,TXN841339,36,MALE,SAVINGS,,28/01/2020,2022-10-01,1826.36,USD ,594.69,withdrawal,525,1991.1,Closed,NO,Doctor,176.93,,Customer flagged for review
CUST-1979,TXN871691,75,FEMALE,Savings,los angeles,2019-05-11,2024-02-04,-99999,gbp,-10352.75,Transfer,608,2082.71,Defaulted,No,Doctor,-36910.31,alex.brown@yahoo.com,Account dor
CUST-2859,TXN392024,63,FEMALE,FD,Phoenix,23-Sep-2019,09/22/2023,19920.32,EUR,,DEPOSIT,701,44250.58,Active,,teachr,35681.44,,Customer flagged for review
CUST-2998,TXN193974,64,female,fixed deposit,LA,2023-03-26,04/06/2023,2246.45,NGN,744.23,atm,,,DEFAULT,YES,teachr,1838.74,alex.miller@gmail.com,Auto-debit setup confirmed
CUST-2645,TXN450468,64,FEMALE,FD,,29/10/2023,2023-11-13,72173.94,usd,904.21,wire transfer,635,45510.29,Defaulted,yes,LAWYER,121042.18,,
CUST-2259,TXN535907,66,Female,SAVINGS,Los Angeles,01/01/2022,31/05/2023,5167.9, USD,1656.81,wire transfer,719,,Active,YES,accountant,8670.52,pat.moore@outlook.com,Loan disbursed to account
CUST-2150,TXN161400,60,female,checking,Los Angeles,02/11/2022,09/13/2023,943.6,NGN,348.28,Wire Transfer,732,,Defaulted,YES,LAWYER,,sarawilsongmail.com,
CUST-1961,TXN604752,43,MALE,Fixed Deposit,Phoenix,05-Jan-2019,04/04/2024,837.53,GBP,65.07,DEPOSIT,611,11608.3,closed,no,Docter,9999999999,jane.smith@yahoo.com,KYC documents pending
CUST-2551,TXN529396,50,F,Current,New York,20/01/2023,2024-01-18,1602.24,USD ,316.72,Withdrawal,528,17997.27,ACTIVE,No,Accountant,-885.39,chris.jackson@bank.org,
CUST-2522,TXN675823,47,F,CHECKING,CHI,2021-02-11,17/11/2023,326.44,usd,250.64,wire transfer,654,,Closed,No,Lawper,-1988.18,john.anderson@gmail.com,Transaction verified by branch CHI
CUST-2153,TXN216616,33,female,Current,Chicago,19/07/2020,2021-04-28,362.72,GBP,-500,Withdrawal,639,13620.87,DEFAULT,No,enginr,8557.73,lee.smith@gmail.com,
CUST-3127,TXN938172,73,female,SAVINGS,N.Y.,2022-03-22,06/24/2023,4343.46,EUR,423.65,Deposit,704,4276.14,Closed,No,Docter,5144.5,alex.jackson@gmail.com,
CUST-1445,TXN591650,45,Male,Savings,Phoenix,2022-03-28,2022-06-26,18503.92,EUR,4163.07,DEPOSIT,729,5262.6,Active,YES,,20364.26,taylor.jackson@gmail.com,Auto-debit setup confirmed
CUST-2097,TXN747216,49,F,FD,Houston,11-Nov-2023,05/13/2024,1118.21,eur,218.12,Deposit,656,,DEFAULT,Yes,Doctor,1360.01,pat.wilson@gmail.com,KYC documents pending
CUST-2356,TXN755303,55,MALE,savings,los angeles,,21/06/2023,4228.34,usd,1583.08,Wire Transfer,602,10204.77,Default,YES,Docter,-2323.88,sara.wilson@gmail.com,
CUST-1795,TXN953217,61,female,SAVINGS,,28-Jul-2020,06/28/2024,2654.03,USD,547.05,DEPOSIT,766,49374.86,active,YES,LAWYER,-5960.63,jane.brown@gmail.com,Loan disbursed to account
CUST-2571,TXN193277,74,F,checking,New York,2021-10-19,2024-05-27,1191.82,USD ,-21.6,Withdrawal,758,323.43,DEFAULT,YES,Teacher,3683.37,pat.miller@yahoo.com,Account dormant >6 months
CUST-1292,TXN994781,42,Male,fixed deposit,N.Y.,09-May-2022,05/17/2023,110.14,NGN,121.57,wire transfer,1200,4904.68,DEFAULT,YES,Engineer,-5050.0,taylor.taylor@outlook.com,
CUST-1388,TXN551266,49,male,SAVINGS,new york,2018-12-01,06/11/2019,619.95,USD,131.5,Transfer,,-95.76,closed,No,teachr,7033.62,taylor.miller@yahoo.com,
CUST-2120,TXN886887,40,M,Checking,Chicago,30-Jul-2022,05/20/2024,9748.61,EUR,3821.32,withdrawal,676,2019.69,closed,,enginr,18159.39,alex.wilson@yahoo.com,Account dormant >6 months
CUST-2707,TXN299254,60,Male,Current,N.Y.,07/08/2019,01/02/2024,3701.39,NGN,44.95,atm,583,4105.62,active,No,Teacher,1940.16,john.brown@gmail.com,
CUST-1225,TXN537503,73,,Savings,Chicago,17-Jun-2023,25/08/2023,28115.22,gbp,12722.43,wire transfer,645,10721.1,active,NO,Lawyer,,john.jackson@bank.org,Customer flagged for review
CUST-1464,TXN650004,69,,fixed deposit,Phoenix,06/09/2019,30/12/2023,6817.36,eur,1356.08,Withdrawal,785,4347.48,,Yes,LAWYER,13335.06,morgan.moore@bank.org,
CUST-2453,TXN958351,23,F,checking,los angeles,05-24-2023,2023-07-13,411.03,NGN,521.12,withdrawal,612,9497.24,Closed,Yes,Lawker,6258.15,lee.anderson@gmail.com,Account dormant >6 months
CUST-2085,TXN459505,70,MALE,Savings,los angeles,25/09/2023,01/30/2024,4616.28,USD ,1623.5,withdrawal,571,127416.66,,NO,,7184.76,pat.miller@gmail.com,
CUST-1976,TXN800325,35,MALE,SAVINGS,,16/06/2018,10/30/2020,850.57, USD,9999999,atm,763,7393.04,closed,YES,teacqr,,taylor.anderson@bank.org,Customer flagged for review
CUST-2202,TXN724280,24,F,savings,Phoenix,10/18/18,2020-07-11,7485.0,GBP,536.88,Transfer,663,25906.77,active,NO,enginr,76.37,pat.jones@gmail.com,
CUST-2747,TXN430411,59,F,SAVINGS,Chicago,10-11-2020,12/08/2022,34837.19, USD,15277.29,atm,593,,Default,no,Accountant,60090.95,pat.anderson@outlook.com,Customer flagged for review
cust1061,TXN940417,27,M,FD,Phoenix,2020-11-21,16/10/2022,6706.85,USD ,2269.86,Deposit,619,-642.79,Default,NO,Accountant,6736.08,mike.wilson@yahoo.com,Account dormant >6 months
CUST-1398,TXN924786,56,,fixed deposit,LA,2022-02-04,11/17/2022,7183.53,USD,,DEPOSIT,651,11035.06,DEFAULT,Yes,accountana,16407.25,alex.moore@bank.org,Account dormant >6 months
CUST-1627,TXN626597,39,female,Savings,new york,07-20-2019,31/01/2020,57.19,NGN,-0.01,Withdrawal,650,,Defaulted,YES,Teacher,4734.88,taylor.brown@outlook.com,Transaction verified by branch new york
CUST-2642,TXN124740,30,FEMALE,Savings,los angeles,02/10/2023,2024-03-30,1289.24,NGN,251.38,Withdrawal,622,4326.78,DEFAULT,NO,Docter,6983.95,alex.davis@bank.org,Loan disbursed to account
CUST-2159,TXN538712,54,FEMALE,CHECKING,Chicago,2019-03-14,19/07/2021,6664.97,USD ,1707.52,Deposit,617,20089.7,active,,engimr,10784.03,morgan.anderson@yahoo.com,KYC documents pending
CUST-2958,TXN405054,21,female,checking,new york,2020-10-26,22/02/2023,3200.13,usd,324.71,Deposit,615,23663.29,DEFAULT,Yes,accountant,3194.96,mike.jackson@outlook.com,
CUST-1688,TXN945689,,male,FD,new york,29-Jun-2023,2024-01-07,2109.51,GBP,,DEPOSIT,665,4763.73,ACTIVE,no,Lawyer,3592.1,lee.moore@gmail.com,Loan disbursed to account
CUST-1599,TXN500699,45,F,SAVINGS,new york,06-26-2019,07/18/2020,2113.11,EUR,33.83,Deposit,527,13551.53,DEFAULT,,Doctor,6091.03,alex.wilson@yahoo.com,
CUST-2161,TXN589457,56,F,Fixed Deposit,Phoenix,17/06/2022,07/23/2023,830.2, USD,198.74,atm,607,-650.28,Default,no,Teacher,-3716.65,john.moore@outlook.com,
CUST-1806,TXN524213,21,,savings,Los Angeles,07-20-2018,08/13/2018,5582.03,EUR,2275.6,Deposit,735,10431.33,Closed,Yes,LAWYER,11098.8,chrissmithgmail.com,Account dormant >6 months
CUST--9722,TXN220466,46,FEMALE,Checking,Los Angeles,01/17/18,2021-03-09,5277.67,EUR,1981.43,Wire Transfer,671,4234.42,Closed,No,Teacher,10550.27,,
CUST-2303,TXN422678,,FEMALE,checking,Houston,22/07/2021,2022-01-17,495.3,gbp,-288.97,wire transfer,480,16663.85,Closed,No,enginr,-1788.8,taylor.jones@outlook.com,Transaction verified by branch Houston
CUST-1746,TXN797628,25,FEMALE,SAVINGS,LA,2022-01-26,04/07/2022,1995.28,usd,707.78,Transfer,0,965.62,Closed,NO,Lawyer,2696.54,pat.jackson@outlook.com,Customer flagged for review
CUST--3805,TXN778096,73,M,checking,new york,2023-09-03,09/03/2023,3375.03,GBP,862.99,Deposit,459,17071.25,ACTIVE,NO,Accountant,5138.61,mike.smith@yahoo.com,
CUST-1833,TXN624051,29,F,Fixed Deposit,N.Y.,09/15/18,01/27/2021,2515.7,USD ,693.15,ATM,668,3801.82,Active,YES,Accountant,-8138.95,patdavisgmail.com,Loan disbursed to account
CUST-2900,TXN133484,41,Female,Savings,New York,09/25/21,10/12/2023,4067.2,usd,498.22,DEPOSIT,768,1840.15,,yes,enginr,1353.12,morgan.taylor@bank.org,Customer flagged for review
CUST-2249,TXN737545,23,MALE,checking,New York,2019-10-03,21/05/2024,3051.91,USD,1218.14,Transfer,731,41920.97,active,YES,LAWYER,5374.99,chris.brown@bank.org,Account dormant >6 months
CUST-2075,TXN103230,72,F,SAVINGS,Los Angeles,30/05/2021,2024-01-19,2766.06,NGN,-123.55,wire transfer,687,10839.45,Default,NO,teachr,7473.11,chris.miller@outlook.com,
CUST-2184,TXN623783,20,Male,checking,LA,28-Jan-2018,02/18/2020,5575.84,EUR,682.54,Deposit,584,24151.62,closed,Yes,Teacher,5567.9,mike.taylor@gmail.com,KYC documents pending
CUST-1484,TXN942613,25,M,savings,New York,2023-05-11,11/22/2023,246.23,usd,218.46,Deposit,740,2721.76,Defaulted,YES,Doctor,-1956.84,john.smith@outlook.com,KYC documents pending
CUST-1261,TXN831396,28,F,Fixed Deposit,Houston,10/21/21,10/23/2023,10413.76,EUR,2187.94,Wire Transfer,644,1539.23,Closed,Yes,teachr,10647.89,john.smith@yahoo.com,Transaction verified by branch Houston
CUST-2481,TXN961866,52,female,savings,los angeles,04/18/20,02/07/2023,365.21,USD,27.02,withdrawal,556,,active,no,accountant,664.01,alex.davis@outlook.com,Transaction verified by branch los angeles
CUST-2736,TXN798277,23,,Fixed Deposit,CHI,2018-10-09,10/02/2020,28090.52,eur,6548.06,withdrawal,492,10807.85,Active,No,Lawyer,,morgan.jackson@bank.org,Loan disbursed to account
CUST-1589,TXN505132,59,F,CHECKING,N.Y.,01/08/2018,05/31/2021,6327.59,NGN,2314.65,Deposit,765,5654.64,Default,yes,,4585.33,lee.brown@bank.org,KYC documents pending
CUST-2110,TXN701070,54,Female,Current,N.Y.,23-May-2018,13/06/2023,638.36, USD,7.35,withdrawal,701,20501.34,Default,NO,Teacher,-1295.94,mike.taylor@gmail.com,KYC documents pending
CUST-1577,TXN391352,18,male,fixed deposit,Houston,11/01/21,02/09/2022,5610.41,gbp,2156.48,Wire Transfer,600,4636.42,closed,NO,Accountant,-3575.34,jane.taylor@gmail.com,Auto-debit setup confirmed
CUST--2702,TXN455950,53,F,savings,Phoenix,04/16/21,2022-11-21,5700.59,USD,2465.98,Deposit,727,21889.93,,no,Teacher,13018.99,john.anderson@gmail.com,Customer flagged for review
CUST-1541,TXN982584,63,Female,FD,new york,11-Dec-2018,29/10/2020,3816.7,USD,1169.12,ATM,663,10341.84,Default,NO,Accountant,2341.51,,Loan disbursed to account
CUST-1731,TXN864648,57,Female,Fixed Deposit,Los Angeles,2023-07-30,2023-09-30,3064.39,GBP,848.89,withdrawal,,2277.13,Closed,NO,Docter,9435.93,jane.miller@outlook.com,
CUST-3047,TXN999867,54,female,savings,N.Y.,05/18/22,10/05/2023,2804.81,usd,813.68,Deposit,670,,Closed,yes,Teacher,-3905.33,taylor.miller@gmail.com,Account dormant >6 months
CUST-2814,TXN737325,42,Female,Current,Phoenix,25/06/2020,20/09/2021,10893.11,GBP,-0.01,Transfer,,,Defaulted,NO,LAWYER,12831.58,morgan.moore@outlook.com,Auto-debit setup confirmed
CUST-1739,TXN249961,64,F,Savings,Houston,24/02/2021,07/16/2021,997.84, USD,234.84,Wire Transfer,546,,Active,NO,Engineer,4247.55,jane.davis@yahoo.com,Loan disbursed to account
CUST-2772,TXN905235,56,FEMALE,savings,Phoenix,03/04/23,09/26/2023,164.33,EUR,-306.33,Transfer,548,3331.37,ACTIVE,no,enginr,-590.35,mike.anderson@bank.org,Account dormant >6 months
CUST-2334,TXN110557,,F,checking,CHI,2018-10-04,16/09/2019,666.83,USD,321.82,ATM,719,9618.75,Closed,no,,6159.19,morgan.brown@gmail.com,Transaction verified by branch CHI
CUST-1823,TXN943258,61,female,checking,N.Y.,06-Mar-2023,01/11/2023,6312.96,GBP,23.62,withdrawal,747,3371.88,DEFAULT,,enginr,14853.09,lee.smith@bank.org,
CUST-2976,TXN588912,63,male,Current,Houston,2020-01-08,11/04/2021,6701.1,EUR,1765.28,Withdrawal,624,,Defaulted,Yes,LAWYER,14407.92,lee.anderson@bank.org,KYC documents pending
CUST-1593,TXN691056,18,MALE,Fixed Deposit,CHI,12-26-2019,02/05/2022,315.83,NGN,-12.75,atm,643,1901.42,DEFAULT,Yes,hocter,-4233.61,alex.jackson@yahoo.com,Loan disbursed to account
CUST-2948,TXN807893,,MALE,SAVINGS,LA,31/02/2020,03/01/2018,10159.87,GBP,2550.26,Transfer,674,7698.37,Default,No,enginr,15137.51,chris.miller@bank.org,
CUST-1218,TXN984274,36,Female,checking,new york,11-19-2023,23/04/2024,10343.45, USD,2112.55,withdrawal,668,17515.92,Default,YES,teachr,818.01,jane.smith@yahoo.com,
CUST-2794,TXN665206,59,F,FD,Phoenix,08/02/22,03/22/2024,27673.1,GBP,869.33,Withdrawal,632,2137.35,closed,yes,Docter,14448.05,morgan.taylor@yahoo.com,Loan disbursed to account
CUST-2452,TXN454683,33,Male,CHECKING,Chicago,10/31/18,10/25/2022,27246.18,NGN,10885.32,atm,,29403.34,active,Yes,enginr,34159.4,chris.taylor@,
CUST-3190,TXN933756,37,female,SAVINGS,Phoenix,23-Jan-2023,05/20/2024,14523.76,usd,1230.95,DEPOSIT,,13393.79,DEFAULT,YES,Doctor,29991.76,lee.jones@bank.org,
CUST-2190,TXN350843,25,Female,checking,CHI,02/04/2019,01/16/2020,5913.73,USD,9999999,withdrawal,530,,active,No,,17511.06,lee.jackson@gmail.com,Loan disbursed to account
CUST-1989,TXN754358,72,female,Checking,new york,11/11/23,06/14/2024,1799.33,usd,656.49,Withdrawal,641,,Default,yes,LAWYER,-3569.68,sara.taylor@outlook.com,Transaction verified by branch new york
CUST-2518,TXN504198,54,M,fixed deposit,N.Y.,31-Jan-2022,29/04/2022,3946.11,GBP,9999999,ATM,646,3909.02,,yes,Docter,4768.8,john.moore@outlook.com,
CUST-1514,TXN752669,63,MALE,Savings,CHI,15-Jun-2024,26/06/2024,267.38,eur,-37.22,DEPOSIT,588,3165.6,active,,enginr,4582.91,chris.wilson@gmail.com,Transaction verified by branch CHI
CUST-2498,TXN783024,45,Male,FD,CHI,16/08/2020,08/13/2022,2001.42,USD,426.57,withdrawal,n/a,21513.4,Active,No,Accountant,-1720.11,mike.taylor@bank.org,Customer flagged for review
CUST-1870,TXN884813,63,FEMALE,Checking,Chicago,01/03/2020,10/11/2021,6515.37,NGN,469.4,Transfer,663,2995.46,Defaulted,no,teachr,9536.35,john.davis@outlook.com,Auto-debit setup confirmed
CUST-1904,TXN228992,44,FEMALE,savings,Phoenix,03-26-2021,2024-01-16,1838.96,USD ,574.72,atm,537,14558.12,,No,Doctor,-370.31,sara.smith@yahoo.com,Loan disbursed to account
CUST-3125,TXN955272,20,FEMALE,Fixed Deposit,LA,2019-02-07,2023-01-05,17203.54,eur,4358.63,wire transfer,552,2678.81,DEFAULT,NO,Accountant,25970.88,sara.miller@gmail.com,Loan disbursed to account
CUST-2048,TXN811098,45,Female,checking,Phoenix,23-Oct-2022,25/11/2023,12163.76,USD ,5427.0,Deposit,754,2718.56,closed,,accountant,22541.55,leebrowngmail.com,Loan disbursed to account
CUST-2938,TXN466112,24,M,SAVINGS,LA,17/12/2019,07/11/2020,7818.78,USD ,3542.57,Deposit,625,2968.06,active,No,Lawyer,10204.96,morgan.jackson@bank.org,
CUST-2375,TXN604403,42,M,Fixed Deposit,,05/01/2022,08/05/2024,593.14,eur,117.24,DEPOSIT,,537.75,ACTIVE,YES,Eniineer,-447.81,mike.anderson@bank.org,
CUST-1672,TXN777591,69,FEMALE,Savings,Houston,2021-06-22,06/05/2022,2717.19,gbp,651.1,Deposit,719,4231.17,DEFAULT,Yes,Teacher,-4994.58,morgan.brown@outlook.com,Loan disbursed to account
CUST-2729,TXN327709,28,FEMALE,Current,N.Y.,05/21/23,28/01/2024,15818.75,eur,,Wire Transfer,656,6134.15,Active,yes,LAWYER,26076.52,sara.moore@outlook.com,Auto-
CUST-2700,TXN893490,21,M,fixed deposit,New York,30/01/2018,10/16/2020,26951.0, USD,1315.93,withdrawal,857,1445.11,DEFAULT,yes,enginr,18701.05,taylor.miller@yahoo.com,Auto-debit setup confirmed
CUST-2549,TXN985975,45,Male,CHECKING,new york,16/04/2020,10/24/2022,1342.36,EUR,192.71,wire transfer,571,40350.37,,YES,LAWYER,,jane.miller@yahoo.com,
CUST-1772,TXN766543,33,F,savings,los angeles,08-23-2022,2023-12-03,3193.92,usd,15.56,DEPOSIT,,15762.94,Active,yes,Accountant,12843.4,pat.miller@gmail.com,Auto-debit setup confirmed
CUST-1499,TXN691995,,Male,CHECKING,new york,2023-07-14,06/19/2024,4731.87,GBP,162.21,atm,671,-671.79,ACTIVE,yes,,2687.58,alex.jones@gmail.com,Auto-debit setup confirmed
CUST-1651,TXN849933,25,M,CHECKING,Los Angeles,2020-05-31,28/01/2024,1328.41,eur,-117.0,atm,492,,Active,No,Accountant,-6276.08,sara.miller@gmail.com,Loan disbursed to account
CUST-2298,TXN647536,71,female,fixed deposit,los angeles,03/31/22,2022-08-16,3882.47,usd,1397.95,Transfer,628,8380.97,Defaulted,yes,Accountant,6448.96,chris.jackson@bank.org,Transaction verifie
CUST-1420,TXN103322,37,MALE,SAVINGS,Los Angeles,01-Aug-2022,08/29/2023,798.73,USD,-51.04,ATM,631,-492.95,Defaulted,no,Doctor,3146.52,chris.miller@outlook.com,
CUST-1569,TXN770555,60,FEMALE,Current,New York,13-Apr-2021,2023-05-10,8259.01,USD ,1.27,Withdrawal,,15777.06,ACTIVE,YES,teachr,9256.18,morgan.smith@outlook.com,KYC documents pending
CUST-1329,TXN116349,31,,checking,New York,03/01/2018,2021-12-07,6269.94, USD,2455.01,Withdrawal,679,89627.33,ACTIVE,yes,Docter,4377.64,alex.brown@outlook.com,Auto-debit setup confirmed
CUST-2495,TXN573863,70,Male,FD,los angeles,2020-01-01,2021-06-19,1160.01,GBP,536.66,wire transfer,652,882.19,,Yes,enginr,-5191.26,alex.anderson@outlook.com,Loan disbursed to account
CUST-2461,TXN263837,28,MALE,checking,Chicago,2018-02-04,10/04/2023,915.29,USD ,223.32,atm,704,21215.83,Closed,Yes,Docter,-4865.43,jane.anderson@gmail.com,Auto-debit setup confirmed
CUST-2491,TXN413460,60,Female,FD,new york,19-Jul-2020,2021-09-07,11399.78,NGN,1552.19,wire transfer,628,11681.48,Default,YES,Teacher,-1634.21,,Loan disbursed to account
CUST-1179,TXN704272,49,Female,Current,LA,,08/20/2023,4977.26,USD,2270.85,Deposit,726,4550.97,Default,yes,Engineer,2047.19,mike.miller@yahoo.com,
CUST-1633,TXN304144,35,F,Current,los angeles,2020-04-20,2020-11-11,1166.17, USD,-100.59,Withdrawal,633,3640.81,Closed,yes,accountant,-50000,mike.smith@bank.org,Customer flagged for review
CUST-2832,TXN467423,69,M,checking,N.Y.,08/08/19,08/22/2019,7615.78,gbp,671.31,wire transfer,758,761.39,closed,YES,enginr,14832.39,morgan.taylor@gmail.com,Transaction verified by branch N.Y.
CUST-1557,TXN960251,61,FEMALE,fixed deposit,N.Y.,22-Jun-2024,2024-06-22,-1,eur,419.45,atm,630,,ACTIVE,Yes,Lawyer,-3239.51,taylor.anderson@outlook.com,KYC documents pending
CUST-1390,TXN396287,46,male,Current,LA,04-Dec-2018,2019-07-05,1837.17,gbp,861.48,Deposit,,14132.47,Default,,Accountant,5403.3,pat.anderson@outlook.com,Transaction verified by branch LA
CUST-2749,TXN432660,64,,Current,Houston,31/12/2021,10/03/2024,2301.78,EUR,568.89,atm,752,14335.4,ACTIVE,,Engineer,0,pat.anderson@bank.org,
CUST-1470,TXN736045,61,FEMALE,SAVINGS,new york,01-03-2022,2023-07-04,3077.79,USD,830.47,wire transfer,645,,Closed,No,accountant,0,taylor.brown@outlook.com,Customer flagged for review
CUST-1365,TXN519487,52,FEMALE,Checking,LA,09-Sep-2022,21/06/2024,569.61,NGN,-284.39,wire transfer,681,98027.13,Closed,YES,Docter,296.8,sara.brown@yahoo.com,KYC documents pending
CUST-3003,TXN410563,40,female,CHECKING,Los Angeles,10/13/19,05/16/2021,5298.52,eur,997.48,wire transfer,756,1516.89,Defaulted,Yes,Doctor,-332.89,taylor.taylor@bank.org,Customer flagged for review
CUST-1264,TXN967176,51,M,Fixed Deposit,Houston,2022-12-17,04/02/2024,1374.62,usd,258.27,Transfer,613,5247.48,closed,Yes,LAWYER,564.27,jane.smith@outlook.com,Customer flagged for review
CUST-2592,TXN509821,18,Female,FD,Chicago,15-Jul-2021,04/07/2023,668.21, USD,464.06,ATM,614,3450.16,Default,yes,Engineer,-2628.89,taylor.davis@bank.org,
CUST-3112,TXN356566,,Male,Checking,LA,12-21-2021,20/10/2022,2167.48,EUR,750.05,atm,776,12088.34,Defaulted,Yes,Doctor,2364.37,alex.moore@outlook.com,Customer flagged for review
CUST-1573,TXN181193,,Female,Savings,Houston,26-Nov-2018,26/05/2021,6527.45,USD,1080.36,Transfer,762,15528.78,Closed,YES,teachr,434.27,john.moore@gmail.com,Account dormant >6 months
CUST-1975,TXN144136,71,,FD,CHI,11/05/2023,02/27/2024,4088.78,gbp,1664.83,Wire Transfer,562,10237.86,Active,YES,LAWYER,7548.97,morgan.jones@yahoo.com,Customer flagged for review
CUST-1297,TXN490219,59,M,savings,new york,12-Nov-2022,23/07/2023,5914.31, USD,1762.28,Withdrawal,685,15409.24,Active,No,Doctor,17222.74,lee.jones@outlook.com,Customer flagged for review
CUST-1285,TXN860541,46,female,CHECKING,New York,2022-08-27,04/18/2023,875.33,GBP,105.68,DEPOSIT,618,8339.39,Default,yes,Lgwyer,7471.58,sara.wilson@bank.org,Loan disbursed to account
CUST-2602,TXN796796,44,FEMALE,Current,Phoenix,12/09/2023,15/10/2023,10885.16,NGN,3381.03,Transfer,413,4265.32,,No,accountant,1062.09,chris.taylor@yahoo.com,KYC documents pending
CUST-1521,TXN649999,53,female,CHECKING,Phoenix,11-16-2022,2023-10-20,868.15,EUR,363.65,Withdrawal,650,8028.07,active,YES,Accountant,-78.92,alex.smith@yahoo.com,Transaction verified by branch Phoenix
CUST-1356,TXN190277,47,Female,Checking,Chicago,03-24-2018,08/30/2020,1125.61,usd,286.71,DEPOSIT,652,3751.93,ACTIVE,Yes,Accountant,2841.42,lee.miller@bank.org,Auto-debit set
CUST-1235,TXN538539,39,male,fixed deposit,Chicago,03-14-2024,2024-05-19,2400.56,GBP,893.8,wire transfer,606,7841.98,Default,no,Engineer,-259.7,jane.taylor@gmail.com,
CUST-3009,TXN919151,70,female,SAVINGS,los angeles,06/25/21,2024-05-10,1576.72,eur,326.54,atm,612,5960.75,Active,no,accountant,6249.22,taylor.jones@yahoo.com,Transaction verified by branch los angeles
CUST-2629,TXN980862,150,Male,fixed deposit,Los Angeles,06-Feb-2019,21/09/2021,2055.31,USD ,786.19,Withdrawal,-100,8018.73,Defaulted,no,LAWYER,0,mike.brown@bank.org,Customer flagged for review
CUST-2757,TXN695006,53,F,SAVINGS,,04-Jan-2018,09/29/2018,87645.64,USD ,38605.36,DEPOSIT,,1916.18,Default,yes,accountant,125071.5,lee.davis@bank.org,Loan di
CUST-2497,TXN381147,21,female,Savings,los angeles,22/04/2019,21/05/2019,2330.35,GBP,651.24,wire transfer,950,8174.61,,yes,Engineer,4887.49,pat.jones@outlook.com,Account dormant >6 months
CUST-1966,TXN666065,43,female,CHECKING,N.Y.,2018-02-19,10/05/2019,6254.75, USD,2016.12,ATM,581,2627.92,Defaulted,NO,enginr,5318.08,taylor.moore@bank.org,Auto-debit setup confirmed
CUST-2746,TXN530718,50,MALE,SAVINGS,N.Y.,20/09/2021,05/08/2023,1757.89,GBP,,atm,n/a,,ACTIVE,,teachr,2008.81,sara.taylor@outlook.com,KYC documents pending
CUST-3097,TXN388811,49,M,fixed deposit,CHI,16/03/2020,03/18/2020,7191.01,USD,1769.78,Deposit,,3608.46,Default,YES,LAWYER,16179.83,morgan.jackson@yahoo.com,KYC documents pending
CUST-2137,TXN601786,,F,Fixed Deposit,Los Angeles,04-14-2019,23/12/2022,79034.71, USD,6980.14,wire transfer,779,11886.61,Defaulted,yes,Accosntant,158856.55,taylor.taylor@yahoo.com,KYC documents pending
CUST-2829,TXN810045,20,Female,checking,New York,04-06-2020,2023-09-12,5195.3,USD,,Wire Transfer,549,12039.09,Closed,no,Lawper,6372.5,taylor.brown@outlook.com,
CUST-1149,TXN327558,73,male,Savings,Houston,26-Apr-2019,03/20/2023,907.98,gbp,231.76,wire transfer,690,19259.41,DEFAULT,no,enginr,-4860.79,mike.smith@bank.org,Loan disbursed to account
CUST-2838,TXN794091,66,male,Checking,,20/12/2022,2023-02-03,1146.8,USD,389.97,Withdrawal,626,,Active,yes,Docter,1406.86,jane.davis@bank.org,Account dormant >6 months
CUST-2850,TXN623767,49,Male,Current,Houston,08-19-2022,19/02/2024,19930.21,NGN,3380.73,Wire Transfer,640,4650.49,ACTIVE,yes,Accountant,6343.71,alex.brown@bank.org,
CUST-1626,TXN355022,31,female,Checking,Phoenix,05/26/23,13/04/2024,177.7,USD,423.73,Withdrawal,681,3400.6,closed,no,Engineer,2786.25,,Transaction verified by branch Phoenix
CUST-1552,TXN325561,18,MALE,savings,New York,13/09/2019,30/07/2021,385.77,gbp,55.05,wire transfer,n/a,12405.4,Active,yes,,615.01,john.taylor@yahoo.com,
CUST-2710,TXN614984,61,Female,savings,new york,11/08/2023,09/01/2024,1640.2,NGN,-500,ATM,unknown,9427.7,active,YES,Accountant,-2122.25,taylor.miller@gmail.com,Customer flagged for review
CUST-1782,TXN602408,38,Male,SAVINGS,,2020-10-16,04/08/2022,506.33,USD,113.97,ATM,816,2937.28,Default,yes,Doctor,-1315.95,lee.anderson@gmail.com,
CUST-1562,TXN214140,37,FEMALE,savings,Chicago,01-18-2021,10/09/2022,57795.19,gbp,27097.24,Wire Transfer,779,8994.39,closed,Yes,Accountant,25000.82,taylor.taylor@gmail.com,
CUST-2328,TXN156274,74,Male,FD,CHI,04/08/18,06/05/2020,3141.11,NGN,1176.52,ATM,759,9190.28,Defaulted,YES,Teacher,,john.jackson@bank.org,KYC documents pending
CUST-2035,TXN376177,,female,CHECKING,Houston,02/29/24,2024-04-12,2146.73, USD,507.57,Transfer,566,56681.04,Default,Yes,,-6172.56,taylor.taylor@outlook.com,Auto-debit setup confirmed
CUST-2569,TXN598562,53,Female,Current,LA,22-Feb-2021,04/02/2023,7611.04,eur,2299.21,withdrawal,754,7522.51,Active,no,teachr,4954.43,mike.miller@bank.org,KYC documents pending
cust2301,TXN290403,30,female,SAVINGS,CHI,11-29-2020,11/12/2021,45484.8,NGN,12071.2,Wire Transfer,772,,Active,yes,teachr,31041.49,morgan.brown@yahoo.com,KYC documents pending
CUST-1747,TXN977239,32,Female,SAVINGS,Chicago,07/28/19,2023-02-17,1206.85,usd,623.68,withdrawal,687,3993.3,closed,yes,LAWYER,-1666.25,morgan.moore@gmail.com,Loan disbursed to account
CUST-2732,TXN339766,22,M,Checking,Phoenix,07/04/19,15/11/2023,6012.13,gbp,2947.53,Transfer,743,,active,Yes,teachr,-50000,mike.davis@outlook.com,Transactio
CUST-2157,TXN222397,51,Female,Fixed Deposit,los angeles,26-Apr-2021,2023-08-29,10569.83,EUR,833.84,DEPOSIT,686,1665.33,Closed,yes,Lawyer,14795.09,lee.jackson@bank.org,Transaction verified by branch los angeles
CUST-1959,TXN927320,65,MALE,fixed deposit,New York,02/08/2021,05/26/2023,1441.93,EUR,363.25,wire transfer,635,,,yes,teachr,1571.99,alex.jackson@yahoo.com,Loan disbursed to account
CUST-1347,TXN800423,68,female,checking,Los Angeles,22-Mar-2021,17/01/2023,23068.21,usd,11065.37,Wire Transfer,615,9157.22,DEFAULT,No,LAWYER,31686.41,chris.moore@bank.org,Transaction verified by branch Los Angeles
CUST-2090,TXN291837,44,Male,Checking,,22/01/2018,12/15/2018,2009.98,GBP,26.46,Deposit,590,15558.0,Defaulted,Yes,Engineer,8542.99,mike.wilson@bank.org,KYC documents pending
CUST-2279,TXN971112,25,male,savings,LA,04/19/24,06/28/2024,2109.32,USD ,540.51,withdrawal,645,7010.2,Defaulted,YES,Accountant,2777.76,taylor.anderson@outlook.com,
CUST-2101,TXN534167,18,female,Savings,Los Angeles,00/13/2019,09/03/2024,12372.35,GBP,1082.12,atm,638,5035.18,Active,No,Engineer,8501.28,mike.wilson@bank.org,
CUST-2788,TXN180351,72,female,Fixed Deposit,CHI,12-20-2022,2024-06-04,8295.83,NGN,2534.66,Wire Transfer,698,5377.46,ACTIVE,Yes,LAWYER,9591.23,,Customer flagged for review
CUST-3077,TXN978976,38,Male,Savings,los angeles,06-Apr-2021,06/19/2021,10783.12, USD,1824.34,Withdrawal,425,12509.75,active,No,Doctor,10393.02,pat.jackson@gmail.com,
CUST-1316,TXN878920,64,M,savings,los angeles,11-Apr-2019,29/04/2023,1166.38,NGN,455.98,Deposit,689,10516.22,Defaulted,Yes,accountant,-1802.9,jane.taylor@bank.org,
CUST-1339,TXN968386,69,F,CHECKING,CHI,18/10/2022,2024-05-06,70.17,EUR,491.14,atm,538,1563.37,Active,no,Lawyer,5138.51,alex.davis@gmail.com,Account dormant >6 months
CUST-2376,TXN784026,50,MALE,Savings,Phoenix,06/14/19,2023-04-21,348.54,GBP,22.73,wire transfer,626,5663.26,ACTIVE,yes,accountant,-2489.31,morgan.davis@yahoo.com,
CUST-1643,TXN823683,23,Female,savings,CHI,21/06/2019,2021-10-02,4755.05,NGN,1224.43,Transfer,735,9804.88,Defaulted,yes,Lawyer,6498.1,chris.smith@gmail.com,Transaction verified by branch CHI
CUST-3140,TXN498701,43,MALE,Savings,los angeles,12-Dec-2020,02/15/2021,14657.76,usd,5289.83,wire transfer,667,21331.33,closed,Yes,LAWYER,8014.13,john.wilson@gmail.com,
CUST-1538,TXN723907,34,Female,Current,,2023-01-06,23/02/2023,507.14,eur,416.74,Wire Transfer,,16617.07,ACTIVE,yes,Accountant,2758.22,,Loan disbursed to account
CUST-2368,TXN192431,39,F,checking,N.Y.,04-04-2023,2024-05-27,752.18,EUR,153.79,withdrawal,524,9352.76,Defaulted,YES,Docter,4809.4,alex.davis@gmail.com,Transaction verified by branch N.Y.
CUST-1960,TXN578819,47,female,SAVINGS,Phoenix,2020-08-20,2023-01-21,4724.29,USD ,1562.07,Transfer,622,10703.74,active,YES,teachr,2705.22,mike.anderson@,Customer flagged for review
CUST-2050,TXN368506,29,Male,CHECKING,new york,06/02/2021,07/03/2023,144.04, USD,315.41,DEPOSIT,609,-242.66,DEFAULT,No,Teacher,380.01,jane.wilson@bank.org,
CUST-1426,TXN271328,34,Female,savings,los angeles,2023-02-26,2023-09-04,16696.53,EUR,4446.54,Wire Transfer,654,12441.79,ACTIVE,No,Engineer,17005.87,pat.smith@outlook.com,Auto-debit setup confirmed
CUST-1326,TXN408287,29,FEMALE,Checking,New York,03-31-2019,06/04/2024,11783.92,GBP,770.51,wire transfer,729,447.53,active,YES,,32162.35,alex.wilson@yahoo.com,
CUST-2955,TXN547221,74,Male,CHECKING,new york,10/03/2024,2024-04-15,16682.85,eur,2517.53,withdrawal,,651.42,Defaulted,NO,Accountant,17235.99,alex.jones@bank.org,
CUST-1653,TXN143709,,F,checking,new york,10/02/18,2022-06-03,8935.67, USD,1753.4,DEPOSIT,675,12955.4,Defaulted,YES,LAWYEk,1463.76,taylor.wilson@,Loan disburse
CUST-1161,TXN273565,58,F,Checking,,08/05/2023,08/31/2023,10089.93,USD,-0.01,wire transfer,700,3536.9,Closed,No,Teacher,9888.14,mike.taylor@yahoo.com,
CUST-2830,TXN520934,44,MALE,Savings,LA,15/04/2024,06/11/2024,31609.73, USD,11527.67,DEPOSIT,,19846.76,Active,yes,Lawyer,55900.24,pat.anderson@bank.org,Customer flagged for review
cust8794,TXN430950,,female,Savings,Phoenix,14-Sep-2023,20/11/2023,992.88,NGN,206.14,wire transfer,819,21543.89,active,YES,Engineer,-10463.97,jane.moore@outlook.com,
CUST-1474,TXN967977,58,F,checking,New York,26/05/2019,2024-06-27,1013.61,USD ,411.46,Withdrawal,571,7106.34,Default,Yes,,790.69,,
CUST-1255,TXN288085,50,female,savings,Los Angeles,13-Dec-2023,2024-01-11,3933.38,NGN,1743.7,Wire Transfer,706,4556.74,ACTIVE,Yes,teachr,6186.06,john.wilson@gmail.com,Auto-debit setup confirmed
CUST-2905,TXN858964,47,F,Savings,Houston,2024-01-03,02/04/2024,12798.95,USD,1216.1,Deposit,554,,Defaulted,No,Doctor,,sara.miller@yahoo.com,
CUST-3004,TXN108256,,M,Current,Los Angeles,16-May-2019,14/01/2021,36893.87,USD ,,Deposit,544,10087.69,active,No,Accountant,22291.29,pat.taylor@gmail.com,
CUST-2637,TXN696310,,M,Checking,Chicago,29/01/2023,07/07/2023,9313.78,NGN,4413.69,ATM,542,,closed,,LAWYER,8743.0,lee.taylor@yahoo.com,Loan disbursed to account
CUST-2935,TXN154504,31,MALE,Fixed Deposit,Chicago,18-Jan-2020,2022-10-21,796.74,NGN,222.39,withdrawal,632,,Default,,LAWYER,728.05,lee.wilson@outlook.com,KYC documents pending
CUST-2542,TXN982850,,Female,FD,Los Angeles,28/09/2020,09/08/2023,9447.9, USD,4314.6,Transfer,649,12073.45,Defaulted,Yes,Engineer,,chris.smith@,Customer flagged for review
CUST-2490,TXN353518,74,female,Current,CHI,09-26-2021,07/16/2023,712.0,GBP,9999999,Withdrawal,691,,Defaulted,,Doctor,275.83,taylor.wilson@bank.org,
CUST-2932,TXN775253,44,MALE,Checking,LA,03/07/24,2024-06-06,64118.09,EUR,21710.36,Wire Transfer,674,2814.35,Closed,,Teacher,52289.55,morgan.miller@,Loan disbursed to account
CUST-1448,TXN326632,66,F,checking,CHI,16-May-2019,23/11/2023,1462.12,usd,618.64,Withdrawal,542,9194.67,active,YES,Lawber,12415.39,morgan.taylor@bank.org,
CUST-3115,TXN553540,59,male,Checking,Phoenix,04/11/22,12/14/2023,285.01,USD,-17.97,Transfer,0,18447.47,,NO,accountant,1877.45,morgan.jackson@bank.org,Transaction verified by branch Phoenix
CUST-1266,TXN654844,31,Male,FD,new york,05/02/19,13/12/2019,1541.33,EUR,420.59,Wire Transfer,665,22739.18,Active,yes,teaclr,-5704.6,lee.miller@yahoo.com,
CUST-2812,TXN781844,29,MALE,Savings,Los Angeles,15-Dec-2020,13/07/2021,10375.97, USD,356.93,Wire Transfer,536,54808.8,Closed,NO,engilr,15094.87,morgan.smith@bank.org,Account dormant >6 months
CUST-1635,TXN787031,23,FEMALE,checking,new york,08/06/2023,14/04/2024,10642.88,USD ,1578.8,wire transfer,,,DEFAULT,NO,Doctor,20798.32,alex.smith@outlook.com,Transaction verified by branch new york
CUST-1304,TXN557311,44,Male,checking,Chicago,08/05/2024,21/06/2024,2057.47,gbp,420.99,Withdrawal,569,6117.44,ACTIVE,YES,Engineer,12081.18,alex.wilson@gmail.com,Transaction verified by branch Chicago
CUST-2006,TXN897694,34,F,fixed deposit,Chicago,03/30/21,2024-01-24,797.18,USD ,264.57,ATM,639,18899.34,Active,Yes,accountant,-165.13,lee.davis@bank.org,
CUST-2013,TXN352279,74,male,Checking,Chicago,22-Nov-2022,2024-04-04,17329.46, USD,,Deposit,622,13361.64,Defaulted,no,enginr,2559.95,alexjonesgmail.com,Customer flagged for review
CUST-3113,TXN732046,57,female,CHECKING,Houston,08/09/2018,2023-04-22,10461.81,USD,723.59,ATM,613,,DEFAULT,yes,,-751.73,chris.wilson@yahoo.com,Auto-debit setup confirmed
CUST-1286,TXN399214,58,FEMALE,CHECKING,LA,13-Apr-2023,02/19/2024,3970.51,NGN,,wire transfer,541,17090.08,Default,no,LAWYER,7586.01,sara.smith@,Account dormant >6 months
CUST-1877,TXN331290,64,F,Fixed Deposit,Los Angeles,14-May-2022,27/07/2022,6046.98,USD,-0.01,atm,503,,ACTIVE,,accountant,-50000,lee.anderson@gmail.com,Loan disb
CUST-3196,TXN952587,45,MALE,FD,Chicago,08/23/20,2022-02-23,235900.13,GBP,71892.79,ATM,563,10235.27,closed,No,accountant,341500.45,john.smith@gmail.com,Customer flagged for review
CUST-2975,TXN136660,31,Female,fixed deposit,LA,31/08/2022,08/31/2022,9306.54,EUR,3423.11,ATM,772,12339.2,Default,Yes,Lawyer,22627.48,morgan.brown@yahoo.com,Account dormant >6 months
CUST-2133,TXN960467,56,,Current,new york,12/31/22,13/11/2023,126.83,gbp,417.83,atm,662,12066.0,ACTIVE,Yes,LAWYER,-90.54,pat.jackson@outlook.com,
CUST-1028,TXN945742,,FEMALE,Checking,los angeles,06-15-2024,2024-06-27,4847.05,NGN,-15.38,Withdrawal,595,14938.19,active,Yes,LAWYER,13954.45,morgan.moore@yahoo.com,
CUST-2025,TXN911914,54,male,FD,los angeles,11/04/2020,02/13/2021,5394.48,GBP,,wire transfer,602,5122.31,Closed,yes,Teacher,11106.11,pat.jackson@outlook.com,
CUST-2404,TXN122374,54,Female,savings,Houston,19/04/2023,09/21/2023,1533.19,usd,125.58,wire transfer,640,8813.98,DEFAULT,Yes,Doctor,5175.88,chris.wilson@bank.org,Account dormant >6 months
CUST-2333,TXN625633,47,MALE,Fixed Deposit,Phoenix,10-08-2021,2022-07-21,3169.68,USD ,1403.62,ATM,618,13873.95,Closed,no,enginr,5145.91,lee.davis@bank.org,KYC documents pending
CUST-1655,TXN508877,67,Male,Checking,Chicago,2019-08-03,03/29/2021,2436.35,GBP,1242.34,ATM,764,23903.18,Defaulted,YES,Doctor,-2633.22,lee.moore@bank.org,Loan disbursed to account
CUST-1389,TXN663703,68,male,Checking,new york,10-25-2023,29/02/2024,8764.2,eur,4274.71,wire transfer,589,1955.09,Default,No,Engineer,22217.75,taylor.jones@outlook.com,
CUST-1527,TXN432039,69,female,FD,Phoenix,09-09-2023,14/05/2024,1180.3,USD ,492.52,Withdrawal,699,27007.89,Active,YES,aocountant,629.48,sara.jackson@outlook.com,Auto-debit setup confirmed
CUST-2601,TXN446622,62,male,checking,LA,2018-09-15,10/29/2023,2810.97,USD,443.47,Deposit,565,23747.24,active,no,Teacher,7192.31,sara.smith@yahoo.com,Auto-debit setup confirmed
cust7418,TXN647893,70,FEMALE,CHECKING,new york,02-05-2023,2023-04-13,21033.79,USD ,6376.7,Transfer,605,,active,no,Doctor,30078.78,taylor.taylor@bank.org,
CUST-1221,TXN647718,37,Female,Savings,Los Angeles,03/07/2021,04/03/2023,825.41,eur,138.47,ATM,611,13081.83,Closed,yes,Accountant,3167.93,john.brown@,Transaction verified by branch Los Angeles
CUST-1756,TXN829737,21,F,Fixed Deposit,N.Y.,12-15-2021,01/05/2024,1814.96, USD,317.54,Withdrawal,756,2448.45,,,Engineer,6809.91,alex.davis@outlook.com,KYC documents pending
CUST-3054,TXN325846,41,Female,SAVINGS,Chicago,04/13/20,02/10/2024,19230.26,usd,1604.13,Deposit,655,42836.35,active,No,Docter,16193.84,morgan.anderson@bank.org,Account
CUST-1251,TXN910749,39,MALE,SAVINGS,LA,03-14-2019,2020-09-26,13017.33,USD,2853.32,Wire Transfer,731,1285.79,Default,,wccountant,3105.69,chris.jones@bank.org,
CUST-3169,TXN145988,19,MALE,SAVINGS,CHI,01/27/21,20/05/2021,1089.5,GBP,69.77,ATM,561,12500.72,closed,no,Docter,-26.46,morgan.jones@bank.org,Transaction verified by branch CHI
CUST-2236,TXN663633,75,male,FD,LA,10/02/2018,23/11/2023,7629.73,USD,,wire transfer,529,3843.19,closed,NO,Teacher,3597.71,mike.wilson@outlook.com,Customer flagged for review
CUST-2742,TXN447614,-5,M,FD,New York,2022-09-04,27/10/2023,1685.71,eur,313.11,DEPOSIT,740,40030.51,ACTIVE,YES,Docter,5383.82,jane.brown@yahoo.com,Transaction verified by branch New York
CUST-1230,TXN563031,,Female,checking,,08-01-2023,01/08/2023,653.17,EUR,-218.88,Deposit,715,8719.51,Closed,YES,teachr,-5883.61,john.jones@outlook.com,
CUST-1950,TXN929282,74,Male,FD,Los Angeles,10/01/2018,28/03/2019,44271.11,USD ,12408.31,atm,782,6354.63,ACTIVE,YES,Doctor,49984.98,sara.smith@gmail.com,Transaction verified by branch Los Angeles
CUST--2460,TXN841071,74,FEMALE,SAVINGS,Chicago,13-Nov-2023,12/27/2023,8470.2,NGN,2994.74,withdrawal,,6192.61,Closed,NO,teachr,-202.14,lee.taylor@gmail.com,Account dormant >6 months
CUST-1081,TXN216739,0,M,FD,Los Angeles,11/05/2018,12/18/2020,6279.66, USD,2034.86,DEPOSIT,701,37161.55,Defaulted,yes,Docter,9329.57,morgan.jones@outlook.com,Account dormant >6 months
CUST-2725,TXN387783,30,FEMALE,CHECKING,CHI,09-12-2022,2024-06-18,6080.78,GBP,3101.02,Transfer,517,14538.04,Active,no,Docter,6656.03,taylor.jones@yahoo.com,
CUST-2883,TXN265088,73,female,Current,Los Angeles,24/01/2023,2024-01-26,2424.52,usd,344.78,Deposit,556,5676.36,DEFAULT,,Lawyer,12394.95,alex.wilson@outlook.com,
CUST-2819,TXN419075,19,Male,Savings,LA,16/06/2023,2024-03-28,391.78,GBP,161.24,Deposit,636,8843.09,Active,YES,Accountant,117.25,alex.anderson@gmail.com,
CUST-1799,TXN854782,29,F,FD,los angeles,05/25/20,10/14/2022,3672.36,usd,,atm,585,-558.08,Default,yes,LAWYER,3659.99,chris.davis@gmail.com,Transaction verified by branch los angeles
CUST-3095,TXN121065,26,,CHECKING,N.Y.,06-12-2018,2021-06-10,2117.86,usd,353.43,withdrawal,1200,3651.94,closed,YES,Lawyer,4317.84,jane.wilson@yahoo.com,
CUST-2586,TXN372863,24,F,fixed deposit,new york,04/04/2019,08/24/2021,16848.9,USD ,7269.94,Withdrawal,619,2228.44,DEFAULT,no,accountant,15649.86,john.taylor@bank.org,Auto-debit setup confirmed
CUST-2195,TXN204956,53,Female,Checking,CHI,01/13/20,01/07/2024,2017.34,NGN,-279.79,DEPOSIT,632,6676.14,ACTIVE,YES,Doctor,4233.93,taylor.wilson@yahoo.com,Transaction verified by branch CHI
CUST-3014,TXN651930,28,FEMALE,SAVINGS,New York,27/02/2022,2023-02-03,10617.51,USD ,4400.04,Withdrawal,508,21920.28,Closed,no,Lawyer,21653.3,lee.miller@outlook.com,
CUST-2535,TXN626658,,Female,FD,N.Y.,02/02/22,2024-02-29,4222.33,NGN,658.46,withdrawal,622,,closed,NO,LAWYER,9611.11,mike.anderson@yahoo.com,
CUST-1422,TXN340216,28,F,fixed deposit,New York,2019-12-22,06/05/2022,971.83,GBP,-438.44,withdrawal,720,16930.02,Default,No,enginr,-1080.86,john.moore@yahoo.com,Loan disbursed to account
CUST-1090,TXN172933,32,Female,Checking,LA,02-03-2022,09/05/2022,2098.11,usd,512.77,Transfer,711,5067.11,closed,Yes,enginr,5365.24,sara.taylor@bank.org,Auto-debit setup confirmed
CUST-2619,TXN148934,42,female,FD,,2024-06-03,25/06/2024,4077.67,EUR,802.34,withdrawal,618,-847.95,DEFAULT,No,Teacher,-6632.39,lee.taylor@outlook.com,KYC documents pending
CUST-2056,TXN908828,63,M,Checking,N.Y.,15/05/2018,2023-09-01,10106.88,usd,3556.33,Withdrawal,631,32500.94,,No,teachr,11517.87,mike.taylor@gmail.com,Account dormant >6 months
CUST-2162,TXN392280,63,Female,CHECKING,new york,16-Jun-2019,07/22/2020,2932.76,USD ,230.35,wire transfer,883,6740.26,Defaulted,YES,enginr,-993.99,lee.taylor@bank.org,Transaction verified by branch new york
CUST-1283,TXN495727,33,F,Savings,,2018-03-01,14/11/2018,6379.92,usd,2873.26,Transfer,743,32278.58,active,yes,Lawyer,9999999999,chris.smith@gmail.com,KYC documents pending
CUST-2341,TXN827226,47,FEMALE,Checking,New York,2023-01-31,10/24/2023,14872.57, USD,156.82,Withdrawal,492,4504.74,Active,no,accountant,-3658.87,morgan.wilson@bank.org,Customer flagged for review
CUST-3048,TXN510720,21,female,fixed deposit,Los Angeles,26-Dec-2022,2024-02-29,25602.63,USD,1516.66,Transfer,595,7374.11,closed,No,Teacher,15877.53,morgan.miller@bank.org,KYC documents pending
CUST-2800,TXN367515,33,FEMALE,SAVINGS,LA,02-Jun-2018,2020-12-03,3071.72,USD ,43.58,atm,900,15938.73,DEFAULT,yes,accountant,597.07,pat.taylor@yahoo.com,KYC documents pending
CUST-1406,TXN474426,44,Female,FD,New York,06-10-2022,09/09/2022,355.12,usd,-197.46,Deposit,527,28640.7,,No,Teacher,,alex.taylor@,
CUST-1829,TXN367709,63,F,Savings,los angeles,08/19/22,2023-08-08,2769.59,GBP,447.05,Deposit,676,34578.99,ACTIVE,NO,teachr,6564.52,mike.wilson@outlook.com,Loan disbursed to account
CUST-2887,TXN792912,72,MALE,Checking,Phoenix,22-Mar-2024,2024-03-22,2694.13,usd,745.4,wire transfer,622,19972.09,Closed,no,LAWYER,4312.77,taylor.smith@bank.org,Loan disbursed to account
CUST-2109,TXN831111,52,MALE,Checking,N.Y.,25-Feb-2023,2024-03-03,555.53,USD,191.2,wire transfer,698,5475.96,Active,yes,Doctor,-4264.0,john.brown@outlook.com,Account dormant >6 months
CUST-1649,TXN823070,62,Male,CHECKING,los angeles,03-15-2023,05/30/2024,718.72,USD,171.53,atm,540,18923.77,Default,YES,Teacher,,pat.taylor@gmail.com,
CUST-2437,TXN373494,-1,FEMALE,fixed deposit,LA,2022-02-28,07/01/2023,639.62, USD,268.1,Wire Transfer,729,26420.36,Active,YES,Doctor,652.16,john.smith@outlook.com,Auto-debit setup confirmed
CUST-2069,TXN652451,45,F,Current,New York,11-Feb-2024,01/06/2024,341.11,GBP,222.96,Transfer,696,,,YES,Lawyer,-374.98,taylor.brown@bank.org,Customer flagged for review
CUST-2459,TXN712723,45,F,fixed deposit,N.Y.,30/04/2018,06/05/2023,-1, USD,347.91,DEPOSIT,546,8590.82,DEFAULT,no,Accountant,4562.65,,Loan disbursed to account
cust8638,TXN897895,62,Male,fixed deposit,los angeles,2022-10-11,31/12/2022,1935.54, USD,89.26,atm,628,1731.16,Closed,yes,Docter,9966.97,,Account dormant >6 months
CUST-2160,TXN878776,-5,,fixed deposit,LA,2018-05-20,01/01/2023,2473.95,NGN,421.99,ATM,709,11221.4,,yes,Accountant,12876.22,john.davis@gmail.com,
CUST-1210,TXN555401,73,F,fixed deposit,New York,16/04/2022,2022-05-28,3200.61,NGN,954.23,wire transfer,619,22165.51,Defaulted,yes,Engineer,439.81,mike.taylor@yahoo.com,Loan disbursed to account
CUST-2679,TXN968727,54,MALE,Savings,CHI,2022-11-05,14/05/2024,1086.42,USD ,317.31,Deposit,0,19795.07,,no,xnginr,4604.61,john.miller@outlook.com,Auto-debit setup confirmed
CUST--6451,TXN533134,69,female,Current,Houston,20/02/2022,08/05/2023,1613.3,EUR,,Transfer,559,25031.97,Active,,Accountant,2478.98,jane.davis@gmail.com,Loan disbursed to account
CUST--6011,TXN680567,66,M,SAVINGS,LA,2022-07-19,2023-11-18,1325.35,USD,-56.11,DEPOSIT,618,5184.13,ACTIVE,NO,enginr,-50000,morgan.moore@outlook.com,Loan disbursed to account
CUST--2698,TXN839920,72,F,SAVINGS,CHI,01/07/2018,24/07/2018,798.4,EUR,189.82,atm,688,36196.24,,Yes,Docter,,chris.jones@outlook.com,Transaction verified by branch CHI
CUST-2896,TXN228509,63,Male,SAVINGS,Los Angeles,01/18/20,2022-12-27,7835.86,EUR,847.84,Deposit,,,Default,NO,LAWYER,12962.77,john.anderson@gmail.com,Auto-debit setup confirmed
CUST-2026,TXN188120,75,female,fixed deposit,Phoenix,09/20/22,01/10/2023,36903.65,eur,16774.49,DEPOSIT,736,925.49,DEFAULT,Yes,,56838.16,sara.anderson@gmail.com,
CUST-1845,TXN378589,64,FEMALE,FD,Los Angeles,08-Apr-2019,09/25/2020,1946.46,EUR,837.56,Wire Transfer,721,2053.17,DEFAULT,Yes,Doctor,3182.39,jane.brown@gmail.com,Loan disbursed to account
CUST-1875,TXN230904,62,male,SAVINGS,N.Y.,19/08/2021,2023-01-31,3060.76,USD ,226.66,withdrawal,754,15751.69,Defaulted,no,LAWYER,1982.08,chris.anderson@gmail.com,Customer flagged for review
CUST-2610,TXN318995,42,F,fixed deposit,Houston,10/25/22,05/28/2024,5498.35,eur,2209.99,Transfer,950,5046.02,Default,yes,accountant,17912.94,chris.brown@bank.org,
CUST-2854,TXN502129,27,M,CHECKING,CHI,2024-04-02,2024-06-04,2994.67,eur,955.83,withdrawal,669,-200.19,DEFAULT,Yes,accountant,3846.79,alex.davis@outlook.com,
CUST-1677,TXN495439,61,Female,Fixed Deposit,Chicago,2019-10-05,01/09/2022,661.11, USD,213.15,wire transfer,507,7475.6,ACTIVE,no,,-2991.13,jane.jones@outlook.com,Account dormant >6 months
CUST--4806,TXN860633,,Male,Current,CHI,22-Dec-2020,20/05/2021,131.48,gbp,297.21,ATM,575,2054.77,Defaulted,yes,accountant,5943.69,chris.brown@gmail.com,Account dormant >6 months
CUST-2287,TXN559391,32,female,Current,N.Y.,13/05/2020,2021-02-04,1847.76,EUR,800.37,DEPOSIT,643,9947.49,Closed,No,enginr,-7137.77,mike.taylor@bank.org,Auto-debit setup confirmed
CUST--7788,TXN789137,35,female,SAVINGS,New York,24/06/2020,06/21/2024,1874.93,gbp,347.49,atm,950,6957.18,DEFAULT,YES,Doctcr,5203.62,morgan.miller@bank.org,Transaction verified by branch New York
CUST-2355,TXN646008,69,Female,SAVINGS,Chicago,03/15/21,06/10/2024,806.91,NGN,394.49,wire transfer,709,2582.88,,Yes,goctor,1227.02,lee.anderson@,
CUST-1402,TXN762902,,M,savings,Houston,22-May-2022,02/05/2023,5388.42,gbp,2005.59,withdrawal,685,26812.71,Default,yes,Doctor,-136.41,leewilsongmail.com,Auto-debit setup confirmed
cust3378,TXN440153,-1,,checking,Houston,16-Feb-2024,06/04/2024,707.57,USD,-37.26,Transfer,523,12246.54,Defaulted,no,Engineer,-680.96,john.jackson@yahoo.com,
CUST-2299,TXN531464,30,F,SAVINGS,Houston,16-Feb-2021,08/26/2021,559.9,gbp,382.19,ATM,602,1518.58,,no,teachr,,chris.anderson@yahoo.com,Transaction verified by branch Houston
CUST-2922,TXN389381,,male,Savings,New York,20-Jan-2018,2021-03-31,980.2,usd,-25.12,Deposit,659,4917.47,Default,,enginr,4629.05,,
CUST-1249,TXN319927,22,male,checking,LA,07-07-2021,12/03/2022,1326.58, USD,-130.3,Transfer,665,3046.13,Defaulted,No,enginr,4165.65,pat.miller@yahoo.com,KYC documents pending
CUST-2546,TXN688560,25,MALE,Savings,N.Y.,03-Dec-2020,04/06/2021,2828.09, USD,272.04,withdrawal,753,8562.94,active,YES,LAWYER,15531.43,taylor.davis@outlook.com,Auto-debit setup confirmed
CUST-2678,TXN130536,41,Female,FD,New York,29-Jul-2018,2018-11-27,121.06,USD ,200.46,DEPOSIT,,31960.99,active,NO,Lawyer,855.54,sara.moore@gmail.com,
CUST-1171,TXN349556,38,Female,CHECKING,,05-08-2020,2022-04-25,339.64,USD,-205.17,Transfer,592,,DEFAULT,NO,teachr,1840.45,jane.miller@gmail.com,Customer flagged for review
CUST-2292,TXN399024,43,MALE,SAVINGS,Los Angeles,2021-11-24,01/11/2022,9999999,eur,1758160.92,DEPOSIT,449,,active,NO,Accountant,4792540.98,morgan.jones@outlook.com,KYC documents pending
CUST-1555,TXN638648,26,MALE,Savings,N.Y.,01-Jul-2021,05/12/2024,1863.88, USD,910.54,Deposit,549,14831.6,Active,NO,Lawyer,7612.19,sara.davis@outlook.com,Transaction verified by branch N.Y.
CUST-1189,TXN969005,65,Female,savings,New York,20/09/2021,14/11/2021,3331.38, USD,1700.23,wire transfer,539,-327.37,Active,NO,Doctor,-3633.13,alex.taylor@gmail.com,Loan disbursed to account
CUST-1217,TXN106029,49,FEMALE,Fixed Deposit,Los Angeles,01-27-2018,03/11/2021,1759.4,GBP,149.09,Deposit,,11236.55,,Yes,Accountant,1787.14,lee.jackson@outlook.com,
CUST-1421,TXN125455,54,Female,Savings,LA,12-Jan-2022,04/03/2023,11735.54,gbp,1422.65,Wire Transfer,769,6178.78,active,,Lawyer,,jane.anderson@outlook.com,
CUST-3056,TXN493268,24,M,Fixed Deposit,Phoenix,27-Dec-2018,06/28/2024,2486.09,USD ,,Wire Transfer,617,18567.15,Default,Yes,,-8581.67,alex.moore@outlook.com,Transaction verified by branch Phoenix
CUST-2871,TXN561551,70,F,Checking,LA,02-Jan-2020,2020-10-19,2581.17,NGN,1062.36,Wire Transfer,,23112.22,active,no,Accountant,-316.84,chris.taylor@gmail.com,KYC documents pending
CUST-1559,TXN590281,40,F,savings,Houston,31/02/2020,07/18/2023,1211.2, USD,-33.79,atm,730,4086.2,closed,YES,,,pat.moore@,Loan disbursed to account
CUST-3133,TXN128731,48,female,FD,Houston,03/08/21,12/08/2021,387.12,gbp,-51.7,Withdrawal,n/a,44923.28,Default,no,Lawyer,703.01,morgan.jones@,
CUST-2738,TXN602869,26,F,fixed deposit,Phoenix,21-May-2023,2023-12-08,12883.92,USD,901.52,Deposit,536,21544.42,active,no,teachr,14138.31,chris.taylor@outlook.com,Account dormant >6 months
CUST-1341,TXN313953,41,MALE,Current,Phoenix,08/30/21,2023-07-17,9305.8,eur,4588.31,Transfer,658,,active,YES,accountant,8239.93,mike.moore@gmail.com,Loan disbursed to account
cust9646,TXN451219,27,MALE,Checking,new york,06-29-2022,2023-09-24,1279.31,gbp,228.0,withdrawal,950,8761.68,closed,YES,Eagineer,6746.98,pat.moore@yahoo.com,
CUST-1941,TXN897810,,MALE,Checking,CHI,2022-05-14,18/08/2023,169.45,usd,266.53,withdrawal,1200,6474.85,Closed,,Doctor,4472.43,sara.smith@yahoo.com,
CUST-2716,TXN230289,43,female,Current,CHI,03-06-2021,06/16/2021,8000.14,usd,163.62,Withdrawal,777,35073.83,DEFAULT,yes,Accountant,7284.77,mike.smith@bank.org,Transaction verified by branch CHI
CUST-1802,TXN551215,55,Female,savings,Chicago,16/10/2021,06/16/2022,2570.18,gbp,1345.88,wire transfer,447,16027.63,,No,accountant,3778.01,pat.smith@outlook.com,Transaction verified by branch Chicago
CUST--9602,TXN715426,18,MALE,FD,los angeles,2019-06-02,02/18/2020,7803.38,GBP,121.01,Transfer,571,4882.27,Default,No,Docter,8217.12,jane.miller@gmail.com,Account dormant >6 months
CUST-1684,TXN637277,35,F,FD,N.Y.,2020-09-02,01/10/2022,34164.36, USD,15894.23,Deposit,637,10890.26,Default,No,enginr,36213.79,morgan.anderson@outlook.com,
CUST-2079,TXN238601,56,male,savings,N.Y.,2021-02-11,29/01/2024,2029.57,USD ,250.41,wire transfer,617,4746.88,Defaulted,yes,Lawyer,2505.36,chris.jackson@,KYC documents pending
CUST-1792,TXN313142,31,female,Current,Phoenix,12-10-2023,06/23/2024,-99999,GBP,,Deposit,479,12812.39,Defaulted,no,,-169957.74,taylor.anderson@yahoo.com,
CUST-1370,TXN717545,57,Male,Current,CHI,2019-12-25,2022-11-12,23988.06,EUR,6606.88,atm,650,2182.36,Active,no,Teacher,39604.12,morgan.brown@yahoo.com,KYC documents pending
CUST-2235,TXN461486,49,F,CHECKING,Houston,04/17/21,11/08/2021,7757.45,USD ,2310.7,ATM,745,1774.07,Closed,Yes,Engineea,14637.38,lee.moore@bank.org,
CUST-1695,TXN302576,23,MALE,SAVINGS,Los Angeles,2021-12-30,23/02/2022,9436.22,USD,3875.59,ATM,690,410954.47,Defaulted,YES,enginr,-3781.74,chris.davis@yahoo.com,Customer flagged for review
CUST-1885,TXN811053,51,F,Current,Chicago,15/01/2024,18/01/2024,5598.69,USD ,2475.51,atm,,,ACTIVE,,Accountant,-5264.75,,KYC documents pending
CUST-2350,TXN456178,64,,savings,new york,04-27-2019,2020-05-09,7077.51,EUR,2118.44,Wire Transfer,664,-424.01,Default,no,Teacher,10645.5,lee.miller@gmail.com,Auto-debit setup confirmed
CUST-1596,TXN788545,60,MALE,Savings,los angeles,03-15-2020,01/03/2022,10348.52,usd,4128.66,Deposit,558,18375.58,Closed,No,Engineer,25779.21,leedavisgmail.com,
CUST-2622,TXN312027,21,MALE,checking,N.Y.,23/03/2018,12/02/2022,2051.94,GBP,134.35,ATM,624,11095.99,closed,YES,accountant,5696.37,sara.jones@yahoo.com,Customer flagged for review
CUST-1320,TXN764327,69,,savings,CHI,09/05/2018,2022-03-29,2778.37, USD,9999999,Withdrawal,,8750.11,closed,yes,Doctor,-3306.86,chris.anderson@bank.org,
CUST-2973,TXN656992,21,M,Fixed Deposit,LA,08-27-2019,12/09/2021,471.4,USD,52.3,Transfer,-100,4915.4,Default,no,Lawyer,-1227.63,chrismooregmail.com,Account dormant >6 months
CUST-2319,TXN736746,40,,Fixed Deposit,los angeles,2022-09-03,10/11/2022,573.31,gbp,350.43,Transfer,662,15430.85,Default,Yes,Enginver,1554.13,lee.davis@,Account dormant >6 months
CUST-2460,TXN956532,55,female,checking,Chicago,10-11-2023,30/06/2024,5611.51,USD,,ATM,513,3605.71,closed,No,LAWYER,11096.17,pat.anderson@bank.org,KYC documents pending
cust9938,TXN408341,24,Female,Checking,LA,05-Dec-2020,2021-10-15,13312.36,usd,2353.49,Transfer,710,6052.59,closed,YES,Accountant,17971.8,taylor.taylor@yahoo.com,Account dormant >6 months
CUST-2020,TXN969010,35,Male,fixed deposit,Los Angeles,2018-07-04,2021-07-04,5329.74,gbp,2330.89,atm,0,29255.32,Active,,LAWYER,14037.33,pat.brown@bank.org,
CUST-2712,TXN108020,36,female,CHECKING,LA,07-10-2020,07/10/2023,1420.43, USD,184.37,Deposit,,25993.32,Active,NO,teachr,1558.4,morgan.miller@bank.org,Auto-debit setup confirmed
CUST-2084,TXN324191,37,FEMALE,savings,LA,07-30-2019,2021-12-22,2874.55,eur,1322.49,Deposit,562,338.08,Default,No,accountant,5704.7,taylor.jones@outlook.com,Account dormant >6 months
CUST-2807,TXN182334,75,male,fixed deposit,new york,2022-02-10,2023-07-17,1853.78,USD ,374.51,Transfer,714,427.03,active,Yes,enginr,-3662.28,sara.brown@outlook.com,
CUST-1329,TXN116349,31,,checking,New York,03/01/2018,2021-12-07,6269.94, USD,2455.01,Withdrawal,679,89627.33,ACTIVE,yes,Docter,4377.64,alex.brown@outlook.com,Auto-debit setup confirmed
CUST--7551,TXN306386,,F,fixed deposit,Los Angeles,2018-03-09,20/08/2022,4219.24,gbp,545.01,Withdrawal,605,476.74,ACTIVE,NO,teachr,10858.14,,Customer flagged for review
CUST-1412,TXN421447,43,F,Checking,,2018-05-08,06/06/2020,2633.26,EUR,155.47,wire transfer,950,36807.24,DEFAULT,YES,Engineer,6064.12,morgan.jones@outlook.com,
CUST-2902,TXN278015,21,Female,CHECKING,new york,2018-09-20,2020-05-09,2568.37,eur,114.24,ATM,493,5940.82,active,No,LAWYER,8690.37,,Account dormant >6 months
CUST-1607,TXN507900,46,Female,SAVINGS,,2022-05-31,01/04/2023,3340.69,gbp,1368.24,Transfer,688,2350.39,Active,yes,Engineer,7401.04,john.miller@outlook.com,KYC documents pending
CUST-2661,TXN909389,34,M,SAVINGS,N.Y.,19-Aug-2023,2024-06-16,990.08,USD ,-60.18,Transfer,477,7857.42,Active,NO,enginr,-1257.28,pat.taylor@gmail.com,
CUST-1493,TXN720213,57,Male,FD,Houston,02-24-2024,2024-03-31,40085.6,gbp,12768.46,atm,701,13371.01,DEFAULT,YES,,32238.08,jane.jackson@yahoo.com,Customer flagged for review
CUST-2506,TXN297548,18,MALE,Checking,new york,05/23/19,2020-05-05,810.88,NGN,348.84,Deposit,709,4458.29,Closed,YES,LAWYER,-7068.5,lee.wilson@gmail.com,Customer flagged for review
CUST-1447,TXN508819,66,male,Savings,Chicago,2020-07-27,26/05/2024,1484.86,USD,396.92,withdrawal,672,6254.74,Active,no,LAWYER,5210.27,taylor.smith@outlook.com,Transaction verified by branch Chicago
CUST-1509,TXN192756,27,MALE,CHECKING,N.Y.,12-27-2020,11/16/2023,6465.71,USD,1498.26,Withdrawal,684,18041.13,Closed,yes,Lawyer,13627.02,alex.taylor@outlook.com,Account dormant >6 months
CUST-1777,TXN896086,52,female,fixed deposit,New York,24/02/2024,28/02/2024,28428.0,GBP,4121.41,Wire Transfer,,4325.43,DEFAULT,yes,Docter,35184.23,chris.taylor@outlook.com,Transaction verified by branch New York
CUST-2052,TXN250581,63,MALE,CHECKING,New York,02-24-2022,2023-12-07,1509.52,GBP,927.65,withdrawal,579,17532.23,Defaulted,No,accountant,4445.46,chris.wilson@gmail.com,Auto-debit setup confirmed
CUST-3167,TXN521468,,female,Current,CHI,14-Jan-2023,11/12/2023,2020.64,gbp,503.38,Transfer,583,9138.02,active,,Docter,2925.17,mike.wilson@bank.org,Transaction verified by branch CHI
CUST-1428,TXN932138,59,,savings,New York,2022-02-11,11/05/2022,37.26,EUR,88.4,Deposit,722,762.85,DEFAULT,YES,Doctor,-4999.08,,Account dormant >6 months
CUST-2136,TXN772414,74,M,checking,Houston,2024-02-14,28/06/2024,19565.2,eur,4886.76,wire transfer,693,16576.38,Closed,YES,accountant,24568.58,chris.jackson@yahoo.com,Loan disbursed to account
CUST-1185,TXN979562,50,M,savings,Chicago,08/11/21,12/16/2023,30538.03,GBP,14747.38,ATM,744,8669.08,closed,NO,Lawyer,54371.2,mike.anderson@gmail.com,
CUST-1183,TXN742686,59,FEMALE,savings,Los Angeles,08-06-2021,26/02/2023,600.98, USD,96.29,ATM,659,13554.03,DEFAULT,yes,LAWYER,4722.41,morgan.anderson@outlook.com,Transaction verified by branch Los Angeles
CUST-1306,TXN861566,27,Female,Fixed Deposit,Chicago,12-23-2019,24/01/2024,3259.88,USD,1317.26,DEPOSIT,,12009.89,Closed,Yes,Docter,9999999999,john.brown@yahoo.com,Transaction verified by branch Chicago
CUST-1203,TXN563324,44,,FD,Chicago,N/A,2024-04-26,365.82,gbp,223.27,atm,597,4978.45,Defaulted,Yes,Lawyer,-2420.68,morgan.davis@yahoo.com,Customer flagged for review
CUST-2433,TXN171410,73,male,CHECKING,Los Angeles,2022-01-08,07/01/2022,7509.7,EUR,927.25,atm,577,-475.54,Default,Yes,LAWYER,2056.56,taylor.moore@gmail.com,
CUST-2318,TXN965160,70,F,Savings,los angeles,18-May-2022,05/05/2024,2095.64,EUR,835.6,Wire Transfer,---,,Default,no,Lawyer,6080.98,john.jones@bank.org,
CUST-1834,TXN728381,44,female,FD,los angeles,2021-05-23,2022-05-03,17888.05,USD ,3052.3,wire transfer,654,10189.11,Closed,yes,Teacher,29792.87,taylor.smith@bank.org,
CUST-2304,TXN893652,51,MALE,fixed deposit,Chicago,20-Nov-2020,12/01/2022,240603.38,usd,37484.83,Withdrawal,576,4603.66,active,yes,accountant,,taylor.jones@yahoo.com,Auto-debit setup confirmed
CUST-1794,TXN564835,18,Male,Fixed Deposit,Phoenix,10-Jun-2018,2019-05-30,55820.07,NGN,7886.24,ATM,664,12094.2,,No,Docter,58630.52,alex.brown@bank.org,Loan disbursed to account
CUST-2289,TXN237632,20,F,CHECKING,LA,07/21/18,2018-11-22,422.31,usd,118.75,Withdrawal,621,8343.1,Closed,No,,3997.68,chris.taylor@yahoo.com,Loan disbursed to account
cust9757,TXN536189,67,Female,Savings,los angeles,11/09/18,02/21/2024,553.46, USD,86.45,DEPOSIT,731,10630.64,Defaulted,YES,LAWYER,3435.83,jane.miller@outlook.com,
CUST-2440,TXN504223,71,M,checking,LA,05-08-2023,13/05/2023,25259.1,USD,1789.33,Transfer,720,3783.53,Active,NO,,0,mike.jackson@gmail.com,KYC documents pending
CUST-2265,TXN124786,27,MALE,checking,N.Y.,05/07/24,06/13/2024,1088.69,NGN,449.62,Withdrawal,576,8162.96,Closed,NO,Doctor,-6255.46,sara.smith@bank.org,KYC documents pending
CUST-2448,TXN485372,18,female,CHECKING,N.Y.,08-20-2022,25/09/2022,874.07,GBP,91.66,Transfer,696,7972.69,DEFAULT,YES,unginr,7431.83,pat.jones@bank.org,KYC documents pending
CUST-1427,TXN360820,27,female,Current,LA,10/05/2021,01/20/2024,3884.16,eur,73.74,wire transfer,583,,active,no,Docter,1116.92,taylor.miller@gmail.com,Transaction verified by branch LA
CUST-1930,TXN821578,31,M,fixed deposit,new york,07-Aug-2021,2022-01-11,9928.78,eur,4422.78,Transfer,##,2562.78,Default,YES,Docter,4130.82,lee.davis@yahoo.com,Loan disbursed to account
CUST-1760,TXN726068,58,Male,CHECKING,New York,18/07/2022,06/01/2023,20298.43, USD,6539.39,Wire Transfer,595,3741.87,ACTIVE,yes,Engineer,25033.92,lee.anderson@yahoo.com,Auto-debit setup confirmed
CUST-1446,TXN228356,34,Female,FD,New York,11-25-2020,2023-07-23,2874.71,GBP,380.58,atm,675,,Defaulted,Yes,Accountant,8852.37,chris.anderson@outlook.com,Transaction verified by branch New York
cust7958,TXN489739,24,Female,fixed deposit,,02-05-2022,24/04/2022,1260.73,gbp,120.43,atm,821,45594.54,Active,,,4017.03,morgan.davis@yahoo.com,Auto-debit setup confirmed
CUST-1667,TXN972872,30,Female,SAVINGS,new york,01-30-2021,2022-02-12,2377.35,NGN,988.08,Transfer,613,9848.01,active,no,Doctor,147.66,jane.jackson@bank.org,KYC documents pending
CUST--5252,TXN270757,27,M,Savings,Phoenix,29/12/2021,06/24/2023,7256.49, USD,2243.73,Transfer,676,2318.99,closed,,LAWYER,18157.43,sara.brown@gmail.com,Customer flagged for review
cust5111,TXN383393,73,Male,Checking,new york,2019-07-28,29/12/2022,25989.5,EUR,2903.96,ATM,715,6130.53,Closed,yes,LAWYER,39738.55,taylor.miller@bank.org,KYC documents pending
CUST-2486,TXN500654,70,Male,Fixed Deposit,Houston,07-23-2023,2023-08-06,887.68,NGN,334.94,wire transfer,566,48238.98,Default,YES,Engineer,9163.6,alex.moore@bank.org,Account dormant >6 months
CUST-2128,TXN825448,66,Male,CHECKING,LA,30/06/2021,09/02/2023,8306.84,EUR,,Deposit,695,4199.11,DEFAULT,YES,Accountant,9616.98,sara.brown@bank.org,Customer flagged for review
CUST-2168,TXN790335,-1,Female,Checking,N.Y.,2022-06-25,2022-08-19,5173.3,gbp,1944.05,Withdrawal,493,5603.02,closed,NO,accountant,6191.41,mike.wilson@outlook.com,KYC documents pending
CUST--3085,TXN701757,67,Female,savings,LA,09-Mar-2020,18/07/2022,15459.06,GBP,3969.98,Withdrawal,409,14345.33,ACTIVE,no,accountant,17307.25,chris.miller@yahoo.com,Account dormant >6 months
CUST-2405,TXN977709,59,F,Fixed Deposit,los angeles,06/10/2023,12/02/2024,1529.64,GBP,723.45,wire transfer,646,3210.27,Active,No,Enginelr,2251.8,sara.davis@yahoo.com,Auto-debit setup confirmed
CUST-1991,TXN558948,27,Female,checking,Houston,2019-12-08,25/11/2023,1631.59,EUR,530.76,wire transfer,557,,Active,no,Doctor,2597.0,taylor.miller@yahoo.com,
CUST-2326,TXN799616,57,FEMALE,SAVINGS,CHI,2020-05-25,12/08/2022,10040.59,USD ,4866.76,Withdrawal,718,7164.29,Default,Yes,Lawyer,0,taylor.anderson@outlook.com,Account dorma
CUST-1914,TXN217080,52,male,FD,CHI,05/14/21,2021-10-30,1247.66,eur,-68.71,withdrawal,642,6377.29,ACTIVE,,Accountant,6289.79,morgan.moore@outlook.com,Transaction verified by branch CHI
CUST-3155,TXN582699,48,F,savings,CHI,2018-06-25,11/07/2019,6561.05,eur,2221.11,Deposit,554,,,no,Doctor,4358.04,lee.jones@yahoo.com,
CUST-2482,TXN576652,50,Male,savings,Houston,27/04/2023,2024-06-01,26725.73,eur,623.22,Transfer,,33818.39,Defaulted,No,LAWYER,49524.05,john.jones@gmail.com,KYC documents pending
CUST-1663,TXN615139,47,F,savings,CHI,21/05/2019,2020-03-23,796.54,usd,558.15,ATM,607,5795.65,closed,Yes,Docter,1971.88,,Auto-debit setup confirmed
CUST-2744,TXN201520,,FEMALE,Fixed Deposit,los angeles,06/06/20,2020-07-21,8818.06,USD,,atm,512,3200.54,Defaulted,NO,Engineer,5935.7,chris.wilson@yahoo.com,
CUST-1471,TXN870621,21,F,fixed deposit,LA,12-05-2018,23/09/2021,307.79,usd,-350.25,Transfer,523,10584.3,Defaulted,No,Doctor,,taylor.smith@bank.org,Loan disbursed to account
CUST-2281,TXN251248,43,MALE,FD,LA,2019-04-10,06/01/2020,24786.15,usd,2957.43,atm,657,11365.72,Defaulted,YES,Docter,3066.09,chris.jackson@gmail.com,Account dormant >6 months
CUST-2111,TXN240297,21,Female,Savings,Chicago,01/11/2018,11/12/2018,528.35,gbp,135.68,withdrawal,,4825.88,active,yes,Docter,,mike.miller@gmail.com,Loan disbursed to account
CUST-2403,TXN696838,39,M,CHECKING,Los Angeles,2022-05-15,02/02/2024,24054.04,EUR,,Transfer,755,2083.54,DEFAULT,NO,Doctor,0,alex.wilson@outlook.com,KYC documents pending
CUST-1990,TXN432901,52,Male,Savings,Los Angeles,07-Jan-2019,06/02/2024,949.77,gbp,,Withdrawal,602,19941.0,Closed,Yes,teachr,,taylor.jones@outlook.com,Auto-debit setup confirmed
CUST-2926,TXN337108,34,FEMALE,checking,LA,09/19/21,02/04/2023,20087.43,gbp,4391.13,Wire Transfer,582,,,yes,Lawyer,19832.26,morgan.moore@bank.org,Transaction verified by branch LA
CUST-2361,TXN326484,27,MALE,savings,Chicago,10-10-2022,2023-05-13,4086.94,NGN,,withdrawal,587,26155.38,Active,YES,Accountant,9866.09,lee.jones@gmail.com,Transaction verified by branch Chicago
cust4719,TXN877960,65,MALE,CHECKING,CHI,08-12-2021,2022-02-07,17060.16, USD,184.42,Deposit,706,20496.63,Active,Yes,Engineer,29490.46,taylor.smith@yahoo.com,Customer fla
CUST-1783,TXN297093,54,F,Current,,11/15/21,01/01/2023,5567.32,gbp,1694.22,Transfer,571,24880.95,closed,Yes,,15633.17,sara.smith@bank.org,Loan disbursed to account
CUST-2397,TXN249336,65,FEMALE,fixed deposit,Phoenix,2021-05-07,07/05/2022,1238.07,eur,103.86,wire transfer,534,,Defaulted,No,Engineer,6990.03,mike.wilson@gmail.com,
CUST-2512,TXN398732,55,male,savings,N.Y.,2024-06-06,2024-06-20,3128.21,gbp,-308.49,Wire Transfer,651,44070.55,DEFAULT,NO,Docter,,chris.jackson@yahoo.com,KYC documents pending
CUST-1732,TXN783808,46,Female,SAVINGS,,01/09/2023,30/06/2024,4037.95,usd,1880.95,Withdrawal,591,49914.26,Closed,yes,Docter,8677.32,morgan.taylor@gmail.com,Account dormant >6 months
cust2670,TXN811267,72,MALE,savings,New York,04-25-2023,06/24/2023,7905.4,gbp,2487.89,Deposit,797,2779.19,Defaulted,NO,teachr,3522.41,,
CUST-1613,TXN800420,55,Female,Fixed Deposit,CHI,16-Jun-2024,2024-06-20,3096.67, USD,-34.71,withdrawal,648,4065.42,Defaulted,YES,Engineer,-363.87,john.miller@gmail.com,
CUST-3060,TXN631439,66,Female,Savings,LA,08-30-2018,08/21/2022,77474.49,NGN,36139.28,Deposit,584,2467.74,ACTIVE,no,Teacher,155753.55,pat.smith@gmail.com,
CUST-2704,TXN470225,38,M,Checking,Phoenix,12/01/20,01/29/2024,3984.27,NGN,94.95,Withdrawal,658,4282.07,DEFAULT,NO,enoinr,6738.18,mike.miller@gmail.com,
CUST-1309,TXN244935,59,MALE,Fixed Deposit,N.Y.,12/22/23,29/03/2024,1122.01,gbp,341.4,DEPOSIT,N/A,12384.07,Default,yes,Teacher,4804.45,sara.wilson@yahoo.com,Auto-debit setup confirmed
CUST-2100,TXN242042,49,female,FD,new york,01/19/18,2023-02-08,17541.97,EUR,,DEPOSIT,0,84427.97,Closed,no,Accountanh,13396.12,chris.anderson@gmail.com,Loan disbursed to account
CUST-2286,TXN347590,40,M,Current,Phoenix,09/15/22,19/06/2023,3115.5,NGN,1476.76,Wire Transfer,571,1988.59,,no,enginr,1780.49,taylor.brown@outlook.com,
CUST-1735,TXN933200,61,MALE,FD,los angeles,21-Oct-2019,05/22/2021,4745.72,NGN,-500,Deposit,645,,Active,Yes,Engineer,-6647.41,pat.taylor@yahoo.com,Customer flagged for review
CUST-2923,TXN139802,57,,CHECKING,LA,22/10/2019,05/15/2023,49197.58,eur,9096.1,Deposit,516,1094.73,ACTIVE,yes,Teacher,60031.83,chris.miller@,
CUST-2634,TXN324449,49,FEMALE,Current,,06-Dec-2019,09/14/2022,3417.8, USD,1146.88,ATM,507,36414.94,Closed,no,Engineer,8582.34,morgan.jones@bank.org,Transaction verified by branch None
CUST-1187,TXN564586,58,female,FD,CHI,2020-03-03,31/12/2023,23224.14,NGN,,withdrawal,704,23351.69,,NO,accountant,19894.44,chris.anderson@gmail.com,Auto-debit setup confirmed
CUST-3022,TXN746257,25,M,FD,CHI,02/04/2024,04/20/2024,3348.87, USD,488.82,atm,685,8358.74,Defaulted,yes,teachr,845.58,sara.moore@bank.org,
CUST-2845,TXN659426,64,F,CHECKING,Los Angeles,13/11/2018,2023-03-04,7372.93,usd,895.55,Transfer,553,4601.16,active,NO,Docter,10887.06,morgan.brown@bank.org,Customer flagged for review
CUST-2009,TXN592987,58,M,fixed deposit,new york,28-Mar-2024,06/27/2024,160.08,EUR,-0.85,wire transfer,,31878.95,Active,yes,Accountant,-5218.95,alex.wilson@bank.org,
CUST-1290,TXN573870,60,MALE,Savings,,15/01/2022,2024-02-07,1042.96,GBP,453.94,Withdrawal,528,4633.55,Closed,No,LAWYER,2255.23,jane.davis@bank.org,
CUST-1278,TXN924047,32,Female,FD,Houston,2021-09-10,26/03/2023,4923.06,NGN,1995.91,withdrawal,950,60488.26,Active,Yes,Lawyer,4909.23,lee.taylor@yahoo.com,
CUST--7007,TXN259739,70,M,Current,new york,02/23/23,13/02/2024,7578.76,usd,3164.79,Deposit,680,24124.43,Closed,NO,,23013.2,john.smith@outlook.com,Loan disbursed to account
CUST-3066,TXN955535,53,Male,Checking,new york,26/08/2020,2023-03-29,-99999,EUR,-49239.38,Deposit,631,5268.88,Closed,Yes,accountant,-101343.84,lee.taylor@bank.org,Loan disbursed to account
CUST-2516,TXN917971,29,Female,savings,Los Angeles,07-Aug-2022,2023-07-17,8102.61,GBP,32.87,Deposit,613,2106.42,active,no,Accountant,8980.51,leejonesgmail.com,
CUST-1570,TXN289863,28,female,Current,N.Y.,28-Aug-2019,2022-07-20,223.92,USD ,,wire transfer,745,3037.63,closed,yes,Teacher,-2090.69,lee.jackson@gmail.com,
CUST-2827,TXN885178,,female,Savings,CHI,17/02/2023,19/05/2024,740.7, USD,,ATM,668,8971.32,Closed,No,enginr,2201.89,sara.moore@bank.org,Transact
CUST-1844,TXN619846,23,FEMALE,Current,N.Y.,16/02/2019,07/09/2021,2278.7,gbp,133.41,DEPOSIT,705,16892.71,Closed,,Doctor,-652.64,lee.davis@yahoo.com,Transaction verified by branch N.Y.
CUST-3126,TXN298148,,M,fixed deposit,,04-10-2018,16/08/2023,1311.87,eur,-136.51,Wire Transfer,615,6383.01,ACTIVE,,Docter,,leemooregmail.com,KYC documents pending
CUST-2228,TXN184072,35,male,Checking,CHI,30/07/2021,11/10/2023,2893.75,EUR,5.52,atm,737,57517.08,active,yes,teachr,7880.25,,
CUST-2750,TXN285352,55,MALE,Fixed Deposit,new york,19-Jan-2022,11/19/2022,3472.34,GBP,2001.56,Withdrawal,624,,active,No,accountant,787.49,lee.miller@bank.org,
CUST-2197,TXN189401,67,FEMALE,CHECKING,Los Angeles,07/01/2022,06/25/2024,2940.18,eur,1328.33,ATM,,,Default,,Enginenr,-3549.18,lee.wilson@bank.org,Customer flagged for review
CUST-1611,TXN811218,18,FEMALE,Current,Los Angeles,03/02/2024,2024-03-10,8428.53,gbp,371.8,Wire Transfer,787,59427.68,Defaulted,yes,enginr,,john.moore@bank.org,Auto-debit setup confirmed
CUST-2858,TXN131627,60,female,fixed deposit,CHI,03/17/20,05/26/2023,1527.46, USD,306.93,Withdrawal,,13096.02,closed,Yes,LAWYER,8322.77,john.taylor@gmail.com,KYC documents pending
CUST-2563,TXN203404,57,female,Checking,Los Angeles,06/12/19,02/26/2021,361.18, USD,16.21,DEPOSIT,639,8979.02,ACTIVE,No,heacher,-860.25,sara.wilson@bank.org,Customer flagged for review
CUST-2953,TXN929648,20,Female,Savings,LA,29-Nov-2019,03/21/2021,9914.69, USD,2746.31,atm,735,,Defaulted,yes,Lawyer,,lee.taylor@outlook.com,Loan disbursed to account
CUST-1571,TXN160329,67,F,CHECKING,New York,17-Aug-2019,12/20/2021,5961.58,eur,1528.99,Deposit,629,,DEFAULT,no,enginr,,morgan.davis@yahoo.com,Auto-debit setup confirmed
CUST-1498,TXN921739,41,F,savings,LA,2022-07-20,08/10/2023,312.79,USD ,137.86,withdrawal,687,23999.45,closed,YES,Accountant,761.35,lee.davis@bank.org,Account dormant >6 months
CUST-2816,TXN287935,56,Female,savings,New York,2021-08-17,08/20/2021,34966.4,GBP,12632.97,atm,783,,Defaulted,YES,Engineer,23991.98,chris.miller@bank.org,Customer flagged for review
CUST-1135,TXN587192,48,M,Fixed Deposit,New York,06-29-2018,2022-01-11,2655.39, USD,142.43,withdrawal,672,,closed,yes,Docter,2519.89,alex.jones@yahoo.com,Account dormant >6 months
CUST-1305,TXN391248,35,Male,SAVINGS,Houston,2018-01-06,2022-02-25,7795.21, USD,474.07,withdrawal,,32838.45,ACTIVE,NO,accountant,15626.12,taylor.anderson@outlook.com,
CUST-1708,TXN612900,69,F,Checking,N.Y.,08/01/21,10/25/2021,12067.7,USD ,2278.17,Deposit,,,DEFAULT,NO,,11248.34,taylor.smith@yahoo.com,Account dormant >6 months
CUST-3013,TXN775833,49,Female,SAVINGS,Phoenix,28-Dec-2020,2024-02-05,953.65,usd,-93.87,Wire Transfer,660,2798.85,ACTIVE,Yes,Accountant,3198.93,jane.davis@bank.org,
CUST-3027,TXN479559,60,MALE,Fixed Deposit,N.Y.,03/23/20,11/27/2021,15777.92, USD,4761.35,atm,624,30809.26,Closed,no,Lawyer,,mike.smith@outlook.com,Transaction verified by branch N.Y.
CUST-2167,TXN253098,67,F,savings,CHI,2022-12-18,03/15/2023,3051.98,eur,1552.81,wire transfer,1200,5185.8,Closed,yes,Engineer,1591.91,taylor.moore@bank.org,Customer flagged for review
CUST-2385,TXN387626,19,Male,fixed deposit,new york,23-Dec-2018,2019-01-21,2154.29,USD,339.72,atm,756,,active,YES,Accountant,,,Auto-debit setup confirmed
CUST-2272,TXN826612,61,MALE,Fixed Deposit,Los Angeles,05/04/2019,17/01/2020,619.72,USD,,Wire Transfer,691,5432.2,Default,No,enginr,-3510.13,sara.wilson@outlook.com,
cust7130,TXN743668,67,female,CHECKING,Houston,10-Jan-2023,2023-07-15,1305.31,GBP,330.26,wire transfer,609,6989.89,Default,No,Docter,-1577.7,taylor.brown@gmail.com,
CUST-2940,TXN854498,19,male,savings,new york,06/18/24,20/06/2024,2770.69,gbp,-71.13,Withdrawal,829,13048.52,active,Yes,LAWYER,432.01,sara.anderson@bank.org,
CUST-1328,TXN248513,19,MALE,Checking,Houston,28/03/2022,12/29/2023,1169.52,USD ,896.56,Wire Transfer,634,10071.18,Active,NO,teachr,,mike.taylor@outlook.com,Auto-debit setup confirmed
CUST-2103,TXN955681,74,Male,FD,los angeles,03-17-2018,2019-03-05,2822.86,USD,1268.26,withdrawal,608,175757.48,Default,NO,Doctor,8035.56,taylor.jones@outlook.com,KYC documents pending
CUST-2129,TXN449008,62,Male,Fixed Deposit,new york,26/03/2020,2022-09-24,8665.6,NGN,,atm,714,3470.09,active,yes,enginr,3476.95,jane.miller@bank.org,Auto-debit setup confirmed
CUST-1674,TXN554769,53,Male,FD,CHI,01-09-2020,2022-12-27,1503.9,usd,481.78,withdrawal,697,4640.5,Default,yes,accountant,-490.97,jane.anderson@bank.org,Account dormant >6 months
CUST-2326,TXN799616,57,FEMALE,SAVINGS,CHI,2020-05-25,12/08/2022,10040.59,USD ,4866.76,Withdrawal,718,7164.29,Default,Yes,Lawyer,0,taylor.anderson@outlook.com,Account dorma
CUST-3104,TXN374690,55,F,Fixed Deposit,Phoenix,2023-11-27,2024-01-01,22843.67,USD ,4388.46,Withdrawal,683,4931.26,DEFAULT,YES,,22172.7,jane.wilson@outlook.com,Auto-debit setup confirmed
CUST-2709,TXN213252,73,Male,Fixed Deposit,Phoenix,03/20/24,2024-03-21,34852.66,USD,515.42,Wire Transfer,696,6781.66,Defaulted,Yes,Accountant,12938.72,chris.davis@gmail.com,Account dormant >6 months
CUST-1827,TXN197955,,male,Checking,N.Y.,09-Jun-2018,08/11/2019,191.04,usd,-205.31,Deposit,769,51932.62,closed,YES,Lawyer,-371.87,chris.wilson@gmail.com,
CUST-1418,TXN359026,68,female,Fixed Deposit,new york,2023-06-07,01/28/2024,36022.13,EUR,4726.27,atm,,12949.01,DEFAULT,yes,,65931.48,lee.moore@yahoo.com,Transac
CUST-1729,TXN752185,32,MALE,checking,new york,2020-01-21,09/07/2022,4050.45,eur,292.52,atm,618,11130.6,active,No,Lawyer,1569.19,alex.smith@yahoo.com,
CUST-2025,TXN911914,54,male,FD,los angeles,11/04/2020,02/13/2021,5394.48,GBP,,wire transfer,602,5122.31,Closed,yes,Teacher,11106.11,pat.jackson@outlook.com,
CUST-1993,TXN114355,62,male,Fixed Deposit,Phoenix,09-11-2020,2021-12-11,1851.91,USD ,895.55,Withdrawal,665,56859.73,active,NO,znginr,5941.18,morgan.miller@bank.org,Transaction verified by branch Phoenix
CUST-2119,TXN832055,,Male,Checking,N.Y.,05/28/21,08/12/2023,402.66,USD ,75.51,Withdrawal,684,10303.16,Active,NO,Teacher,6386.92,mike.miller@outlook.com,Customer flagged for review
CUST-3152,TXN545377,54,female,checking,LA,2019-11-06,08/15/2021,2935.67,NGN,396.44,DEPOSIT,591,3253.26,closed,Yes,Lawyer,4904.5,morgan.moore@,Account dormant >6 months
CUST-1134,TXN769989,47,FEMALE,Savings,N.Y.,2019-08-12,2023-01-22,51286.84,gbp,17256.4,Wire Transfer,589,3329.19,Defaulted,yes,Accountant,32330.2,jane.jackson@gmail.com,Account dormant >6 months
CUST-2436,TXN300039,75,MALE,CHECKING,Phoenix,09-29-2020,04/12/2023,21622.59,usd,5495.96,DEPOSIT,577,21120.38,Active,no,LAWYER,40893.63,taylor.moore@outlook.com,Loan disbursed to account
CUST-1175,TXN121215,68,male,Checking,Houston,2022-12-20,02/19/2024,4171.95,GBP,1911.53,ATM,657,3740.56,ACTIVE,YES,Engineer,,john.miller@bank.org,Customer flagged for review
CUST-1273,TXN157076,51,Female,fixed deposit,los angeles,01/03/23,06/03/2023,553.31,usd,98.83,Deposit,663,13259.26,ACTIVE,YES,Lawyer,2038.33,pat.jackson@gmail.com,Account dormant >6 months
CUST-3137,TXN736978,64,female,savings,N.Y.,12/08/2021,2023-05-10,927.54,GBP,86.92,DEPOSIT,628,-681.53,ACTIVE,Yes,Accountant,9645.85,mike.brown@gmail.com,Customer flagged for review
CUST-2175,TXN941081,54,M,CHECKING,Phoenix,04/17/20,10/07/2021,1379.05,usd,389.37,withdrawal,792,8212.81,Default,yes,Engineer,1035.07,lee.smith@bank.org,Loan disburs
CUST-2675,TXN494063,73,Female,Fixed Deposit,Los Angeles,12/06/18,10/28/2021,3015.71,NGN,296.71,Transfer,605,1245.13,active,yes,Docter,,jane.jackson@outlook.com,Auto-debit setup confirmed
CUST-2897,TXN215049,67,M,Fixed Deposit,CHI,29/05/2021,20/03/2024,3975.9,EUR,1268.57,atm,675,7056.22,Default,YES,Accountant,4656.67,jane.moore@bank.org,Loan disbursed to account
CUST-3075,TXN681377,51,M,Fixed Deposit,Chicago,2019-09-29,2022-07-27,3479.61,USD,18.18,wire transfer,572,7804.35,Default,,Accountant,8237.46,jane.taylor@bank.org,Auto-debit setup confirmed
CUST-2543,TXN437178,50,Female,Checking,,25/05/2021,04/20/2022,207.16,USD,156.55,atm,631,16439.75,DEFAULT,Yes,Lawyer,4046.91,lee.jones@outlook.com,Customer flagged for review
CUST-2029,TXN733868,31,Male,checking,N.Y.,2024-02-15,2024-04-21,2685.71,USD ,-151.95,withdrawal,734,4495.75,Defaulted,YES,gocter,-732.24,pat.moore@bank.org,KYC documents pending
CUST-1847,TXN856255,46,Male,Fixed Deposit,los angeles,23/04/2024,19/05/2024,9377.28,EUR,2729.32,DEPOSIT,599,14712.33,Default,No,LmWYER,6826.65,pat.brown@yahoo.com,
CUST-2344,TXN650951,39,M,Savings,Chicago,05-02-2023,2024-06-30,18540.64,eur,2152.36,Transfer,621,,Defaulted,NO,teachr,7635.86,jane.jackson@gmail.com,KYC documents pending
CUST-2022,TXN780991,49,F,checking,Los Angeles,28/07/2018,03/10/2022,368.06,EUR,388.98,DEPOSIT,554,10783.83,closed,No,accountant,-4091.48,sara.taylor@outlook.com,Transaction verified by branch Los Angeles
CUST-1608,TXN929513,64,FEMALE,Current,los angeles,02/11/22,2023-05-21,11281.69,USD,2335.55,Deposit,653,16047.83,Defaulted,no,Accountant,14721.52,morgan.wilson@bank.org,KYC documents pending
CUST-1810,TXN132473,52,FEMALE,checking,Houston,23-Mar-2023,26/12/2023,32303.81,EUR,2814.09,wire transfer,558,7248.07,Closed,No,accountant,28094.19,morgan.jackson@yahoo.com,Account dormant >6 months
CUST-3016,TXN746107,35,female,checking,New York,01/27/21,31/08/2023,713.68,gbp,267.61,withdrawal,643,,Defaulted,yes,accountant,-7344.82,morgan.miller@yahoo.com,
CUST-1707,TXN492264,57,M,savings,N.Y.,2022-03-08,05/09/2024,9567.35,eur,2991.52,Wire Transfer,771,3137.19,ACTIVE,Yes,Lawyer,21985.13,alex.smith@bank.org,Customer flagged for review
CUST-1487,TXN182976,56,female,Savings,Phoenix,2022-08-01,2024-05-15,12673.61,usd,781.91,DEPOSIT,551,4480.71,Defaulted,no,Teacher,10343.94,morgan.wilson@outlook.com,KYC docume
CUST-2217,TXN779461,50,female,checking,,2023-03-17,05/07/2024,2600.31,USD ,587.9,withdrawal,702,21245.64,active,Yes,Lawyer,,lee.miller@bank.org,Transaction verified by branch None
CUST-1967,TXN278539,57,,SAVINGS,los angeles,29-Feb-2024,09/04/2024,1329.99,NGN,361.72,Deposit,501,8480.22,Defaulted,yes,teachr,3227.02,chris.jackson@bank.org,
CUST-1851,TXN938991,39,female,Fixed Deposit,CHI,09-Mar-2022,09/10/2023,4101.51,NGN,808.59,Withdrawal,615,12186.12,ACTIVE,,Doctor,8888.05,taylor.wilson@yahoo.com,Auto-d
CUST-2011,TXN553190,63,male,Checking,,04/03/22,12/19/2023,5041.99,NGN,624.03,Deposit,658,4999.9,Closed,NO,,-5417.59,john.miller@bank.org,KYC documents pending
CUST-1248,TXN664570,47,MALE,Current,,04/08/23,2023-09-17,9089.69,eur,3725.31,DEPOSIT,635,8253.84,closed,YES,Doctor,5199.29,pat.wilson@gmail.com,KYC documents pending
CUST-1853,TXN207312,71,M,SAVINGS,Phoenix,23/10/2020,08/21/2021,130.36,EUR,93.62,Withdrawal,827,5653.11,ACTIVE,yes,,-3464.08,taylor.anderson@bank.org,
CUST-2606,TXN292183,18,male,Checking,Phoenix,04-26-2022,03/11/2024,616.91,GBP,4.44,Wire Transfer,613,,Defaulted,yes,Engineer,2075.26,lee.smith@outlook.com,KYC documents pending
CUST-1502,TXN964286,22,FEMALE,Savings,Houston,2023-08-14,10/17/2023,1219.88,GBP,627.96,Wire Transfer,,186791.54,Default,Yes,Engineer,6175.28,mike.davis@yahoo.com,Auto-debit setup confirmed
CUST-2373,TXN155274,37,Male,Current,los angeles,31-Jan-2022,11/06/2022,1885.28,GBP,524.08,withdrawal,806,7622.83,active,YES,accountant,-211.42,chris.brown@yahoo.com,Customer flagged for review
CUST-1440,TXN356779,72,FEMALE,FD,new york,31/02/2020,02/13/2023,4859.52,GBP,191.95,atm,,11367.16,Default,yes,Accountann,4843.6,sara.jones@gmail.com,KYC documents pending
CUST-2939,TXN768908,,female,fixed deposit,los angeles,22-Feb-2019,18/09/2021,1720.7,GBP,867.78,Withdrawal,651,3020.99,DEFAULT,Yes,Doctow,5216.97,taylor.anderson@outlook.com,
CUST-2087,TXN507233,75,female,CHECKING,new york,04-17-2022,02/19/2023,2001.38,gbp,659.1,DEPOSIT,640,10554.09,active,yes,LAWYER,1346.49,morgan.smith@bank.org,Loan disbursed to account
cust7449,TXN328026,59,Male,fixed deposit,los angeles,01/25/18,2021-05-31,10519.28,eur,934.21,Withdrawal,614,1224.71,,no,Docter,10487.06,,Loan disbursed to account
cust1507,TXN125680,,Female,Fixed Deposit,los angeles,26-Apr-2018,2019-10-22,15806.1,eur,3941.91,withdrawal,762,5985.62,DEFAULT,yes,Teacher,29189.87,lee.anderson@gmail.com,
CUST-2215,TXN446865,64,F,checking,Houston,07/04/2020,16/02/2021,11095.12,NGN,2256.24,ATM,701,,active,,accountant,-5869.81,taylor.jackson@yahoo.com,Account dormant >6 months
CUST-1832,TXN445641,53,M,fixed deposit,los angeles,02-Jul-2020,10/04/2020,128969.97,GBP,43150.65,atm,647,15375.69,Active,yes,LAWYER,223742.77,mike.moore@yahoo.com,Loan disbursed to account
CUST-1640,TXN126148,32,Female,Checking,Houston,2022-12-27,08/29/2023,26469.11,USD,4710.73,Wire Transfer,713,8811.62,ACTIVE,No,accountant,28403.96,morgan.jackson@bank.org,Transaction verified by branch Houston
CUST-1791,TXN418170,67,FEMALE,FD,N.Y.,10-10-2021,10/18/2023,5667.34,EUR,2401.4,ATM,1200,4474.67,Default,Yes,LAWYER,2471.34,taylor.smith@bank.org,Auto-debit setup confirmed
CUST-2708,TXN288810,60,male,Fixed Deposit,,03-25-2018,19/06/2022,3975.22,eur,952.36,Withdrawal,605,12431.17,ACTIVE,No,,14665.76,mike.jackson@bank.org,
CUST-2566,TXN709869,72,MALE,Current,Houston,16/05/2018,2021-11-05,21399.28,EUR,9616.58,DEPOSIT,,5253.29,,No,Teacher,16623.8,alex.davis@outlook.com,Loan disbursed to account
CUST-1709,TXN263678,69,F,fixed deposit,LA,2020-10-20,2023-03-16,1196.45,eur,372.59,wire transfer,,27531.42,Closed,yes,Lawyer,292.37,alex.brown@yahoo.com,Loan disbursed to account
CUST-1147,TXN663356,26,F,Savings,Phoenix,09-Feb-2024,07/04/2024,996.7,NGN,511.07,Withdrawal,653,4223.42,active,Yes,,11933.29,john.brown@outlook.com,Account dormant >6 months
CUST-2055,TXN396059,29,F,Savings,Houston,08/23/22,2024-06-18,37.66, USD,119.45,ATM,552,1077.78,DEFAULT,No,Lawyer,-14106.54,alex.wilson@yahoo.com,
CUST-1380,TXN959860,50,F,SAVINGS,new york,09/14/19,24/08/2022,2913.28,eur,1135.25,Transfer,659,3062.33,Default,no,Accounjant,8943.18,chris.brown@gmail.com,KYC documents pending
CUST-1510,TXN312134,20,F,CHECKING,N.Y.,2018-04-25,2021-04-22,17736.32,gbp,5218.16,Wire Transfer,678,23627.11,closed,Yes,accountant,33265.39,morgan.moore@yahoo.com,Auto-debit setup confirmed
CUST-2861,TXN253610,,Male,SAVINGS,new york,04/05/19,08/19/2023,3265.53,eur,1939.37,withdrawal,656,26339.99,Closed,NO,Docter,2526.23,pat.moore@gmail.com,Auto-debit setup confirmed
CUST-3002,TXN743476,38,,fixed deposit,LA,26/11/2023,12/04/2023,2702.37,gbp,989.76,wire transfer,561,6004.75,,Yes,Engineer,489.29,john.jones@outlook.com,Auto-debit setup confirmed
CUST-2692,TXN249739,57,Male,savings,Phoenix,2020-07-17,02/13/2023,433.37,NGN,-160.1,Withdrawal,,9571.0,Active,yes,,,lee.smith@yahoo.com,Account dormant >6 months
CUST-2846,TXN195512,43,Male,FD,los angeles,12/05/23,05/05/2024,29921.33,USD ,13342.94,wire transfer,602,13070.86,Defaulted,,Doctor,,sara.miller@yahoo.com,
CUST-2614,TXN219162,39,F,SAVINGS,New York,05/30/19,05/08/2022,647.51,USD ,-86.94,Deposit,546,3292.99,Closed,,Engineer,,morgan.anderson@,Account dormant >6 months
CUST-1787,TXN715561,35,Female,Fixed Deposit,Houston,12-13-2023,29/05/2024,32362.59,eur,,DEPOSIT,761,2117.25,,Yes,Accountant,16113.75,alex.anderson@bank.org,Transaction verifi
CUST-1435,TXN394301,44,female,checking,Phoenix,2018-04-18,04/05/2019,1523.88,usd,342.5,Wire Transfer,655,,Active,NO,Doctor,4669.59,morgan.davis@gmail.com,
CUST-1742,TXN311800,20,Female,Checking,los angeles,30/09/2022,07/11/2023,35707.31,usd,5399.54,Wire Transfer,601,13242.78,ACTIVE,NO,enginr,38061.94,sara.wilson@gmail.com,Auto-debit setup confirmed
CUST-1414,TXN180552,49,MALE,savings,LA,01-19-2020,11/17/2023,706.87,GBP,212.64,Withdrawal,737,53347.71,DEFAULT,,LAWYER,,pat.anderson@gmail.com,Account dormant >6 months
CUST-1882,TXN830121,54,F,Savings,Los Angeles,04/04/19,2019-05-17,2329.71, USD,457.43,Wire Transfer,570,2934.0,ACTIVE,no,LAWYER,-3978.9,morgan.taylor@yahoo.com,
cust9102,TXN776552,63,Male,Savings,new york,10-01-2021,10/06/2022,-1,eur,-252.73,ATM,497,4594.21,ACTIVE,no,Teacher,9006.92,morgan.davis@yahoo.com,Customer flagged for review
CUST-3178,TXN223604,35,female,fixed deposit,los angeles,23/09/2023,02/20/2024,4710.87, USD,1679.81,Deposit,,33045.73,,No,LAWYER,,lee.smith@bank.org,
CUST-1721,TXN417386,41,Male,Current,N.Y.,01/04/23,07/07/2023,6819.98,NGN,1140.71,ATM,612,5369.95,Defaulted,NO,Teacher,13427.4,morgan.taylor@gmail.com,Auto-debit setup confirmed
CUST-2630,TXN595205,0,female,Fixed Deposit,Chicago,30-Dec-2018,02/26/2023,543.89,EUR,423.23,atm,,13901.67,,yes,accountant,,morgan.jones@yahoo.com,
CUST-2374,TXN569428,74,FEMALE,Current,N.Y.,31/02/2020,21/03/2023,5570.29,gbp,974.26,atm,648,29102.38,DEFAULT,no,accountant,7284.52,jane.jackson@outlook.com,Account dormant >6 months
CUST-3033,TXN384298,18,FEMALE,Checking,los angeles,05-Nov-2023,20/01/2024,2149.5,USD,602.7,atm,663,16347.38,ACTIVE,NO,teachr,6349.89,taylor.brown@gmail.com,Customer flagged for review
CUST-1192,TXN912853,43,male,FD,N.Y.,00/13/2019,06/16/2024,608.61, USD,41.03,Transfer,726,3023.81,Closed,YES,enginr,2744.1,jane.anderson@outlook.com,Auto-debit setup confirmed
CUST-1934,TXN250656,41,male,Savings,N.Y.,02/02/23,24/02/2024,5377.4,eur,2113.0,atm,664,12839.37,Active,No,Engineer,6629.82,chris.wilson@gmail.com,
CUST-1692,TXN493139,200,M,SAVINGS,New York,06-10-2024,19/06/2024,1094.8,USD ,403.67,Transfer,,864.17,,yes,Lawyer,-8910.4,,Account dormant >6 months
CUST-1631,TXN206436,68,F,Checking,New York,07-30-2023,09/02/2024,562.31,NGN,511.52,withdrawal,729,10728.26,Default,Yes,Doctor,9696.15,lee.moore@yahoo.com,Auto-debit setup confirmed
CUST-2550,TXN846855,38,Female,FD,LA,01-12-2023,2023-02-08,282.27,USD ,-136.25,ATM,467,,active,,LAWYER,4394.54,lee.jones@yahoo.com,
CUST-1494,TXN475921,58,M,checking,Los Angeles,01/24/18,17/08/2019,1320.8,eur,59.1,ATM,600,6848.99,Defaulted,No,LAWYER,-1059.75,alex.brown@bank.org,Customer flagged for review
CUST-3019,TXN548828,63,M,checking,Los Angeles,2022-04-10,09/08/2023,901.3,gbp,229.2,Deposit,668,14864.96,Defaulted,Yes,Lawyer,8632.95,pat.taylor@yahoo.com,Transaction verified by branch Los Angeles
CUST-2169,TXN306676,34,male,Current,Chicago,06-May-2019,2023-08-17,752.23,EUR,407.25,withdrawal,599,7775.3,active,YES,acciuntant,,,Loan disbursed to account
CUST-1675,TXN969459,67,F,CHECKING,new york,23/02/2023,05/01/2024,742.45,EUR,18.07,DEPOSIT,582,14373.3,Closed,no,Docter,-7848.35,lee.moore@yahoo.com,Customer flagged for review
CUST-1673,TXN267439,24,M,SAVINGS,,03-03-2024,03/12/2024,624.49,usd,103.78,Deposit,621,3751.85,DEFAULT,,LAWYER,,john.miller@gmail.com,
CUST-3151,TXN391473,55,MALE,Savings,new york,2024-06-28,06/29/2024,8372.8,EUR,1856.42,wire transfer,777,13374.82,ACTIVE,YES,Engineer,6169.29,john.miller@bank.org,Account dormant >6 months
CUST-2402,TXN550274,20,Female,Savings,New York,01/09/23,2024-02-24,21143.93,USD,,DEPOSIT,536,4832.66,active,Yes,Doctor,34744.49,jane.brown@yahoo.com,Transaction verified by branch New York
CUST-1835,TXN947061,75,M,fixed deposit,Chicago,2019-07-13,12/04/2022,4173.5,USD,647.47,atm,,30091.07,Defaulted,YES,,5195.2,chris.taylor@outlook.com,
CUST-3081,TXN772521,67,Female,fixed deposit,Houston,02/10/24,2024-05-13,11359.58,USD ,4053.58,ATM,595,9749.42,Defaulted,Yes,Doctor,32968.93,,
CUST-1379,TXN607348,30,MALE,SAVINGS,los angeles,14-Feb-2024,04/25/2024,61.16,eur,-81.89,ATM,681,1846.58,,,LAWYER,946.7,alex.brown@bank.org,Customer flagged for review
CUST-2763,TXN702000,58,M,Current,new york,15/08/2023,04/15/2024,11950.34,GBP,4077.04,atm,621,20900.16,Active,yes,Teacher,19889.32,taylor.taylor@outlook.com,Auto-debit setup confirmed
CUST-1437,TXN460991,55,male,fixed deposit,Los Angeles,11/10/20,2021-07-02,711.46,EUR,292.85,Withdrawal,815,2786.29,Active,Yes,Accountant,1202.02,john.moore@yahoo.com,Customer flagged for review
CUST--8775,TXN548709,29,Female,Savings,CHI,00/13/2019,22/12/2023,2417.81,USD,1419.18,atm,566,14954.6,closed,NO,teachr,-3303.99,morgan.jackson@gmail.com,
CUST-2822,TXN483745,19,female,Current,N.Y.,26/02/2024,2024-04-28,5671.12,USD,370.96,DEPOSIT,825,21072.07,Closed,Yes,Teacher,4554.87,pat.moore@outlook.com,
CUST-1052,TXN941204,65,male,Checking,LA,04-12-2023,2023-12-03,9024.51,GBP,3043.19,withdrawal,640,5996.29,closed,yes,Accountann,2009.75,jane.moore@gmail.com,Transaction verified by branch LA
CUST-2209,TXN864977,19,Female,SAVINGS,LA,2024-04-26,05/21/2024,3086.5,NGN,626.35,withdrawal,528,2141.57,Default,NO,Docter,-8372.64,mike.smith@gmail.com,Loan disbursed to account
CUST-3020,TXN843799,50,female,fixed deposit,LA,08/03/2024,24/03/2024,1873.26,NGN,235.36,Transfer,,,ACTIVE,Yes,enginr,1967.97,morgan.wilson@outlook.com,
CUST-2848,TXN603920,23,F,CHECKING,Los Angeles,2023-09-10,2023-11-01,1839.72,EUR,88.96,Transfer,803,2154.16,active,Yes,enginr,11879.15,sara.miller@gmail.com,Auto-debit setup confirmed
CUST-1168,TXN554197,43,MALE,savings,new york,2020-02-06,06/12/2020,775.97,GBP,212.61,ATM,595,21485.2,active,No,enginr,243.68,alex.brown@,Transaction verified by branch new york
CUST-3136,TXN799438,150,MALE,checking,new york,10/12/2023,19/01/2024,19495.15,usd,3154.76,Transfer,620,6526.21,,YES,enginr,5726.17,alex.jones@gmail.com,Account dormant >6 months
CUST-2220,TXN974316,45,Female,Fixed Deposit,Houston,12/08/18,2021-07-08,4977.77,usd,373.45,ATM,601,4301.71,active,no,LAWYER,827.05,jane.moore@yahoo.com,Account dormant >6 months
CUST-2465,TXN430768,47,male,Current,los angeles,2022-12-13,18/03/2023,5220.25, USD,2688.63,withdrawal,602,,ACTIVE,Yes,Accountant,-5209.76,john.smith@outlook.com,Transaction verified by branch los angeles
CUST-2245,TXN190523,56,female,fixed deposit,Chicago,02-20-2022,08/05/2023,621.23,EUR,-0.01,Withdrawal,,4339.39,Closed,Yes,,4323.82,pat.jones@gmail.com,
CUST-2280,TXN213105,47,MALE,Checking,Phoenix,14-May-2023,2023-12-27,13825.39,USD ,624.16,Deposit,604,6117.29,Default,no,Docter,16023.01,alex.brown@gmail.com,Account dormant >6 months
cust9531,TXN341500,48,male,Fixed Deposit,New York,16-Jan-2024,2024-03-22,9999999,eur,125546.57,Wire Transfer,709,14901.82,Defaulted,yes,enginr,16370477.34,jane.jackson@outlook.com,Customer flagged for review
CUST-2884,TXN410616,,male,Checking,CHI,04-28-2019,03/21/2024,3302.66,USD,641.89,ATM,,1999.51,DEFAULT,YES,,6868.09,jane.taylor@gmail.com,Auto-debit setup confirmed
CUST-1027,TXN564920,33,Female,CHECKING,N.Y.,09/01/2022,22/07/2022,9208.66,USD ,1207.37,Deposit,577,32951.57,active,No,Teacher,11158.03,morgan.davis@gmail.com,Account dormant >6 months
CUST-1733,TXN467544,60,female,FD,N.Y.,07-Apr-2022,12/05/2022,6833.28,NGN,,atm,630,26917.49,DEFAULT,Yes,Lawyer,9999999999,sara.smith@outlook.com,KYC documents pending
CUST-1570,TXN289863,28,female,Current,N.Y.,28-Aug-2019,2022-07-20,223.92,USD ,,wire transfer,745,3037.63,closed,yes,Teacher,-2090.69,lee.jackson@gmail.com,
CUST-1657,TXN726915,53,F,checking,N.Y.,2020-04-27,10/26/2020,13843.41,EUR,3389.96,withdrawal,733,9366.43,Defaulted,Yes,Engineer,15918.36,pat.moore@yahoo.com,Account dormant >6 months
CUST-2847,TXN448099,70,male,Checking,Chicago,2023-12-10,2024-03-01,3747.29,EUR,-99.0,withdrawal,827,2105.46,Default,Yes,Doctoi,0,alex.miller@gmail.com,Transaction verified by branch Chicago
CUST-1393,TXN143046,50,F,CHECKING,New York,2019-09-18,12/02/2021,1724.29,GBP,-102.92,withdrawal,566,1134.16,Active,Yes,Accountant,10964.57,pat.anderson@yahoo.com,Account dormant >6 months
CUST-1872,TXN112498,18,M,SAVINGS,Phoenix,08-Nov-2023,04/01/2024,4883.71,eur,1488.06,Wire Transfer,614,4055.18,,Yes,,-1394.8,sara.jones@yahoo.com,KYC documents pending
CUST-3107,TXN742419,,Female,savings,Houston,2024-05-16,06/29/2024,16789.73,USD ,5902.75,wire transfer,661,2763.77,ACTIVE,YES,Engineer,31349.19,pat.taylor@yahoo.com,
CUST-2362,TXN481228,55,F,Savings,CHI,22/03/2018,2023-08-12,876.35, USD,-141.68,Transfer,674,4687.21,closed,yes,Teacher,9734.69,chris.brown@outlook.com,Auto-debit setup confirmed
CUST-1848,TXN929414,18,female,Current,CHI,07/22/20,2022-01-31,2092.35,USD,238.92,ATM,683,10581.03,Default,No,Doctor,1106.47,jane.wilson@yahoo.com,Account dormant >6 months
CUST-2288,TXN281396,67,M,FD,,18-Oct-2020,2024-05-15,50648.02,USD ,16571.71,Deposit,705,3511.89,ACTIVE,YES,Docter,31557.91,jane.anderson@gmail.com,Auto-debit setup confirmed
CUST-2122,TXN235103,65,male,Savings,New York,12/10/2018,2019-06-21,2477.45,GBP,975.15,Transfer,597,-43.34,,Yes,tevchr,2937.02,john.wilson@bank.org,Transaction verified by branch New York
CUST-1220,TXN256557,19,MALE,savings,CHI,02/07/20,2024-06-27,3915.9,eur,609.75,DEPOSIT,613,3463.92,closed,No,Engineer,7590.61,morgan.davis@gmail.com,Auto-debit setup confirmed
CUST-2005,TXN533371,36,MALE,FD,CHI,2020-01-08,06/28/2020,701.84,NGN,488.74,DEPOSIT,725,13191.2,DEFAULT,YES,accountant,5680.35,,Transaction verified by branch CHI
CUST-2820,TXN277752,28,male,Savings,los angeles,19-Apr-2019,11/10/2023,143682.39,eur,,withdrawal,490,11297.95,Active,NO,,255687.23,alex.smith@bank.org,Customer flagged for review
CUST-2406,TXN776081,47,FEMALE,CHECKING,Los Angeles,22/10/2020,28/02/2023,2403.09,GBP,200.05,Withdrawal,652,8740.07,Defaulted,Yes,,126.42,jane.taylor@gmail.com,
CUST-2488,TXN942607,,Male,FD,new york,01-27-2018,02/27/2019,10072.44, USD,2645.06,Transfer,884,2898.87,DEFAULT,yes,Docter,-1666.66,morgan.moore@outlook.com,Transaction verified by branch new york
CUST-2434,TXN455162,73,FEMALE,FD,N.Y.,17-Jan-2023,29/01/2024,4638.19,USD ,2020.77,Deposit,487,,DEFAULT,no,Lawyer,7367.18,chris.jones@gmail.com,KYC documents pending
CUST-1610,TXN418961,37,M,Fixed Deposit,N.Y.,09/21/18,21/04/2020,4701.93, USD,,atm,631,34657.2,active,YES,Accountant,2490.75,pat.smith@bank.org,KYC documents pending
CUST-1279,TXN685573,26,M,Savings,los angeles,2021-12-23,03/03/2023,900.14, USD,-7.97,Deposit,591,7839.05,Defaulted,yes,Docter,9933.79,jane.brown@gmail.com,
CUST-2193,TXN636470,52,MALE,CHECKING,New York,28/07/2020,2021-01-12,15110.85,EUR,1884.53,DEPOSIT,581,3793.44,active,no,Teacher,25292.98,mike.brown@outlook.com,Transaction verified by branch New York
CUST-2647,TXN204591,74,F,Checking,New York,12-11-2023,15/03/2024,103.25,NGN,64.84,Deposit,587,3639.73,ACTIVE,No,Accountant,-2386.98,john.miller@yahoo.com,Customer flagged for review
CUST-2659,TXN865219,38,female,Fixed Deposit,Los Angeles,08-Dec-2018,08/02/2020,5138.45,EUR,-113.8,wire transfer,621,2380.34,active,No,LAWYER,7771.25,jane.miller@gmail.com,Auto-debit setup confirmed
CUST-2283,TXN794617,22,F,fixed deposit,Phoenix,2020-10-16,21/05/2024,4037.66,gbp,1645.25,Transfer,571,7744.56,Defaulted,YES,Engineer,875.54,chris.jackson@gmail.com,
CUST-1915,TXN611776,40,Female,checking,LA,06/28/18,2021-01-18,3942.71,eur,1328.34,Deposit,801,8512.65,Active,yes,Ddcter,7024.88,taylor.jackson@gmail.com,KYC documents pending
CUST-2247,TXN304867,19,Male,Savings,Phoenix,2022-04-27,30/04/2022,666.93,USD,6.96,Withdrawal,607,5744.14,,YES,Lawyer,-1464.72,lee.wilson@outlook.com,Loan disbursed to account
CUST-1963,TXN949152,59,male,FD,Los Angeles,01-30-2022,01/04/2024,4426.33,GBP,1092.49,Transfer,455,744.77,DEFAULT,no,,219.12,taylor.moore@gmail.com,Auto-debit setup confirmed
CUST-2182,TXN158487,56,F,Savings,Chicago,28-Feb-2019,08/10/2021,322.31,NGN,-134.38,Transfer,559,5364.3,Default,no,Docter,-3084.48,taylor.smith@outlook.com,Customer flagged for review
CUST-2308,TXN891457,64,female,Savings,N.Y.,16-Jan-2023,2023-10-13,1212.29, USD,322.58,Deposit,594,,Defaulted,yes,teachr,-981.13,mike.davis@yahoo.com,Account dormant >6 months
CUST-2043,TXN550504,22,MALE,Current,New York,25/09/2021,2022-05-23,1274.63,usd,-500,Wire Transfer,716,9991.3,Defaulted,Yes,accountant,-2883.68,patandersongmail.com,Auto-debit setup confirmed
CUST-3139,TXN124209,56,female,savings,Chicago,07/02/2024,22/03/2024,12781.23, USD,2544.47,Transfer,-100,15314.47,,no,Lawyer,20736.38,pat.jones@outlook.com,
CUST-2389,TXN991066,47,female,Fixed Deposit,new york,16-Feb-2024,04/03/2024,24949.72,USD,,Transfer,637,11029.1,active,No,teachr,26984.72,lee.anderson@yahoo.com,Transaction verified by branch new york
CUST-3045,TXN496179,65,,Checking,LA,2022-08-20,09/20/2023,5561.95,GBP,1903.34,wire transfer,668,17637.77,Default,NO,,847.07,chris.jones@bank.org,Account dormant >6 months
CUST-2406,TXN776081,47,FEMALE,CHECKING,Los Angeles,22/10/2020,28/02/2023,2403.09,GBP,200.05,Withdrawal,652,8740.07,Defaulted,Yes,,126.42,jane.taylor@gmail.com,
CUST-1480,TXN956835,68,MALE,FD,Chicago,05/26/22,2024-04-11,19901.73,USD,5768.08,Withdrawal,727,12421.63,Active,Yes,Accountant,10322.38,chris.jones@bank.org,Transaction verified by branch Chicago
CUST-1704,TXN260596,70,MALE,savings,N.Y.,06-24-2018,2022-06-26,2112.6,GBP,584.41,ATM,618,21951.06,Defaulted,no,LAWYER,9999999999,taylor.smith@gmail.com,Customer flagged for review
CUST-2934,TXN536390,56,M,Current,Phoenix,26-Sep-2023,06/04/2024,945.38,usd,441.83,DEPOSIT,526,14253.76,DEFAULT,no,enginr,4285.41,sara.davis@bank.org,KYC documents pending
CUST-3041,TXN435242,75,Male,Savings,CHI,14-Oct-2020,2021-10-06,858.25,USD,177.47,DEPOSIT,599,37893.97,Defaulted,no,Engineer,-5542.96,taylormillergmail.com,KYC documents pending
CUST-1650,TXN989928,69,,Checking,Chicago,13/09/2019,31/05/2024,6825.7, USD,3264.07,withdrawal,594,14501.78,DEFAULT,YES,LAWYER,4345.45,john.miller@outlook.com,Auto-debit
CUST-2271,TXN523355,63,Female,checking,CHI,21/04/2021,09/03/2022,444.88,USD,-17.02,wire transfer,655,,closed,yes,Accountant,2401.8,john.miller@yahoo.com,Account dormant >6 months
CUST-1351,TXN875615,23,MALE,Current,Chicago,10/26/19,30/09/2020,74438.14,usd,15978.78,atm,674,15272.01,Defaulted,NO,enginr,42308.76,sara.jackson@outlook.com,Loan disbursed to account
CUST-1575,TXN987606,,Male,Checking,CHI,12/05/19,20/12/2020,316436.49,EUR,,withdrawal,635,13828.76,active,Yes,Doutor,623015.68,sara.miller@gmail.com,
CUST-2599,TXN435875,19,Female,FD,new york,2022-04-24,2022-11-16,25710.23, USD,1724.1,withdrawal,565,7576.22,Default,NO,accountant,47689.29,,Transaction verified by branch new york
CUST-1312,TXN888193,43,female,CHECKING,Chicago,2019-02-03,04/01/2023,243.99,NGN,-0.01,Deposit,681,,active,NO,Teacher,-2090.24,chris.taylor@outlook.com,
CUST-2564,TXN424121,66,Female,Current,Phoenix,29-Oct-2020,21/03/2024,7706.64,gbp,3500.56,atm,495,-718.47,Active,No,LAWYER,13818.63,taylor.jones@bank.org,Transaction verified by branch Phoenix
CUST-3001,TXN746275,55,MALE,Checking,Houston,2021-08-14,2021-12-08,6664.72,usd,2974.95,Wire Transfer,,,DEFAULT,YES,Teacher,14596.13,chrisjonesgmail.com,Loan disbursed to account
CUST-2688,TXN631893,58,FEMALE,Checking,New York,04/28/21,18/02/2022,31691.81,eur,8201.37,atm,,3369.04,ACTIVE,YES,enginr,64794.12,mike.jackson@bank.org,Customer flagged for review
CUST-1430,TXN516798,73,M,Current,new york,00/13/2019,2024-05-25,23442.7,eur,10262.19,ATM,586,5000.32,closed,no,Doctor,10677.52,morgan.davis@yahoo.com,Transaction verified by branch new york
CUST-1532,TXN849584,69,Female,Savings,Phoenix,2018-07-06,05/07/2021,10166.31,usd,2595.95,Withdrawal,577,3395.94,ACTIVE,NO,Lawyer,23802.62,john.brown@outlook.com,Auto-debit setup confirmed
CUST-1376,TXN195201,41,Female,Savings,New York,17-Sep-2022,2022-12-28,3792.8,EUR,845.39,withdrawal,684,26652.71,Active,YES,Engineer,6710.59,lee.smith@outlook.com,
CUST-3080,TXN571532,34,female,Current,LA,29-Nov-2023,02/15/2024,1127.99,EUR,-500,Withdrawal,678,4866.38,active,YES,Accountant,,sara.davis@gmail.com,
CUST-2435,TXN495029,54,F,Current,LA,26/02/2018,03/14/2021,8558.76,EUR,1927.7,wire transfer,631,1984.3,ACTIVE,Yes,Engineer,12340.92,sara.brown@outlook.com,Account dormant >6 months
CUST-2911,TXN408148,67,female,fixed deposit,CHI,05-26-2020,2022-05-14,124.96,usd,-54.26,ATM,655,6149.71,active,YES,Engineer,-5665.55,mike.jones@gmail.com,Loan disbursed to account
CUST-1391,TXN332329,22,FEMALE,fixed deposit,New York,04-12-2022,2022-08-09,-99999,eur,-48933.7,Wire Transfer,598,20493.03,ACTIVE,NO,Accountant,-76058.71,pat.moore@yahoo.com,
CUST-2001,TXN552564,48,female,CHECKING,New York,09-07-2021,2021-10-26,63774.23,GBP,29296.03,Withdrawal,587,9481.79,Active,NO,Engineer,54795.45,morgan.jones@bank.org,KYC documents pending
CUST-1548,TXN496058,34,MALE,Checking,CHI,2023-03-07,2023-06-19,851.74,EUR,537.27,Withdrawal,521,9747.25,Active,No,LAWYER,10765.35,taylor.wilson@gmail.com,Transaction verified by branch CHI
CUST-2509,TXN122791,54,female,SAVINGS,Chicago,06/02/2023,18/05/2023,209.41,gbp,-61.24,wire transfer,629,4288.86,Default,YES,Engineer,-2609.91,morgan.davis@outlook.com,Auto-debit setup confirmed
CUST-3111,TXN167054,60,MALE,CHECKING,Chicago,16-Nov-2020,09/12/2022,208.37,EUR,,Withdrawal,950,10762.12,DEFAULT,YES,Docter,-6787.94,taylor.wilson@yahoo.com,Loan disbursed to account
CUST-2648,TXN535499,74,F,SAVINGS,Houston,2019-06-01,11/05/2021,40834.89, USD,2873.61,Transfer,667,5091.02,DEFAULT,YES,Lawyer,31527.21,john.anderson@bank.org,Auto-debit setup confirmed
CUST-3036,TXN247310,55,male,Current,CHI,17/10/2018,27/04/2020,1572.06,gbp,,Deposit,758,7824.84,Active,Yes,Accountant,-2535.77,mike.anderson@gmail.com,Customer flagged for review
CUST-1403,TXN741337,26,female,savings,new york,2025-15-40,23/11/2023,2438.1,eur,1114.64,ATM,587,15495.12,Default,NO,Lawyer,1159.15,john.miller@yahoo.com,Customer flagged for review
CUST-2611,TXN456570,,M,Savings,N.Y.,2023-05-03,01/23/2024,8837.3,NGN,3503.7,DEPOSIT,761,10319.62,DEFAULT,yes,Docter,,sara.taylor@bank.org,
CUST-3006,TXN757761,74,female,savings,los angeles,12/08/20,2023-08-27,28016.94,USD,10963.63,wire transfer,588,3187.15,Default,no,enginr,25918.11,taylor.wilson@outlook.com,
CUST-3163,TXN587480,50,F,CHECKING,N.Y.,05/25/18,24/08/2023,22960.03,EUR,9186.68,Transfer,711,35515.35,ACTIVE,Yes,Accountant,29874.85,pat.davis@gmail.com,
CUST-2040,TXN618133,41,F,SAVINGS,Los Angeles,01/01/23,22/08/2023,4142.08,GBP,1858.56,wire transfer,604,19005.21,closed,Yes,Engineer,-602.28,morgantaylorgmail.com,Auto-debit setup confirmed
CUST-1167,TXN194813,61,Male,CHECKING,Chicago,2020-10-13,01/21/2021,16935.48,NGN,3683.49,atm,699,,active,no,Doctor,,lee.brown@outlook.com,
CUST-1034,TXN535673,48,M,fixed deposit,N.Y.,14/07/2019,2023-12-17,331.86, USD,62.96,ATM,670,8144.62,Defaulted,Yes,Lawyer,-1048.75,pat.moore@yahoo.com,Transaction verified by branch N.Y.
CUST-1424,TXN912721,27,M,checking,LA,03-09-2018,2021-01-07,454.21,USD ,108.81,Deposit,541,12918.68,closed,NO,Doctor,326.46,,Customer flagged for review
CUST-2384,TXN559196,54,M,Savings,Phoenix,2023-07-10,04/14/2024,12759.79,usd,5569.87,Deposit,654,3804.92,Active,yes,Teacher,24880.77,morgan.anderson@,
CUST-3143,TXN330131,200,F,Savings,N.Y.,11-03-2023,15/03/2024,14334.6,eur,3184.54,atm,608,3517.92,closed,NO,teachr,22501.34,pat.wilson@outlook.com,Loan disbursed to account
CUST-2533,TXN935520,23,Female,Current,Chicago,21-Apr-2020,08/15/2020,331.14,usd,-53.01,wire transfer,570,-951.2,Active,No,Accountant,,lee.smith@gmail.com,KYC documents pending
CUST-2524,TXN574981,36,male,CHECKING,New York,2019-11-16,2020-01-17,783.79,eur,-316.69,Wire Transfer,757,,ACTIVE,yes,teachr,7044.59,sara.smith@bank.org,Transaction verified by branch New York
CUST-2573,TXN140913,20,FEMALE,Current,LA,06-27-2018,2023-06-12,-1,USD,-530.56,Deposit,759,3874.85,active,YES,Docter,3431.59,morgan.brown@outlook.com,Account dormant >6 months
CUST-1154,TXN363926,64,F,savings,,2022-06-09,2023-07-03,2040.9,gbp,630.4,Transfer,780,1938.87,Defaulted,YES,accountant,1138.64,taylor.wilson@gmail.com,
CUST-2063,TXN811948,42,FEMALE,CHECKING,N.Y.,11/06/19,11/24/2020,10241.2,gbp,,atm,705,24485.42,Closed,yes,Accountant,13926.13,chris.moore@outlook.com,Transaction verified by branch N.Y.
CUST-2031,TXN555816,51,Male,Fixed Deposit,N.Y.,2022-07-01,2022-10-26,775.3,EUR,56.93,ATM,735,13311.72,closed,yes,Docter,11408.08,mike.brown@outlook.com,Transaction verified by branch N.Y.
CUST-1287,TXN878246,49,Female,Savings,Los Angeles,05-05-2024,2024-06-01,76487.46,eur,19016.31,Deposit,667,,closed,YES,Teacher,63898.24,mike.smith@bank.org,Customer flagged for review
CUST-1250,TXN730437,33,,checking,los angeles,22-Nov-2022,29/12/2022,231.86,NGN,-0.01,Transfer,,,Closed,Yes,Docter,1506.15,mike.wilson@gmail.com,KYC documents pending
CUST-2954,TXN677319,59,female,fixed deposit,new york,20/02/2024,06/28/2024,2361.06,USD,243.05,Wire Transfer,,21590.4,Defaulted,YES,Doctor,2522.8,chris.anderson@outlook.com,Account dormant >6 months
CUST-3160,TXN386895,43,male,Current,,27-Jan-2021,08/21/2022,922.87,NGN,46.84,DEPOSIT,715,,closed,YES,Engineer,5837.11,alex.brown@gmail.com,
CUST-2221,TXN660992,65,F,SAVINGS,,2020-04-06,2024-04-06,1324.1,gbp,788.01,ATM,632,2101.12,Default,no,LAWYER,9980.72,morgan.taylor@gmail.com,Account dormant >6 months
CUST-2963,TXN742279,62,male,Current,los angeles,2018-11-26,03/11/2023,2230.52,usd,706.71,wire transfer,683,2621.14,active,yes,Lawyer,1868.04,sara.smith@gmail.com,
CUST-2230,TXN818326,41,FEMALE,checking,new york,2022-05-03,17/12/2023,5667.55,gbp,-35.45,DEPOSIT,619,5372.1,Default,Yes,,15537.2,lee.wilson@yahoo.com,
CUST-1843,TXN591754,59,M,savings,los angeles,18-Oct-2019,07/07/2020,15107.96,usd,3109.64,Deposit,,8383.56,Active,yes,Engineer,6347.47,mike.taylor@gmail.com,
CUST-2987,TXN989005,56,M,savings,New York,06/04/22,17/06/2024,454.39,eur,-38.51,withdrawal,671,11409.77,ACTIVE,YES,Doctor,-4797.97,lee.taylor@outlook.com,Customer flagged for review
CUST-1849,TXN764965,23,,SAVINGS,Phoenix,09/06/2022,2023-08-04,5193.13,NGN,795.38,Wire Transfer,pending,4929.87,closed,NO,Teacher,4972.66,lee.wilson@bank.org,Transaction verified by branch Phoenix
CUST-1855,TXN704565,42,M,Fixed Deposit,N.Y.,15/10/2023,2023-11-04,7227.39,GBP,3281.01,DEPOSIT,677,22684.96,Defaulted,YES,Lawyer,,lee.smith@outlook.com,
CUST-2148,TXN850932,62,male,Savings,New York,10/10/23,2023-12-22,3383.88, USD,429.11,DEPOSIT,504,,DEFAULT,No,LAWYER,-4185.1,john.taylor@gmail.com,KYC documents pending
CUST-1911,TXN652819,51,FEMALE,savings,LA,02-12-2020,2020-05-06,935.56,usd,453.96,Deposit,748,4460.54,closed,YES,Docter,,taylor.wilson@gmail.com,Customer
CUST-1761,TXN858303,34,,FD,Chicago,27-Sep-2020,11/06/2024,11505.7,gbp,3378.28,Transfer,744,,Closed,yes,teachc,,taylor.wilson@bank.org,
cust4337,TXN293711,60,male,fixed deposit,los angeles,25/05/2021,01/03/2024,10751.52,GBP,2037.33,Transfer,755,7978.68,Closed,,,13058.16,morgan.jackson@,
CUST-3142,TXN572367,71,,Current,los angeles,2019-10-10,2021-05-21,2251.64,GBP,1120.37,Withdrawal,567,,DEFAULT,no,teactr,-6523.02,mike.smith@outlook.com,Account dormant >6 months
CUST-2206,TXN608225,-1,male,fixed deposit,LA,05-28-2018,02/28/2020,462.49, USD,-40.84,withdrawal,,7571.36,,no,Accountant,3055.5,jane.taylor@bank.org,Customer flagged for review
CUST-1355,TXN839916,73,Female,Checking,New York,2018-09-13,23/10/2021,34289.52,USD,11557.77,Transfer,633,4529.28,Defaulted,No,LAWYER,7807.57,morgan.moore@gmail.com,Account dormant >6 months
CUST-2034,TXN159243,30,MALE,CHECKING,LA,11/03/2019,07/10/2019,798.14,gbp,182.18,ATM,598,10063.63,Active,yes,Accountant,-242.33,mike.moore@gmail.com,Loan disbursed to account
CUST-1969,TXN989552,26,Male,Savings,New York,2018-02-20,2019-05-30,10584.67,eur,1579.68,Withdrawal,744,,DEFAULT,YES,Engineer,9412.9,sara.miller@gmail.com,Auto-debit setup confirmed
CUST-1259,TXN512045,44,male,Fixed Deposit,los angeles,2020-12-21,08/01/2022,2056.42,EUR,112.82,Deposit,,9678.88,DEFAULT,NO,Docter,-5392.77,sara.smith@yahoo.com,Loan disbursed to account
CUST-1992,TXN986572,36,female,SAVINGS,Los Angeles,01/12/21,2021-01-31,6060.56,eur,786.74,DEPOSIT,517,13403.24,ACTIVE,No,Engineer,-8029.93,pat.jackson@bank.org,Transaction verified by branch Los Angeles
CUST--7981,TXN821933,20,female,Savings,LA,08-18-2023,03/22/2024,11362.81,gbp,1103.37,Wire Transfer,,8309.97,closed,Yes,enginr,10085.22,lee.taylor@gmail.com,Auto-debit setup confirmed
CUST-1713,TXN348762,42,,Current,los angeles,27-Sep-2018,2019-10-16,4429.45,EUR,2133.98,Deposit,708,,Default,yes,Accountant,-2330.62,chriswilsongmail.com,KYC documents pending
CUST-2503,TXN236635,50,Female,savings,LA,07-Jun-2022,2023-02-20,1696.89,GBP,454.16,Wire Transfer,950,12602.65,ACTIVE,Yes,enginr,-6638.3,taylor.brown@yahoo.com,Customer flagged for review
CUST-2200,TXN340555,57,,SAVINGS,Phoenix,09/27/23,18/01/2024,613.54,USD,205.96,Wire Transfer,513,4622.37,closed,No,Engineer,-978.06,john.anderson@yahoo.com,Account dormant >6 months
CUST-1488,TXN784532,59,M,Checking,Los Angeles,03-03-2020,2022-09-05,4538.0,USD ,1263.86,Withdrawal,683,5045.04,Default,YES,Teacher,1386.46,jane.jackson@gmail.com,Loan dis
CUST-2036,TXN650817,49,male,Savings,Phoenix,20-Apr-2023,03/10/2024,1216.21,EUR,372.75,atm,696,7328.49,,yes,Accountant,,alex.brown@bank.org,Account dormant >6 months
CUST-1506,TXN979422,26,,Checking,Phoenix,02-15-2021,01/25/2024,7973.28,gbp,3855.87,DEPOSIT,648,,active,YES,Lawyer,12881.02,jane.wilson@yahoo.com,
CUST-2415,TXN294410,43,FEMALE,Current,New York,01/05/2021,28/10/2022,353.07,gbp,198.84,wire transfer,710,,Default,no,Engineer,129.98,lee.anderson@bank.org,Loan disbursed to account
CUST-1894,TXN688719,32,F,FD,Houston,12-May-2019,2020-06-05,367.35,usd,238.12,DEPOSIT,592,6664.9,Active,No,Engineer,,mike.wilson@yahoo.com,Loan disbursed to account
CUST-1815,TXN269926,53,Female,savings,N.Y.,05/20/20,25/05/2023,1507.46,EUR,70.08,DEPOSIT,good,7473.52,Defaulted,No,Docter,2105.27,jane.brown@outlook.com,Account dormant >6 months
CUST-2234,TXN248091,19,female,savings,Phoenix,04/15/20,15/12/2022,66.84, USD,-44.38,withdrawal,638,9279.5,,NO,Docter,3680.94,alex.miller@gmail.com,Transaction verified by branch Phoenix
CUST-2748,TXN199941,63,Male,SAVINGS,,2021-08-05,11/21/2023,851.77,eur,376.36,DEPOSIT,816,,ACTIVE,YES,enginr,,jane.jones@outlook.com,Auto-debit setup confirmed
cust8055,TXN566482,40,male,FD,Houston,2018-10-22,29/09/2022,728.37,NGN,400.35,Withdrawal,626,34639.69,Closed,No,teachr,8625.42,,KYC documents pending
CUST-2155,TXN487279,64,M,FD,Los Angeles,08-09-2020,2021-01-08,1549.62,USD ,197.38,ATM,644,16141.75,closed,No,LAWYER,-546.79,chris.miller@gmail.com,KYC documents pending
CUST-3049,TXN838539,56,M,Current,CHI,20-Oct-2018,2023-02-15,31705.92,USD ,14227.07,DEPOSIT,609,966.0,ACTIVE,Yes,,30719.34,lee.wilson@gmail.com,KYC documents pending
CUST-1346,TXN914791,62,Male,FD,new york,05/04/2024,24/06/2024,273.28,gbp,120.32,ATM,648,14079.71,Closed,NO,Docter,1284.3,alex.jackson@outlook.com,Auto-debit setup confirmed
CUST-1245,TXN427162,71,MALE,Current,Houston,2023-05-03,2024-04-12,131.25,gbp,382.96,Transfer,666,7356.11,,no,Docter,-2623.08,taylor.jackson@bank.org,
CUST-1895,TXN819043,22,Male,savings,Los Angeles,07-06-2018,2023-04-17,912.32,usd,,DEPOSIT,632,5586.69,,Yes,Doctor,-1880.51,mike.davis@outlook.com,
CUST-2252,TXN952633,50,F,CHECKING,Phoenix,06-03-2019,09/17/2020,16113.28,NGN,1897.64,ATM,682,6144.6,DEFAULT,YES,Engineer,22901.17,jane.wilson@yahoo.com,Auto-debit setup confirmed
CUST--6022,TXN379622,,F,CHECKING,Houston,12/09/2019,26/02/2021,61899.11,USD,24762.77,Withdrawal,634,1363.6,closed,Yes,Doctor,32403.66,sara.smith@yahoo.com,Customer flagged for review
CUST-1722,TXN282117,25,MALE,Checking,,03-08-2020,09/01/2023,180.44,USD,-13.87,ATM,665,-319.58,Active,no,Accountant,2342.4,jane.smith@bank.org,
CUST-1173,TXN376195,35,M,Checking,Los Angeles,27-Jan-2024,25/06/2024,2899.32,gbp,566.0,ATM,675,3543.14,Active,NO,accountant,8144.3,sara.wilson@bank.org,Auto-debit setup confirmed
CUST-1560,TXN858546,29,M,Current,Los Angeles,28/05/2019,11/19/2020,155.22,USD,212.73,DEPOSIT,553,16827.41,Defaulted,no,Teacher,285.23,john.jones@gmail.com,Loan disbursed to account
CUST-1586,TXN524203,68,Female,savings,Chicago,19-Sep-2022,01/18/2024,5502.62,usd,1928.25,atm,541,1768.06,Active,NO,Accountant,12994.51,lee.moore@,Account dormant >6 months
CUST--6216,TXN304638,,Female,SAVINGS,CHI,10/15/20,2024-01-02,31914.35,eur,3921.63,Deposit,585,2304.05,,Yes,teachr,46228.2,lee.wilson@bank.org,Account dormant >6 months
CUST-1190,TXN672233,58,female,Savings,N.Y.,03/08/2019,10/18/2022,2742.65, USD,513.71,Wire Transfer,647,1025.11,ACTIVE,YES,LAWYER,691.27,taylor.taylor@yahoo.com,Customer flagged for review
CUST-2329,TXN969413,,Female,SAVINGS,new york,13/02/2020,05/01/2022,18690.75,GBP,2621.53,DEPOSIT,602,21497.96,Active,YES,Doctor,16111.84,lee.brown@,Account dormant >6 months
CUST-1592,TXN916719,,F,checking,N.Y.,2019-05-02,2022-07-12,745.2,GBP,286.44,wire transfer,732,1278.97,DEFAULT,YES,accountant,-3389.5,mike.brown@yahoo.com,
CUST-1270,TXN246433,35,F,CHECKING,new york,2023-01-29,2023-12-24,396.76,eur,9999999,Deposit,pending,2968.64,DEFAULT,YES,LAWYEo,-3171.75,chris.moore@gmail.com,Account dormant >6 months
CUST--6680,TXN889059,53,M,Current,Chicago,06-28-2020,11/01/2022,2672.35, USD,,ATM,669,3495.49,active,YES,LAWYER,2541.85,sara.wilson@gmail.com,Auto-debit setup confirmed
CUST-3159,TXN728545,25,MALE,Checking,Phoenix,07/12/2022,2023-11-09,1216.74,EUR,,Withdrawal,745,3747.93,Closed,YES,Teacher,5644.66,chris.wilson@,KYC documents pending
CUST-1156,TXN823975,40,FEMALE,Current,Los Angeles,2019-08-04,21/02/2022,683.85,eur,246.08,Wire Transfer,,-657.27,Closed,YES,Teacher,-2258.77,mike.brown@gmail.com,Loan disbursed to account
CUST-1504,TXN351940,69,Male,savings,los angeles,11-03-2023,2024-02-29,6859.62,NGN,-0.01,Wire Transfer,657,-811.14,Default,NO,Doctor,7161.38,john.miller@gmail.com,Loan disbursed to account
CUST-2365,TXN413538,58,MALE,fixed deposit,LA,2018-12-20,18/05/2022,8308.1,usd,1985.86,ATM,632,8635.61,Closed,YES,,14437.23,pat.jackson@gmail.com,Loan disbursed to account
CUST-1699,TXN536931,74,Male,Checking,Houston,2018-02-07,03/17/2021,995.82,usd,461.83,Deposit,704,51462.51,closed,YES,Accountant,198.98,john.miller@yahoo.com,Customer flagged for review
CUST-2115,TXN897184,18,M,CHECKING,Phoenix,12/06/20,17/07/2022,4263.44,GBP,,Deposit,638,24259.1,Default,Yes,teachr,-8008.4,chris.moore@bank.org,KYC documents pending
CUST-2470,TXN485373,39,male,SAVINGS,N.Y.,19/03/2022,2024-02-13,4384.72,USD ,,DEPOSIT,590,11359.0,closed,no,teachr,3076.18,mike.anderson@bank.org,
CUST-1197,TXN786837,-1,male,CHECKING,LA,31/02/2020,10/01/2020,307.11, USD,328.83,withdrawal,781,,Default,Yes,enginr,3432.33,taylor.davis@bank.org,Account dormant >6 months
CUST-1926,TXN711240,30,male,Savings,CHI,2024-06-23,2024-06-25,7707.82,USD,943.74,DEPOSIT,537,3026.03,,No,LAWYER,4236.52,alex.smith@bank.org,
CUST-2240,TXN702394,69,F,fixed deposit,Phoenix,13-Jul-2020,09/17/2023,126924.89,GBP,10536.75,wire transfer,,2362.72,ACTIVE,no,Lawyer,168179.16,pat.brown@gmail.com,Loan disburse
CUST-2325,TXN514271,68,male,CHECKING,Los Angeles,27/12/2019,02/08/2022,244.66,usd,,Withdrawal,660,8311.42,DEFAULT,yes,Teacher,-3356.86,mike.miller@yahoo.com,Transaction verified by branch Los Angeles
CUST-2449,TXN103251,58,Female,FD,New York,02-Jan-2020,20/06/2023,5410.49,eur,1168.05,atm,627,1992.48,active,YES,Engineer,4376.4,sara.wilson@yahoo.com,Customer flagged for review
CUST-1579,TXN764846,54,F,savings,CHI,05-Apr-2024,05/20/2024,8128.34,NGN,2716.33,wire transfer,619,16244.96,active,no,teachr,9999999999,alex.moore@yahoo.com,Loan disbursed to account
CUST-1423,TXN392843,47,Female,savings,CHI,02-Oct-2018,2021-12-21,3296.07,USD ,774.13,wire transfer,524,4774.04,Defaulted,no,,10533.85,jane.jackson@outlook.com,Account dormant >6 months
CUST-2317,TXN921234,19,M,CHECKING,CHI,2022-08-12,2023-02-16,771.19,eur,410.19,Wire Transfer,643,28498.85,Closed,,accountant,2655.86,pat.brown@yahoo.com,
CUST-2872,TXN903547,63,Female,savings,Phoenix,29/01/2021,11/14/2021,5004.64,NGN,,Wire Transfer,,,DEFAULT,yes,Docter,4640.76,pat.brown@bank.org,KYC doc
cust2204,TXN517579,63,MALE,Savings,los angeles,10-29-2019,2023-07-06,1723.77, USD,52.69,Withdrawal,,5240.7,,yes,Teacher,-3010.05,chris.anderson@yahoo.com,Loan disbursed to account
CUST-2849,TXN555304,49,,savings,N.Y.,2021-11-11,17/02/2023,9281.38,EUR,3411.83,DEPOSIT,571,14344.78,closed,NO,,-453.33,alex.wilson@gmail.com,Account dormant >6 months
CUST-3100,TXN520789,58,M,Current,Los Angeles,31/02/2020,03/25/2023,9999999,USD ,3060184.19,atm,697,4388.7,DEFAULT,Yes,teachr,9999999999,morgan.jackson@yahoo.com,Customer flagged for review
CUST-2578,TXN213744,60,female,savings,CHI,2018-09-26,03/04/2021,1443.05,EUR,595.56,Deposit,636,14818.71,active,,Engineer,9252.75,mike.anderson@gmail.com,Loan disbursed to account
CUST-2652,TXN912613,61,,SAVINGS,Los Angeles,02-21-2023,2023-06-28,19757.22,GBP,2274.94,withdrawal,657,5217.25,closed,NO,Teacher,22592.71,john.moore@yahoo.com,Loan disbursed to account
CUST-3087,TXN291040,-5,FEMALE,SAVINGS,Phoenix,08-Apr-2020,2023-10-14,29074.97,eur,10770.22,Transfer,754,14867.64,Active,Yes,accountant,21554.09,jane.jones@yahoo.com,Transaction verified by branch Phoenix
CUST-2674,TXN643892,-1,Male,Checking,Houston,06-13-2023,07/04/2023,25677.14,GBP,11512.23,Wire Transfer,484,8860.83,Active,NO,teachr,15604.98,taylor.taylor@outlook.com,Transaction verified by branch Houston
CUST-2990,TXN478672,46,FEMALE,checking,Phoenix,12-28-2018,09/24/2021,1664.5,USD,-9.65,ATM,676,,Closed,No,teachr,776.71,sara.miller@,Auto-debit setup confirmed
CUST-1198,TXN715332,48,Female,SAVINGS,Houston,2022-08-17,08/26/2022,4754.64,GBP,1592.74,Wire Transfer,739,7130.11,ACTIVE,Yes,Lawyer,-1498.65,taylor.miller@gmail.com,
CUST-1749,TXN305065,40,female,Checking,CHI,2019-08-22,02/23/2021,38.07,usd,-70.54,ATM,1200,2868.25,Defaulted,YES,,0,chris.moore@yahoo.com,Auto-debit setup confirmed
CUST-1524,TXN877468,69,,CHECKING,Chicago,23-Feb-2021,05/06/2021,3985.37,usd,2108.73,withdrawal,639,11973.66,Active,yes,Teacher,3539.45,lee.miller@yahoo.com,Auto-debit setup confirmed
CUST-1396,TXN827679,54,male,fixed deposit,Chicago,06-13-2024,2024-06-23,33223.69,NGN,8353.47,atm,708,,Active,no,enginr,69940.13,jane.miller@bank.org,Auto-debit setup confirmed
CUST-1837,TXN334669,72,Male,checking,Houston,02/01/20,2022-10-02,877.38,GBP,6.17,Deposit,819,30679.17,Closed,Yes,Teacher,11207.71,alex.jackson@gmail.com,Auto-debit setup confirmed
CUST-1447,TXN508819,66,male,Savings,Chicago,2020-07-27,26/05/2024,1484.86,USD,396.92,withdrawal,672,6254.74,Active,no,LAWYER,5210.27,taylor.smith@outlook.com,Transaction verified by branch Chicago
CUST-2002,TXN568397,65,Female,Fixed Deposit,Phoenix,30/01/2020,16/07/2021,1096.33,eur,573.64,Wire Transfer,601,5408.02,Closed,no,,-2969.14,jane.davis@gmail.com,
CUST-1701,TXN619264,57,male,FD,Houston,2021-01-06,2024-03-28,2225.98,usd,703.32,ATM,657,10427.9,DEFAULT,no,Doctor,2674.66,mike.moore@gmail.com,
CUST-2099,TXN910575,40,M,savings,Phoenix,03/21/21,22/05/2023,6118.31,eur,463.24,Wire Transfer,853,13780.72,,YES,Lawyer,9125.88,morgan.wilson@outlook.com,Transaction verified by branch Phoenix
CUST-2994,TXN840280,75,M,Checking,Phoenix,02/02/2023,03/02/2024,1459.58,gbp,60.22,ATM,627,2641.5,ACTIVE,yes,Teacher,-6923.71,jane.anderson@gmail.com,
CUST-3109,TXN636886,18,F,Savings,Phoenix,07/12/23,2023-08-26,1304.17,NGN,-33.27,DEPOSIT,581,9879.5,DEFAULT,no,Teacher,2397.77,lee.brown@,Loan disbursed to account
CUST-1495,TXN377174,41,M,FD,new york,08-Mar-2022,2022-04-23,153.09, USD,214.49,Wire Transfer,,,Defaulted,no,Engineer,10636.94,mike.anderson@outlook.com,KYC d
CUST-1526,TXN938394,65,Male,savings,Chicago,2019-06-27,30/07/2021,11960.0,gbp,1830.19,ATM,748,8854.29,DEFAULT,Yes,accountant,12429.18,sara.anderson@bank.org,Account dormant >6 months
CUST-3105,TXN965997,39,MALE,Fixed Deposit,Phoenix,2020-06-29,05/02/2021,5481.54,GBP,2443.78,wire transfer,556,1881.26,Defaulted,YES,,4182.33,john.brown@bank.org,Auto-debit setup confirmed
CUST-2683,TXN475696,35,female,FD,Los Angeles,15/12/2022,22/01/2023,890.43,NGN,93.21,Transfer,773,,active,Yes,Engineer,5346.71,mikejacksongmail.com,
CUST-2649,TXN821577,37,MALE,FD,New York,12/09/2021,2023-02-11,6019.81,NGN,2789.62,Withdrawal,630,750.7,closed,NO,LAWYER,6528.2,lee.wilson@yahoo.com,Transaction verified by branch New York
CUST-2655,TXN622610,67,female,checking,Chicago,2018-04-30,18/12/2023,14577.8,GBP,6039.11,ATM,650,3038.78,Active,No,Docter,23609.27,john.miller@gmail.com,Account dorma
CUST-2138,TXN997620,,male,Fixed Deposit,LA,04/02/20,21/03/2024,235.47, USD,22.33,Transfer,,18546.92,Default,Yes,enginr,5815.3,sara.smith@bank.org,Loan disbursed to account
CUST-1352,TXN993802,28,,Current,Chicago,02/10/2018,08/11/2020,2257.62, USD,101.39,Transfer,653,,active,no,Accountant,7650.2,sara.jones@yahoo.com,KYC documents pending
CUST-1338,TXN752079,23,M,FD,Houston,03-14-2024,14/06/2024,1061.86,GBP,799.26,Withdrawal,-100,21628.46,Active,,,-972.68,john.davis@,Transaction verified by branch Houston
CUST-2964,TXN965019,34,F,SAVINGS,,27-Feb-2018,2020-07-04,1803.08,usd,,wire transfer,594,6744.35,ACTIVE,No,accountant,2678.14,chris.miller@outlook.com,Account dormant >6 months
CUST-2244,TXN567260,29,Female,Current,Los Angeles,07/27/22,2023-01-17,338.19,eur,105.11,withdrawal,733,7869.77,DEFAULT,yes,Engineer,4307.44,lee.miller@gmail.com,Loan disbursed to account
CUST-1944,TXN876558,64,female,checking,Chicago,2020-04-24,08/12/2023,1230.48,NGN,211.87,ATM,655,1807.64,ACTIVE,NO,teachr,-1501.15,lee.jones@outlook.com,Auto-debit setup confirmed
CUST-2409,TXN762584,71,Male,SAVINGS,N.Y.,08-22-2021,2023-11-19,293.71,eur,-342.3,Wire Transfer,530,19897.7,Active,Yes,LAWYER,6000.85,,
CUST-1945,TXN551059,49,female,Current,New York,14-Mar-2019,06/15/2020,22620.44,USD,2152.56,Deposit,644,10333.26,DEFAULT,Yes,Teacher,31792.23,pat.wilson@bank.org,KYC documents pending
CUST-1654,TXN965842,48,MALE,SAVINGS,Phoenix,28/02/2022,07/06/2022,9275.98,EUR,,atm,568,6348.16,DEFAULT,No,Lawyer,10215.07,lee.jones@outlook.com,Auto-debit setup confirmed
CUST-2320,TXN523213,50,MALE,FD,los angeles,03/13/19,06/06/2024,215.17,EUR,-158.32,wire transfer,703,9572.56,active,Yes,Docter,,morgan.brown@outlook.com,KYC documents pending
CUST-2469,TXN828204,29,F,checking,New York,10/01/2018,2021-04-17,6831.9,NGN,9999999,withdrawal,575,24495.18,Defaulted,yes,Lawyer,14210.88,pat.jackson@outlook.com,Transaction verified by branch New York
CUST-1645,TXN401926,,Female,CHECKING,Houston,04/03/2019,2021-12-19,1120.88,gbp,-17.45,wire transfer,,5594.24,closed,YES,achountant,-5779.87,lee.smith@bank.org,Loan disbursed to account
CUST-1350,TXN849290,32,Male,SAVINGS,los angeles,25/04/2024,06/06/2024,1915.2,usd,427.54,ATM,596,10710.65,,no,,-1652.81,alex.wilson@bank.org,Loan disbursed to account
CUST-1839,TXN456256,44,male,CHECKING,new york,02-15-2023,26/01/2024,19136.94,USD ,1462.18,Withdrawal,950,23585.31,,yes,Doctor,25761.7,lee.jackson@yahoo.com,Loan disbursed to account
CUST-2064,TXN420552,71,M,Savings,CHI,11/30/19,16/12/2019,4345.84,eur,225.2,Transfer,pending,35278.7,Defaulted,YES,Doctor,-1932.76,morgan.wilson@gmail.com,Account dormant >6 months
CUST-2769,TXN461558,50,Female,Current,Houston,05-15-2021,26/02/2023,17049.23,eur,1219.45,withdrawal,663,737.98,closed,no,Doctes,7331.04,jane.jackson@outlook.com,Loan disbursed to account
CUST-1298,TXN508486,69,MALE,savings,,10-05-2023,2023-12-17,4002.93,EUR,1604.69,DEPOSIT,642,34204.66,DEFAULT,yes,Lawyer,585.24,jane.jones@gmail.com,Transaction verified by branch None
CUST-2536,TXN313311,,female,checking,New York,2021-10-06,01/10/2022,1251.77,usd,255.26,Deposit,,18516.24,Closed,YES,Doctor,-4059.36,saramooregmail.com,Account dormant >6 months
CUST-2609,TXN547513,75,FEMALE,CHECKING,Los Angeles,11-Jun-2024,06/14/2024,1505.38, USD,247.36,Transfer,687,,Active,YES,LAWYER,,sara.anderson@bank.org,Account dormant >6 months
CUST-2554,TXN878339,26,F,Checking,CHI,03/31/22,06/29/2024,223.85,USD,35.84,ATM,647,-190.92,Closed,No,Engineer,9989.74,taylor.davis@yahoo.com,Loan disbursed to account
CUST-1997,TXN208704,74,F,Savings,,09-06-2021,05/12/2021,8269.51,gbp,1274.37,withdrawal,584,10685.05,Default,Yes,Lawyer,,taylor.davis@gmail.com,Transaction verified by branch None
CUST-3071,TXN519730,34,female,checking,,24-May-2018,2022-07-01,-99999,NGN,-26781.68,ATM,521,,closed,No,enginr,-77660.84,sara.miller@yahoo.com,Auto-d
CUST-3042,TXN684998,53,male,Current,new york,20/04/2019,02/19/2024,3539.41,GBP,818.2,DEPOSIT,716,7302.64,DEFAULT,yes,enginr,-4191.08,john.wilson@,Account dormant >6 months
CUST-2414,TXN757209,63,FEMALE,savings,Houston,11/13/20,10/16/2021,1376.42,usd,81.69,wire transfer,685,,Defaulted,no,enxinr,1849.97,jane.moore@outlook.com,Customer flagged for review
CUST-2089,TXN363607,49,,checking,Phoenix,06/01/2021,05/03/2022,9034.18,USD ,2588.47,Deposit,645,2007.31,Default,No,accountant,5829.31,pat.moore@gmail.com,
CUST-2946,TXN829897,50,M,Current,N.Y.,08/31/19,2023-04-20,293.66,EUR,-54.23,Wire Transfer,673,,closed,Yes,Accquntant,9999999999,alex.jackson@bank.org,Loan disbursed to account
CUST-2140,TXN832638,31,Female,Current,Los Angeles,26-Jun-2021,05/31/2024,5048.0,gbp,2400.72,Withdrawal,628,2400.47,Default,YES,Engineer,-290.55,morgan.jackson@outlook.com,Account dormant >6 months
CUST-2282,TXN423215,26,MALE,CHECKING,new york,19-Jan-2022,10/04/2024,3073.66,usd,,Transfer,508,11693.01,,yes,Engioeer,3463.27,lee.wilson@yahoo.com,Loan disbursed to account
CUST-1343,TXN703992,74,M,Savings,Chicago,12/14/20,08/03/2023,3904.33,USD,363.23,Withdrawal,723,1684.96,Defaulted,yes,enginr,-3476.58,chris.taylor@bank.org,
CUST-1166,TXN249289,,F,FD,LA,06-Mar-2022,05/31/2022,7278.9,NGN,1315.66,Deposit,817,2963.07,Defaulted,yes,Lawyer,3347.98,mike.taylor@outlook.com,Loan disbursed to account
CUST-1758,TXN140834,62,FEMALE,Checking,los angeles,08/05/2022,04/09/2024,1180.32,eur,,atm,499,16526.36,closed,No,accountant,,mike.wilson@yahoo.com,
CUST-2033,TXN255866,44,MALE,Savings,CHI,2018-11-06,04/03/2019,1304.44,usd,9999999,wire transfer,663,20852.13,,YES,Docter,3556.58,mike.smith@yahoo.com,
CUST-1459,TXN930895,-5,M,savings,Chicago,2021-12-01,2022-02-27,12871.83,eur,-0.01,ATM,690,,Default,yes,teachr,20557.51,sara.moore@gmail.com,Auto-debit setup confirmed
CUST-1195,TXN647403,,MALE,Fixed Deposit,LA,17/06/2024,2024-06-21,2518.72,usd,1063.07,DEPOSIT,-100,-346.11,closed,no,Accountant,6446.41,pat.wilson@bank.org,
cust4103,TXN949743,72,,CHECKING,Los Angeles,19-Apr-2019,21/09/2023,1599.79,EUR,435.07,withdrawal,762,-930.06,Closed,NO,Doctor,5660.47,alex.anderson@outlook.com,
CUST-2628,TXN642605,38,female,CHECKING,LA,2022-07-11,2023-01-14,92335.69,USD,18282.97,withdrawal,712,3256.42,Active,NO,accountant,126403.77,sara.wilson@yahoo.com,KYC documents pending
CUST-2596,TXN264473,26,male,Checking,los angeles,2018-09-24,03/16/2019,118013.57,gbp,43713.88,wire transfer,650,11927.31,Closed,No,Docter,240109.23,mike.anderson@outlook.com,
cust1469,TXN882623,42,MALE,Checking,new york,21-Nov-2018,02/14/2019,910.21,EUR,183.87,Withdrawal,540,16342.02,Defaulted,no,enginr,3162.25,mike.moore@,Auto-debit setup confirmed
CUST-2701,TXN500373,40,,Fixed Deposit,Houston,13/05/2018,2022-04-24,17150.67,EUR,7537.49,atm,633,6060.57,closed,YES,enginr,25021.74,pat.smith@yahoo.com,
CUST-2251,TXN400261,57,female,CHECKING,Chicago,12/12/2021,2023-11-08,30046.03,gbp,502.71,atm,629,3812.87,ACTIVE,no,,,sara.smith@yahoo.com,Account dormant >6 months
CUST-1621,TXN879133,20,Female,CHECKING,Phoenix,07-17-2020,2021-01-18,7407.7,eur,1744.77,atm,559,13012.06,ACTIVE,no,Docter,4797.45,jane.taylor@gmail.com,
CUST-2444,TXN617027,36,male,Current,New York,13/12/2020,2022-08-16,2801.74,eur,,wire transfer,585,14456.92,Active,No,Engineer,4513.83,john.miller@yahoo.com,
CUST-2654,TXN758401,42,Female,Fixed Deposit,Phoenix,18-Aug-2022,25/06/2023,1869.81, USD,797.51,ATM,646,17942.42,DEFAULT,No,Accountant,10469.82,morgan.jackson@bank.org,Auto-debit setup confirmed
CUST-2532,TXN534693,58,,SAVINGS,los angeles,07/12/2022,01/28/2023,11466.4,eur,4981.49,Wire Transfer,706,2137.84,DEFAULT,yes,Doctor,22719.68,chris.moore@bank.org,Customer flagged for review
CUST-2074,TXN379947,29,MALE,Savings,Chicago,05/18/23,11/04/2023,4088.37,usd,1463.74,DEPOSIT,777,,Active,Yes,Docter,-1156.26,chris.jones@,Customer flagged for review
CUST-1765,TXN375260,61,female,checking,Los Angeles,15/03/2018,02/28/2019,836.92,EUR,,Withdrawal,712,7792.99,Closed,yes,Engineer,-1518.44,taylor.miller@bank.org,KYC documents pending
CUST-1461,TXN503150,72,MALE,savings,Chicago,06-20-2024,06/20/2024,23399.92, USD,9999999,DEPOSIT,639,21012.54,Defaulted,NO,Efgineer,46045.18,chris.davis@bank.org,
CUST-2556,TXN384300,48,,Fixed Deposit,Houston,28-Dec-2018,31/12/2021,4248.56, USD,148.22,ATM,619,,active,NO,accountant,16101.81,alex.anderson@outlook.com,Customer flagged for review
CUST-2555,TXN296639,36,Female,fixed deposit,new york,2022-02-06,04/27/2023,8353.49,NGN,,Withdrawal,697,,Closed,yes,Teacher,6119.13,alextaylorgmail.com,Account dormant >6 months
CUST-1584,TXN784549,-5,F,CHECKING,new york,01-02-2021,26/07/2022,1655.7,USD,254.91,ATM,699,16051.69,Defaulted,yes,LAWYER,-4284.7,lee.miller@bank.org,Auto-debit setup confirmed
CUST-2275,TXN385279,58,Female,checking,Los Angeles,2020-11-22,2023-05-21,934.32,USD,757.47,Wire Transfer,656,2875.14,Defaulted,NO,Engineer,5480.46,john.taylor@gmail.com,Auto-deb
CUST-2451,TXN537830,36,Female,Current,Houston,04-Jun-2019,24/02/2021,2230.64,eur,-0.01,DEPOSIT,,7927.9,Default,NO,Teacher,6728.03,alex.moore@outlook.com,
CUST-2380,TXN451433,71,F,Fixed Deposit,new york,11-27-2018,03/18/2022,3036.12,NGN,-107.92,Deposit,628,,,no,accountant,8073.04,mike.wilson@bank.org,Loan disbursed to account
CUST-1411,TXN727879,58,M,fixed deposit,Chicago,23-Apr-2020,29/08/2022,27345.17, USD,,atm,634,3956.75,Closed,no,Docter,15193.98,jane.wilson@yahoo.com,Customer flagged for review
CUST-3086,TXN732272,57,FEMALE,checking,los angeles,30/11/2021,2023-04-25,4781.25,EUR,591.68,atm,739,15946.49,DEFAULT,yes,Teacher,2722.13,lee.jones@yahoo.com,Loan disbursed to account
CUST-2428,TXN104815,47,FEMALE,CHECKING,Los Angeles,07/08/20,29/04/2024,573.86,EUR,25.49,ATM,529,,Default,YES,Engineer,-5661.46,pat.miller@yahoo.com,Customer flagged for review
CUST-2908,TXN637599,39,FEMALE,savings,new york,06-24-2021,02/07/2024,377.68,GBP,-45.86,DEPOSIT,741,,Defaulted,YES,Docter,-591.23,,
CUST-1942,TXN810336,54,MALE,Fixed Deposit,Chicago,2020-10-09,09/06/2021,3360.02,eur,1176.8,ATM,619,2701.01,Default,Yes,accountant,11321.9,morgan.anderson@outlook.com,Customer flagged for review
CUST-1513,TXN550861,38,F,Checking,Phoenix,2018-07-11,06/14/2023,2986.35,eur,626.12,Deposit,0,,Default,No,Engineer,9603.36,sara.moore@gmail.com,Auto-debit setup confirmed
CUST-2257,TXN329858,65,male,fixed deposit,,03-30-2021,02/04/2024,2366.44,EUR,739.61,wire transfer,507,3165.39,Defaulted,NO,LAWYER,6187.73,,Transaction verified by branch None
CUST-1131,TXN481574,36,female,Savings,new york,01/23/19,2020-08-26,4223.34,NGN,1306.79,Wire Transfer,592,52353.52,Closed,yes,LAWYER,3767.06,sara.miller@yahoo.com,Auto-debit setup confirmed
CUST-1865,TXN955208,50,M,fixed deposit,Los Angeles,29/04/2023,14/09/2023,95023.01,USD ,34849.53,wire transfer,641,21929.36,closed,Yes,Teacher,,,Customer flagged for review
CUST-2906,TXN209027,54,MALE,checking,los angeles,2020-07-24,04/03/2021,1506.05,gbp,926.2,wire transfer,664,,active,YES,teachr,5554.77,john.jackson@yahoo.com,Auto-debit s
cust5256,TXN944019,18,F,SAVINGS,Phoenix,03-May-2018,2021-02-21,9102.35,EUR,1981.31,Deposit,598,,Default,No,Teacher,19058.39,john.brown@gmail.com,Customer flagged for review
CUST-2285,TXN818016,23,,checking,Los Angeles,09-21-2021,03/02/2023,-1,USD ,-66.48,Deposit,608,-758.32,DEFAULT,Yes,Accountant,4264.63,john.wilson@outlook.com,Loan disbursed to account
CUST-1439,TXN678548,27,female,Checking,Phoenix,2023-10-17,27/10/2023,2251.35,usd,531.65,atm,744,107965.14,Active,YES,,3988.7,pat.davis@yahoo.com,Account dormant >6 months
CUST-1386,TXN346106,40,M,SAVINGS,N.Y.,01/31/19,2022-01-31,5942.93,GBP,2013.46,atm,811,9288.53,DEFAULT,,,8721.39,chris.jones@outlook.com,Transaction verified by branch N.Y.
CUST-2372,TXN280601,68,Male,checking,CHI,03/12/2020,2023-04-29,2355.39,USD ,-108.1,wire transfer,777,19471.64,Active,yes,LAWYER,8816.96,alex.jackson@gmail.com,Auto-debit setup confirmed
CUST-1605,TXN507207,53,female,Fixed Deposit,Phoenix,10-Apr-2024,2024-04-10,856.0,USD,402.22,ATM,592,16027.35,Closed,YES,teachr,8697.41,lee.wilson@bank.org,Transaction verified by branch Phoenix
CUST-2049,TXN533718,40,MALE,savings,Phoenix,02-Apr-2023,05/23/2023,1776.24,eur,926.96,Wire Transfer,704,3502.06,Defaulted,YES,Teacher,2301.77,taylor.davis@yahoo.com,Account dormant >6 months
CUST-2703,TXN397959,,M,CHECKING,N.Y.,2019-09-17,28/10/2020,727.76,USD,,DEPOSIT,731,,closed,YES,Engineer,14236.72,lee.anderson@bank.org,Loan disbursed to account
CUST-1239,TXN689810,60,female,Fixed Deposit,N.Y.,2023-12-26,2024-01-01,20077.05,NGN,9472.68,atm,559,4795.72,Default,no,Doctor,27274.79,pat.jackson@gmail.com,Loan disbursed to account
CUST-2977,TXN600754,24,Female,checking,Chicago,08/04/2024,2024-06-29,33505.58,gbp,11246.9,withdrawal,643,,Active,yes,accountant,32084.75,jane.taylor@gmail.com,
CUST-1948,TXN998899,59,male,CHECKING,Chicago,15/07/2021,08/06/2021,175.03,eur,-88.49,Transfer,566,4413.19,ACTIVE,Yes,accountant,-458.69,chris.anderson@bank.org,
CUST-2787,TXN488955,71,male,savings,N.Y.,07-23-2020,07/06/2021,3677.44,EUR,91.42,wire transfer,543,14149.13,active,Yes,accountant,8542.54,pat.wilson@bank.org,Account dormant >6 months
CUST-2125,TXN272743,73,Female,fixed deposit,Chicago,01/27/20,10/14/2021,23569.4,EUR,9504.09,DEPOSIT,681,879.7,Default,YES,accountant,23066.48,john.miller@yahoo.com,
CUST-2860,TXN479342,50,Male,Current,New York,2019-10-24,09/30/2020,7857.27,usd,1947.1,wire transfer,541,,Defaulted,YES,teachr,5667.94,jane.anderson@gmail.com,Transaction v
CUST-2331,TXN545904,34,Female,SAVINGS,,26-Oct-2019,09/10/2023,7590.34,USD,2574.1,Wire Transfer,688,2985.61,DEFAULT,NO,teachr,22407.21,taylor.jones@gmail.com,KYC documents pending
CUST-3065,TXN258724,29,M,fixed deposit,N.Y.,01-16-2019,25/01/2020,9127.4,USD ,3211.97,ATM,485,11623.17,active,No,accountant,10680.86,chris.jones@gmail.com,Account dormant >6 months
CUST-2753,TXN452544,60,,Savings,Phoenix,2020-04-14,2021-07-25,1276.8,usd,-0.01,ATM,505,3131.63,ACTIVE,,teachr,-14267.93,mike.jones@yahoo.com,Transaction verified by branch Phoenix
CUST-2238,TXN711326,55,MALE,fixed deposit,,02/06/20,13/02/2022,15961.72,eur,,DEPOSIT,635,7258.98,closed,yes,accountant,,sara.anderson@outlook.com,
cust7733,TXN536304,49,MALE,SAVINGS,Los Angeles,10-Oct-2018,12/11/2019,3651.92,GBP,-500,Withdrawal,729,15459.92,,no,zawyer,,chris.anderson@gmail.com,KYC documents pending
CUST-1831,TXN827114,35,,checking,new york,2020-09-12,2024-03-09,562.63,eur,219.4,wire transfer,607,1689.42,DEFAULT,no,Engineer,1909.78,taylor.jones@,Transaction verified by branch new york
CUST-2658,TXN668604,29,F,Fixed Deposit,New York,12/22/22,2023-01-28,2163.78,usd,404.83,ATM,559,21427.79,Closed,yes,accountant,5602.38,sara.anderson@outlook.com,
CUST-1364,TXN692332,,male,Fixed Deposit,Houston,01-11-2024,11/02/2024,12519.63,GBP,3469.3,Transfer,543,1291.8,active,no,Doctor,19836.59,morgan.moore@bank.org,
CUST-1374,TXN657593,50,Female,Fixed Deposit,CHI,21/02/2020,2022-07-22,2164.26,NGN,397.23,Wire Transfer,661,5784.37,Defaulted,,Lawyer,-267.67,morgan.taylor@outlook.com,Auto-debit setup confirmed
CUST-3043,TXN617356,59,male,Checking,N.Y.,2022-06-07,06/24/2023,2045.35,EUR,118.45,Deposit,656,34002.08,Active,Yes,,-6458.63,sara.jackson@yahoo.com,Customer flagged for review
CUST-2194,TXN388415,29,M,Fixed Deposit,Chicago,03/05/2021,10/04/2023,1981.06,USD,316.99,Transfer,585,9783.73,DEFAULT,yes,Engineer,-533.2,morgan.brown@yahoo.com,KYC documents pending
CUST-2764,TXN392189,23,Female,Checking,N.Y.,01/20/20,12/06/2024,1179.04,EUR,361.42,Wire Transfer,484,9452.47,closed,No,Accountant,288.69,morgan.jones@gmail.com,KYC documents pending
CUST-1544,TXN639596,37,FEMALE,Fixed Deposit,Chicago,28-Feb-2022,02/25/2024,450.23, USD,-4.42,Deposit,,5897.51,Closed,YES,accountant,6554.3,taylor.anderson@outlook.com,KYC documents pending
CUST-1139,TXN377511,67,Male,FD,Phoenix,22-May-2021,2023-08-31,10770.84,USD,2344.06,Wire Transfer,550,9635.22,Defaulted,NO,Lawyer,6930.5,pat.jackson@yahoo.com,Account dormant >6 months
CUST-2222,TXN318101,60,Male,Current,new york,23-Apr-2024,05/21/2024,4817.2,EUR,1854.78,withdrawal,614,9053.32,active,No,teachr,17972.86,lee.moore@yahoo.com,Transaction verified by branch new york
CUST-2364,TXN473492,69,MALE,fixed deposit,CHI,11/15/21,06/27/2022,3183.52,GBP,1397.93,atm,611,7739.34,ACTIVE,YES,Lawyer,986.37,chris.moore@outlook.com,Account dormant >6 months
CUST-1047,TXN551607,51,M,Checking,CHI,13-Sep-2020,03/07/2021,5464.76,EUR,2217.51,ATM,663,10483.42,ACTIVE,yes,Accountant,3470.86,taylor.davis@bank.org,Transaction verified by branch CHI
CUST-1805,TXN507193,71,Female,Fixed Deposit,Los Angeles,04/28/19,12/25/2023,428.83,usd,38.06,DEPOSIT,601,,closed,NO,accountant,2367.69,alex.miller@gmail.com,
CUST-2538,TXN595102,150,Male,Fixed Deposit,Phoenix,25-May-2022,2022-10-05,4824.66,USD ,547.41,Deposit,774,,Active,yes,Engineer,-2438.73,taylor.davis@gmail.com,Account dormant >6 months
CUST-1617,TXN160899,37,MALE,FD,Houston,03/04/24,03/30/2024,392.83,NGN,-128.66,Transfer,688,14006.33,Active,Yes,LAWYER,3222.9,jane.anderson@gmail.com,
CUST-2273,TXN896916,58,F,checking,Houston,08-18-2019,2023-05-11,2546.69,GBP,1231.03,Deposit,647,6521.38,Active,Yes,Docter,4923.89,john.jones@outlook.com,Transaction verified by branch Houston
CUST-2949,TXN310353,28,female,FD,,N/A,26/05/2024,2132.59,NGN,866.42,Wire Transfer,759,7341.36,active,Yes,accountant,6942.98,john.moore@gmail.com,
CUST-3015,TXN673703,64,F,Current,Chicago,03/30/18,2023-09-19,10355.18,eur,5065.04,Transfer,667,22751.57,Closed,NO,enginr,20555.87,lee.wilson@,
CUST-2771,TXN576126,71,,CHECKING,LA,04/30/23,06/14/2023,2814.43,gbp,265.13,Transfer,738,12268.43,DEFAULT,yes,,-382.04,pat.jones@bank.org,Transaction verified by branch LA
CUST-1454,TXN795817,27,MALE,FD,Chicago,01/09/22,03/29/2023,2019.65, USD,542.33,Withdrawal,699,,Default,no,Doctor,7894.88,alex.anderson@gmail.com,Auto-debit setup confirmed
CUST-2981,TXN270253,39,FEMALE,savings,CHI,08/09/23,12/29/2023,2231.38,usd,1210.58,Wire Transfer,601,17967.86,Active,NO,accountant,1969.44,lee.smith@bank.org,Customer flagged for review
CUST-1397,TXN259401,25,MALE,FD,los angeles,02-25-2021,2021-12-22,3910.94,USD,509.78,Transfer,681,4224.44,Default,yes,accountant,989.97,taylor.davis@gmail.com,Loan disbursed to account
CUST-3040,TXN778152,74,MALE,Savings,CHI,10/05/2022,30/03/2024,687.52,eur,-14.79,Withdrawal,491,61501.52,Closed,NO,accountant,,jane.jones@bank.org,Auto-debit setup confirmed
CUST-2176,TXN563011,56,Female,Savings,,19/12/2021,04/10/2022,740.12,GBP,886.38,Deposit,564,5277.21,Default,no,,,jane.davis@bank.org,Transaction verified by branch None
CUST-1939,TXN563977,43,Male,Fixed Deposit,Phoenix,01/28/18,03/02/2018,1527.04,GBP,153.02,Transfer,620,1088.49,active,Yes,accountant,-514.11,pat.moore@gmail.com,Customer flagged for review
CUST-2322,TXN281111,,M,savings,Chicago,18/01/2023,2024-02-16,36686.45,GBP,3917.72,Wire Transfer,748,1668.03,,YES,Engineer,53302.49,pat.taylor@gmail.com,Customer flagged for review
CUST-2024,TXN487757,25,M,Checking,Los Angeles,03/14/24,2024-06-19,9999999,usd,4340604.86,Withdrawal,720,-252.09,ACTIVE,YES,Engineer,7672429.16,jane.miller@yahoo.com,Auto-debit setup confirmed
CUST-1222,TXN287677,75,FEMALE,checking,new york,26/12/2023,04/23/2024,14133.6,USD ,2188.94,ATM,628,3044.94,closed,NO,,10462.72,mike.davis@yahoo.com,
CUST-2327,TXN190854,26,female,Current,Chicago,05-28-2022,29/05/2024,7360.41, USD,3440.95,Wire Transfer,814,3595.56,DEFAULT,Yes,Docter,16792.82,john.jones@gmail.com,KYC documents pending
CUST-2191,TXN528349,66,Female,CHECKING,Chicago,06/16/23,2023-12-21,2313.04,usd,,Deposit,,,Active,no,enginr,4349.06,sara.miller@gmail.com,KYC documents pending
CUST-2347,TXN373520,18,MALE,Fixed Deposit,LA,12-19-2023,24/03/2024,28294.19,NGN,10287.47,DEPOSIT,732,113778.85,Closed,No,Teacher,57845.97,jane.miller@yahoo.com,
CUST-2251,TXN400261,57,female,CHECKING,Chicago,12/12/2021,2023-11-08,30046.03,gbp,502.71,atm,629,3812.87,ACTIVE,no,,,sara.smith@yahoo.com,Account dormant >6 months
CUST-2779,TXN827013,66,female,Savings,CHI,28-Apr-2018,12/15/2021,15165.08,EUR,-500,Wire Transfer,647,,closed,NO,,30832.54,lee.brown@yahoo.com,Account dormant >6 months
CUST-2962,TXN749330,57,MALE,fixed deposit,Chicago,03-15-2019,24/05/2021,1896.4,NGN,,Withdrawal,0,29093.82,Active,no,,3094.81,jane.brown@bank.org,Customer flagged for review
CUST-3082,TXN986012,70,M,Current,LA,01/27/23,2024-01-23,816.65,GBP,702.2,Withdrawal,810,7351.71,DEFAULT,yes,teachr,-1104.48,pat.miller@yahoo.com,Customer flagg
CUST-3172,TXN702785,48,MALE,Fixed Deposit,New York,2020-03-11,2023-12-21,5713.71,NGN,,wire transfer,621,5213.98,active,NO,accountant,-1505.37,morgan.wilson@outlook.com,Auto-debit setup confirmed
CUST-2263,TXN173332,41,F,CHECKING,los angeles,07/08/18,2019-01-01,12184.99,GBP,4286.7,withdrawal,656,7108.7,Closed,yes,Teacher,29174.99,chris.jones@yahoo.com,Transaction verified by branch los angeles
CUST-1517,TXN227952,38,Female,Current,Chicago,08/23/18,13/02/2023,3927.56,USD ,1142.46,withdrawal,,9993.19,Closed,YES,Doctor,,jane.jackson@yahoo.com,
CUST-2066,TXN737831,47,MALE,Current,Houston,05-04-2023,16/09/2023,716.88,USD,21.15,Deposit,611,,,,teachr,2587.46,,Account dormant >6 months
CUST-2342,TXN119138,30,,SAVINGS,N.Y.,02-10-2018,17/02/2021,1576.17,GBP,286.21,Wire Transfer,,1945.3,Closed,YES,accountant,2382.5,lee.anderson@,Loan disbursed to account
CUST-2670,TXN297687,24,female,CHECKING,LA,2020-10-23,11/06/2020,5382.79,gbp,-0.01,Withdrawal,---,,DEFAULT,no,Teacher,4435.16,jane.anderson@bank.org,
CUST-2966,TXN502066,68,FEMALE,CHECKING,New York,24/08/2023,2023-12-29,914.05, USD,478.76,ATM,620,3305.74,Default,YES,Accountant,4335.53,morgan.smith@bank.org,Loan disbursed to account
cust1718,TXN788047,46,M,Savings,Phoenix,16/08/2018,25/11/2022,42455.04,NGN,16335.7,Deposit,794,16444.59,Default,yes,Accountant,16860.89,sara.taylor@outlook.com,
CUST-2218,TXN452907,150,Male,fixed deposit,,01-18-2022,2022-03-07,937.48,gbp,49.41,Transfer,595,4371.18,,No,Accountant,2161.29,pat.smith@,Auto-debit se
CUST-2379,TXN664294,19,MALE,savings,New York,2022-08-22,2023-09-12,3600.51,GBP,1262.48,DEPOSIT,545,3315.64,Default,Yes,Teacher,-1178.25,mike.smith@yahoo.com,Transaction verified by branch New York
CUST-2715,TXN596971,29,Female,FD,Houston,06-07-2020,2022-05-26,2652.53,EUR,8.77,Withdrawal,621,7609.15,active,yes,Accountant,651.38,morgan.miller@outlook.com,KYC documents pending
CUST-2767,TXN744350,24,female,savings,Chicago,15/11/2019,13/12/2021,1996.79, USD,907.99,atm,608,2834.33,active,NO,Ejgineer,7010.84,morgan.moore@,Auto-debit setup confirmed
CUST-2862,TXN912327,52,M,FD,Phoenix,29/07/2021,2022-08-06,1867.74,USD ,24.12,withdrawal,590,13725.1,Defaulted,Yes,Accountant,2082.21,morgan.smith@gmail.com,Account dormant >6 months
CUST-2163,TXN967128,33,M,checking,LA,,27/08/2023,4489.59,USD,334.43,DEPOSIT,642,8233.98,Closed,Yes,accountant,12704.42,taylor.davis@yahoo.com,Auto-debit setup confirmed
CUST-2254,TXN687918,54,F,Checking,CHI,05/21/19,12/21/2023,5586.68,gbp,741.87,Deposit,548,5549.26,closed,No,teachr,10666.48,taylor.jackson@bank.org,Account dormant >6 months
CUST-2378,TXN680805,44,FEMALE,CHECKING,Houston,06/11/21,30/04/2023,1637.3,USD,355.69,DEPOSIT,644,4189.14,Defaulted,NO,Accountant,7470.25,morgan.wilson@yahoo.com,
CUST-1289,TXN496077,22,F,Checking,New York,01/30/18,20/07/2018,1525.92,USD,442.94,withdrawal,735,2902.96,closed,yes,Docter,,pat.brown@,KYC documents pending
CUST-1758,TXN140834,62,FEMALE,Checking,los angeles,08/05/2022,04/09/2024,1180.32,eur,,atm,499,16526.36,closed,No,accountant,,mike.wilson@yahoo.com,
CUST-1689,TXN474685,74,MALE,Current,Houston,12/26/22,02/06/2023,570.53, USD,311.24,withdrawal,682,5956.22,active,NO,accountant,-3258.25,john.wilson@bank.org,KYC documents pending
CUST-2526,TXN362534,26,female,checking,CHI,16/02/2024,2024-04-22,2843.3,usd,878.34,Deposit,599,12485.87,ACTIVE,yes,Docter,466.49,,
CUST-1860,TXN474698,73,FEMALE,Checking,los angeles,11/11/18,06/06/2024,18532.7,USD ,4720.47,Wire Transfer,719,,active,YES,teachr,18664.3,alex.miller@outlook.com,
CUST-1342,TXN869603,64,Male,FD,N.Y.,01-07-2021,30/08/2022,1956.65,eur,-17.19,DEPOSIT,642,3015.16,Closed,NO,Docter,-1851.73,pat.jackson@outlook.com,Customer flagged for review
CUST-1984,TXN543182,44,Male,SAVINGS,LA,05/22/22,10/04/2024,18213.39,USD,1893.97,Deposit,565,9193.64,Active,,Engineer,6023.7,lee.smith@outlook.com,Account dormant >6 months
CUST-1720,TXN975056,42,male,Savings,LA,06-19-2019,2022-06-24,1242.15,NGN,275.09,DEPOSIT,528,477.16,ACTIVE,no,teachr,147.94,morgan.smith@outlook.com,Transaction verified by branch LA
CUST-1637,TXN293180,64,M,savings,new york,2018-04-17,2018-05-19,1168.51,USD,466.63,withdrawal,601,892.86,Defaulted,YES,,6450.35,taylor.smith@gmail.com,Auto-debit 
CUST-1014,TXN691364,47,female,fixed deposit,Los Angeles,2019-11-02,2019-12-24,22796.45,gbp,8200.46,DEPOSIT,730,,Active,yes,engpnr,28244.78,mike.moore@outlook.com,
CUST-2781,TXN421700,70,F,FD,LA,2020-06-06,25/02/2023,304.95,GBP,210.72,atm,619,9721.53,ACTIVE,YES,Lawyer,-4815.67,lee.davis@yahoo.com,Customer flagged for review
CUST-1840,TXN342584,0,male,CHECKING,Los Angeles,2022-09-11,2022-11-07,94415.27,GBP,5657.35,Deposit,750,25500.18,closed,YES,,147820.11,chris.davis@outlook.com,Loan disbursed to account
CUST-2500,TXN858067,53,M,CHECKING,Los Angeles,03/27/19,03/08/2020,1198.84,NGN,382.34,withdrawal,761,37765.16,Defaulted,yes,teachr,9160.87,lee.brown@bank.org,Loan disbursed to account
CUST-2485,TXN141236,49,MALE,Fixed Deposit,Chicago,02/20/23,06/13/2024,4915.04,usd,1882.85,Deposit,610,-334.55,closed,NO,,9326.24,lee.moore@bank.org,Auto-debit setup confirmed
CUST-2259,TXN535907,66,Female,SAVINGS,Los Angeles,01/01/2022,31/05/2023,5167.9, USD,1656.81,wire transfer,719,,Active,YES,accountant,8670.52,pat.moore@outlook.com,Loan disbursed to account
CUST-2796,TXN896180,24,female,Current,Houston,02-08-2018,2022-08-30,1557.82,USD,558.58,DEPOSIT,630,16901.07,Active,yes,Teacher,2309.33,chris.moore@outlook.com,Auto-debit setup confirmed
CUST-1434,TXN918691,67,female,SAVINGS,,10/02/2020,03/16/2020,344.67,eur,328.74,ATM,596,,Default,NO,enginr,5877.52,morgan.moore@gmail.com,Auto-debit setup confirmed
CUST-1284,TXN329177,67,Female,fixed deposit,Chicago,01/24/19,08/08/2022,7887.74,NGN,2501.09,Wire Transfer,661,-88.81,DEFAULT,Yes,Engineer,12540.27,sara.jackson@bank.org,Auto-debit setup confirmed
CUST-1923,TXN501459,67,F,FD,los angeles,00/13/2019,30/12/2022,3110.96,GBP,452.63,Transfer,1200,5882.29,Active,yes,LAWYER,11704.66,janejacksongmail.com,Account dormant >6 months
CUST-2041,TXN156001,68,Female,Savings,new york,25-Jul-2023,08/11/2023,26322.43,USD ,11962.77,ATM,602,6007.83,DEFAULT,YES,Teacher,33957.38,john.taylor@gmail.com,KYC documents pending
CUST-1384,TXN193186,57,F,checking,Los Angeles,06-Jan-2019,10/20/2021,8241.1,gbp,3441.38,Wire Transfer,822,4421.72,Closed,YES,LAWYER,14847.5,jane.jones@bank.org,Auto-debit setup confirmed
CUST-1240,TXN391427,23,FEMALE,Checking,N.Y.,2023-07-02,19/03/2024,476.66,eur,314.59,wire transfer,630,5570.16,Closed,NO,teachr,4041.24,mike.jackson@outlook.com,Account dormant >6 months
CUST--6553,TXN347565,55,F,checking,CHI,03/27/22,2022-07-12,4159.71,GBP,682.2,wire transfer,750,3312.28,DEFAULT,yes,LAWYER,4814.29,lee.moore@yahoo.com,
CUST-2951,TXN900225,25,F,fixed deposit,Chicago,2019-01-04,09/12/2021,1529.32, USD,890.33,ATM,721,6942.04,Active,Yes,LAWYER,-7984.5,jane.jones@yahoo.com,Transaction verified by branch Chicago
CUST-2818,TXN800574,40,Male,checking,N.Y.,03-03-2018,2021-08-22,8679.53,GBP,2209.75,atm,681,3070.91,Defaulted,no,LAWYER,0,mike.brown@outlook.com,Transaction verified by branch N.Y.
CUST-1141,TXN140804,39,FEMALE,FD,Chicago,07-28-2021,04/01/2023,6913.12, USD,2686.55,Deposit,734,2043.32,Active,YES,accountant,-611.28,taylor.moore@gmail.com,Customer flagged for review
CUST-1879,TXN580700,73,female,Fixed Deposit,Phoenix,2021-08-24,2024-06-16,623.99, USD,4.26,withdrawal,687,4672.49,ACTIVE,YES,Teacher,1951.47,mike.wilson@yahoo.com,Transact
CUST-2986,TXN401594,37,Female,CHECKING,Houston,10-01-2023,05/08/2024,2558.02, USD,421.0,atm,735,20722.38,ACTIVE,yes,Engineer,2398.85,sara.anderson@bank.org,
CUST-2785,TXN192199,55,M,SAVINGS,CHI,2022-12-25,2023-10-17,919.43,NGN,104.48,Deposit,739,,DEFAULT,yes,Teacher,8682.07,chris.jackson@yahoo.com,Account dormant >6 months
CUST-1073,TXN524068,44,,CHECKING,Chicago,2023-02-28,05/05/2024,3932.19,gbp,853.85,Wire Transfer,712,2352.07,active,YES,Teacher,-1395.76,jane.brown@bank.org,
CUST-1281,TXN578472,71,male,savings,LA,05-Nov-2022,05/11/2023,1344.39,gbp,-55.68,Transfer,733,16024.78,active,YES,enginr,10381.94,alex.wilson@gmail.com,
CUST-1734,TXN531652,23,FEMALE,Savings,LA,11-Oct-2023,11/15/2023,3679.53,USD ,-205.17,wire transfer,560,6728.81,ACTIVE,,teachr,0,mike.miller@bank.org,Loan disbursed to account
CUST-1204,TXN753004,,Male,Savings,Chicago,2021-03-01,08/15/2023,-99999,NGN,-500,withdrawal,580,,Closed,No,Docter,-177214.7,john.jones@bank.org,
CUST-1160,TXN906233,50,female,Fixed Deposit,new york,17-Jan-2019,2022-12-15,10661.59, USD,5235.7,ATM,594,19922.4,DEFAULT,,toachr,12488.71,mike.davis@outlook.com,Account dormant >6 months
CUST-2207,TXN262079,-5,,Checking,N.Y.,09-Oct-2022,22/03/2024,9040.89,USD ,2815.39,Deposit,470,,Defaulted,no,Dzcter,14458.06,taylor.jackson@gmail.com,
CUST-1590,TXN131657,19,female,savings,los angeles,30/12/2018,2019-01-03,1603.27,usd,763.0,Withdrawal,572,-966.94,Default,Yes,Teacher,-1899.84,sara.miller@yahoo.com,Account dormant >6 months
CUST-1415,TXN244207,28,M,Fixed Deposit,N.Y.,13-Dec-2020,12/27/2021,1431.85, USD,-67.57,wire transfer,good,,Default,yes,Lawyer,-7992.95,morgan.jones@yahoo.com,Customer flagged for review
CUST-2574,TXN750085,64,Male,fixed deposit,New York,04-13-2018,05/04/2021,9059.88,usd,1605.25,wire transfer,702,5511.03,active,Yes,Accountant,-1690.07,chris.anderson@outlook.com,Customer flagged for review
CUST-3132,TXN702654,65,Male,Savings,new york,18/07/2023,08/04/2023,1844.82,USD,1151.34,DEPOSIT,675,,ACTIVE,no,Doctor,11395.47,alex.miller@outlook.com,Customer flagged for review
CUST-1481,TXN396788,42,F,fixed deposit,,01/30/23,2023-04-06,-1,eur,354.98,Wire Transfer,554,20315.8,Active,No,Docter,5001.12,alex.moore@bank.org,Customer flagged for review
CUST-1522,TXN858068,31,male,savings,Los Angeles,27-May-2024,07/06/2024,3762.3,USD,758.21,Wire Transfer,580,4195.99,Default,,Accountant,5551.22,taylor.wilson@yahoo.com,Account dormant >6 months
CUST-2931,TXN680335,55,MALE,Checking,LA,03/10/24,04/13/2024,1894.28,USD,639.07,Transfer,575,2763.09,Default,yes,Lawyer,-2998.41,pat.miller@outlook.com,Auto-debit setup confirmed
CUST-1545,TXN267642,43,Female,SAVINGS,New York,2023-08-22,22/05/2024,6881.12,GBP,3170.52,Withdrawal,669,,Default,,enginr,14610.71,chris.jones@gmail.com,
CUST-1763,TXN827398,19,M,fixed deposit,N.Y.,2021-04-07,2023-08-13,1357.4,eur,452.52,Deposit,707,-573.84,ACTIVE,yes,enginr,-3768.67,,KYC documents pending
CUST-2124,TXN433024,25,Male,Fixed Deposit,Los Angeles,29-Jan-2018,06/08/2018,2639.73,EUR,761.97,Deposit,483,1859.31,Default,No,Doctor,-3138.42,jane.jackson@outlook.com,Transaction verified by branch Los Angeles
CUST-1726,TXN333623,73,Male,fixed deposit,CHI,2020-07-16,02/03/2024,4172.73,NGN,1372.96,Deposit,486,-934.25,closed,No,Teacher,12958.25,alex.jackson@bank.org,Loan disbursed to account
CUST-2581,TXN289013,33,Male,checking,CHI,27-Dec-2020,01/30/2024,8352.26,usd,1352.95,atm,,6104.91,,no,LAWYER,1871.69,jane.jackson@bank.org,Transaction verified by branch CHI
CUST-2612,TXN682436,30,Female,fixed deposit,CHI,2022-07-14,12/10/2022,2821.8,eur,-117.97,withdrawal,651,-458.39,,Yes,Lawyer,10996.41,lee.davis@outlook.com,Loan disbursed to account
CUST-2212,TXN802821,34,Female,SAVINGS,N.Y.,05/09/2023,02/05/2024,174.31, USD,135.2,Deposit,554,5446.22,ACTIVE,NO,teachr,2966.17,taylor.anderson@yahoo.com,KYC documents pending
CUST-2607,TXN891728,,Male,SAVINGS,Los Angeles,10-25-2019,2024-06-11,160.81,NGN,-187.13,withdrawal,773,-43.96,active,yes,accountant,-4360.9,lee.taylor@yahoo.com,
CUST-2584,TXN166903,71,MALE,CHECKING,new york,28/06/2020,25/09/2020,324.15,gbp,127.91,Transfer,655,18274.84,Default,YES,Docter,-3809.31,alex.smith@outlook.com,
CUST--6966,TXN856169,73,MALE,savings,new york,2023-08-15,2024-02-24,2292.87, USD,415.55,Withdrawal,692,3299.52,Closed,yes,Engineer,2871.72,sara.miller@gmail.com,Customer flagged for review
CUST-2421,TXN753001,24,male,Fixed Deposit,,04/12/21,2022-02-12,27277.53,NGN,12433.93,Withdrawal,631,2599.22,Defaulted,No,Accountant,31063.86,morgan.davis@outlook.com,Loan disbursed to account
CUST-3005,TXN900517,53,F,FD,CHI,2023-03-23,05/01/2023,850.81,eur,130.2,wire transfer,GOOD,6300.9,closed,yes,Teacher,-8767.75,pat.wilson@bank.org,
CUST-2219,TXN327258,53,F,fixed deposit,Chicago,08/05/2024,13/06/2024,1776.29,usd,620.38,Transfer,600,,closed,No,LAWYER,8715.78,mike.davis@yahoo.com,Loan disbursed to account
CUST-1057,TXN371782,71,FEMALE,checking,los angeles,03-16-2021,12/30/2022,12051.21,NGN,4050.51,Withdrawal,625,11285.38,Defaulted,,,23929.58,pat.anderson@yahoo.com,KYC documents pending
CUST-1214,TXN534152,37,male,SAVINGS,Los Angeles,04/18/18,11/18/2020,4946.34,USD,1634.94,atm,610,5257.66,DEFAULT,Yes,Engineer,9101.3,sara.jones@bank.org,
CUST-1943,TXN406397,62,female,SAVINGS,los angeles,2018-09-10,12/05/2023,2514.37,eur,566.66,ATM,748,2887.21,Closed,Yes,Accountlnt,7041.14,john.moore@bank.org,
CUST-2552,TXN863116,38,Male,FD,Los Angeles,10-31-2023,2023-11-02,3035.87,GBP,1030.64,withdrawal,,2557.83,Default,Yes,accountant,9772.58,morgan.taylor@gmail.com,Customer flagg
CUST-2855,TXN796302,43,Male,Savings,los angeles,2019-08-03,04/05/2021,1558.61,GBP,506.2,Transfer,575,29390.7,ACTIVE,YES,Accountant,-1015.63,john.miller@outlook.com,Customer flagged for review
CUST-3073,TXN144148,54,Female,Checking,los angeles,15/01/2018,03/27/2022,16717.83,USD ,6237.92,withdrawal,682,14486.89,Default,no,Lawyer,5121.82,alex.brown@,
CUST-2888,TXN652047,58,Male,CHECKING,Chicago,2023-11-25,03/21/2024,5816.87,usd,499.62,Wire Transfer,521,2633.0,Defaulted,no,Lawyer,-50000,,Loan disbursed to account
CUST-1873,TXN154181,67,FEMALE,CHECKING,CHI,04/20/18,05/26/2024,-1,USD,20.59,ATM,813,10693.15,ACTIVE,YES,,-111.82,taylor.jackson@outlook.com,Account dormant >6 months
CUST-3079,TXN282348,68,Male,Current,Chicago,26/07/2021,01/12/2024,1516.94,USD ,324.76,DEPOSIT,731,2510.33,ACTIVE,Yes,enginr,6750.73,lee.moore@outlook.com,
CUST-1790,TXN681744,,M,CHECKING,LA,13-Feb-2023,2023-03-27,32398.68,NGN,12032.08,atm,639,4820.36,ACTIVE,No,accountant,24576.77,alex.moore@gmail.com,Loan disbursed to account
CUST-3046,TXN843516,74,FEMALE,Savings,Houston,11/14/21,12/26/2021,9624.21,GBP,1680.17,ATM,733,6624.83,Defaulted,no,Engineer,,sara.taylor@yahoo.com,KYC doc
CUST-1890,TXN864504,49,MALE,fixed deposit,new york,2022-07-31,12/08/2022,19081.62,GBP,4452.79,Transfer,572,,Active,Yes,Accountant,14598.96,lee.brown@gmail.com,KYC documents pending
CUST-1269,TXN382234,55,F,savings,Phoenix,01/01/2023,27/05/2024,26372.49,NGN,13312.31,atm,608,5323.11,ACTIVE,Yes,teachr,51302.07,sara.jackson@yahoo.com,Customer flagged for review
CUST-2284,TXN701535,51,Male,savings,LA,09/20/21,04/21/2024,24015.59,USD ,3117.88,wire transfer,634,2857.57,Default,Yes,accountant,31109.9,mike.brown@,Customer flagged for review
CUST-2653,TXN116885,74,F,Current,Phoenix,31/02/2020,05/24/2022,593.71,GBP,17.23,DEPOSIT,480,-387.27,Closed,NO,LAWYER,-2895.87,sara.smith@gmail.com,Loan disbursed to account
CUST-1850,TXN973673,48,Male,SAVINGS,CHI,12/11/2018,15/11/2022,675.24,eur,85.7,Withdrawal,,,closed,Yes,enginr,2336.07,alex.jones@bank.org,Transaction verified by branch CHI
CUST-2919,TXN689753,64,Female,Savings,CHI,02-Feb-2024,02/03/2024,1678.7,gbp,386.42,Deposit,611,20818.51,active,no,Doctor,5171.99,,
cust2534,TXN925782,47,FEMALE,Current,Houston,02/09/23,2023-02-22,354.58,USD ,157.51,withdrawal,708,15045.89,DEFAULT,Yes,Doctor,-2886.73,lee.taylor@outlook.com,Transaction verified by branch Houston
cust2289,TXN173546,33,female,Checking,Los Angeles,08/18/23,2024-03-09,130.25,usd,-72.04,DEPOSIT,647,,ACTIVE,Yes,Docter,-4541.26,pat.moore@gmail.com,Auto-debit setup confirmed
CUST-1907,TXN333662,28,MALE,CHECKING,CHI,2023-10-27,04/25/2024,48206.78,eur,17003.48,ATM,622,1617.17,DEFAULT,YES,Lawyer,72144.89,chris.jackson@gmail.com,KYC documents pending
CUST-2183,TXN897970,72,FEMALE,savings,new york,04/11/21,2023-09-05,259.69,gbp,452.68,ATM,,3718.15,Active,YES,Accountant,1723.07,mike.miller@outlook.com,
CUST-2144,TXN322799,68,Male,Fixed Deposit,N.Y.,09/02/18,12/28/2020,4599.83,usd,1908.73,Transfer,632,14906.1,Active,NO,enginr,-3067.2,john.moore@gmail.com,Transactio
CUST-2548,TXN450516,,Male,savings,new york,10/03/19,12/18/2023,4749.09,USD ,434.81,Deposit,557,11186.97,Defaulted,No,Teacher,,john.miller@yahoo.com,Customer flagged for review
CUST-1752,TXN360811,18,male,Checking,New York,21-Nov-2022,10/03/2024,1051.63, USD,186.1,Deposit,509,,Defaulted,No,Accountant,1138.22,pat.jackson@gmail.com,Loan disbursed to account
CUST-2766,TXN201240,59,M,savings,Houston,06/05/2022,2022-08-27,1348.33,USD ,791.6,DEPOSIT,533,10251.05,Active,no,Teacher,-7604.26,chris.smith@gmail.com,Customer flagged for review
CUST-2339,TXN816074,,FEMALE,CHECKING,New York,2022-11-29,04/26/2023,3989.82,USD,19.09,atm,727,10398.85,Defaulted,YES,LAWYER,8168.87,lee.wilson@yahoo.com,
CUST-1344,TXN858862,70,Female,Savings,CHI,01-Feb-2023,07/31/2023,12224.0,EUR,506.14,Wire Transfer,632,14045.43,ACTIVE,Yes,Engineer,3203.59,taylor.jackson@yahoo.com,KYC documents pending
CUST-2487,TXN350839,22,F,Savings,Phoenix,24-Jan-2019,2020-03-29,791.71, USD,198.87,Deposit,595,14987.09,ACTIVE,Yes,Docter,,sara.taylor@bank.org,Auto-debit setup confirmed
CUST-3122,TXN169072,53,F,Savings,,23-Apr-2018,07/09/2018,889.12,NGN,141.4,Withdrawal,635,1747.38,Closed,no,Lawyer,-6850.12,pat.taylor@outlook.com,
CUST-1159,TXN560398,25,F,fixed deposit,new york,10-20-2022,19/05/2023,4543.66,eur,1249.74,withdrawal,633,4949.29,Closed,no,Accountant,344.84,sara.moore@outlook.com,
CUST-2345,TXN561759,66,MALE,SAVINGS,Phoenix,28-Dec-2023,05/28/2024,2989.81,gbp,1444.96,Transfer,542,3425.32,Active,,LAWYER,0,lee.taylor@gmail.com,Auto-debit setup confirmed
CUST-1276,TXN216359,31,F,CHECKING,Chicago,12/11/2022,25/03/2023,6045.83,gbp,891.93,DEPOSIT,700,9926.1,Default,yes,LAWYER,-4928.27,taylor.jones@outlook.com,
CUST-1549,TXN791300,58,Male,savings,N.Y.,02/13/21,2022-08-19,3011.52,eur,1035.26,Wire Transfer,621,6765.61,,NO,Doctor,11969.65,john.wilson@gmail.com,Loan disbursed to account
CUST-1155,TXN936433,62,MALE,savings,Phoenix,24-Sep-2019,2020-02-22,3626.82,USD ,1274.17,wire transfer,535,25930.2,Closed,NO,accounyant,1792.42,sara.anderson@yahoo.com,
CUST-3072,TXN963909,37,F,fixed deposit,New York,01/02/2019,04/08/2020,1793.63,USD ,506.65,withdrawal,537,1750.05,closed,NO,Engineer,3115.03,jane.miller@yahoo.com,
CUST-2192,TXN960333,19,Female,FD,Phoenix,2020-11-16,2024-02-24,2179.82,USD ,274.08,Deposit,718,14094.92,DEFAULT,YES,Engineer,2602.5,alex.moore@outlook.com,KYC documents pending
CUST-2868,TXN794409,20,Female,CHECKING,New York,11-May-2024,05/21/2024,5690.28,USD,1706.33,atm,600,,Active,NO,Doctor,,pat.smith@bank.org,Auto-debit setup confirmed
CUST-2837,TXN111038,70,Male,SAVINGS,New York,10-12-2018,29/06/2021,766.09, USD,-236.17,wire transfer,607,3765.54,closed,No,Doctor,839.54,john.miller@yahoo.com,KYC documents pending
CUST-2309,TXN811338,38,M,FD,New York,29-Mar-2018,04/15/2018,1149.05,NGN,73.43,Wire Transfer,678,3259.58,Default,yes,Doctor,8220.84,taylor.smith@gmail.com,Auto-debit setup confirmed
CUST-1741,TXN137964,52,female,Checking,Chicago,11/06/2022,02/04/2023,5342.6,USD ,1467.77,withdrawal,634,3805.52,ACTIVE,,Lawyer,15214.43,lee.smith@yahoo.com,Account dormant >6 months
